product_id,product_name,category,image_path,source_url,width,height
JW_000001,Img 000000,jewellery,data/catalogue/JW_000001.jpg,https://huggingface.co/datasets/sidd707/jewelry-design-dataset/img_000000.jpg,500,473
JW_000002,Img 000001,jewellery,data/catalogue/JW_000002.jpg,https://huggingface.co/datasets/sidd707/jewelry-design-dataset/img_000001.jpg,256,256
JW_000003,Img 000002,jewellery,data/catalogue/JW_000003.jpg,https://huggingface.co/datasets/sidd707/jewelry-design-dataset/img_000002.jpg,256,256
JW_000004,Img 000003,jewellery,data/catalogue/JW_000004.jpg,https://huggingface.co/datasets/sidd707/jewelry-design-dataset/img_000003.jpg,256,256
JW_000005,Img 000004,jewellery,data/catalogue/JW_000005.jpg,https://huggingface.co/datasets/sidd707/jewelry-design-dataset/img_000004.jpg,256,256
JW_000006,Img 000005,jewellery,data/catalogue/JW_000006.jpg,https://huggingface.co/datasets/sidd707/jewelry-design-dataset/img_000005.jpg,256,256
JW_000007,Img 000006,jewellery,data/catalogue/JW_000007.jpg,https://huggingface.co/datasets/sidd707/jewelry-design-dataset/img_000006.jpg,256,256
JW_000008,Img 000007,jewellery,data/catalogue/JW_000008.jpg,https://huggingface.co/datasets/sidd707/jewelry-design-dataset/img_000007.jpg,256,256
JW_000009,Img 000008,jewellery,data/catalogue/JW_000009.jpg,https://huggingface.co/datasets/sidd707/jewelry-design-dataset/img_000008.jpg,256,256
JW_000010,Img 000009,jewellery,data/catalogue/JW_000010.jpg,https://huggingface.co/datasets/sidd707/jewelry-design-dataset/img_000009.jpg,256,256
JW_000011,Img 000010,jewellery,data/catalogue/JW_000011.jpg,https://huggingface.co/datasets/sidd707/jewelry-design-dataset/img_000010.jpg,256,256
JW_000012,Img 000011,jewellery,data/catalogue/JW_000012.jpg,https://huggingface.co/datasets/sidd707/jewelry-design-dataset/img_000011.jpg,256,256
JW_000013,Img 000012,jewellery,data/catalogue/JW_000013.jpg,https://huggingface.co/datasets/sidd707/jewelry-design-dataset/img_000012.jpg,256,256
JW_000014,Img 000014,jewellery,data/catalogue/JW_000015.jpg,https://huggingface.co/datasets/sidd707/jewelry-design-dataset/img_000014.jpg,256,256
JW_000015,Img 000015,jewellery,data/catalogue/JW_000016.jpg,https://huggingface.co/datasets/sidd707/jewelry-design-dataset/img_000015.jpg,256,256
JW_000016,Img 000016,jewellery,data/catalogue/JW_000017.jpg,https://huggingface.co/datasets/sidd707/jewelry-design-dataset/img_000016.jpg,740,740
JW_000017,Img 000018,jewellery,data/catalogue/JW_000019.jpg,https://huggingface.co/datasets/sidd707/jewelry-design-dataset/img_000018.jpg,256,256
JW_000018,Img 000019,jewellery,data/catalogue/JW_000020.jpg,https://huggingface.co/datasets/sidd707/jewelry-design-dataset/img_000019.jpg,256,256
JW_000019,Img 000020,jewellery,data/catalogue/JW_000021.jpg,https://huggingface.co/datasets/sidd707/jewelry-design-dataset/img_000020.jpg,1000,1000
JW_000020,Img 000022,jewellery,data/catalogue/JW_000023.jpg,https://huggingface.co/datasets/sidd707/jewelry-design-dataset/img_000022.jpg,256,256
JW_000021,Img 000023,jewellery,data/catalogue/JW_000024.jpg,https://huggingface.co/datasets/sidd707/jewelry-design-dataset/img_000023.jpg,256,256
JW_000022,Img 000024,jewellery,data/catalogue/JW_000025.jpg,https://huggingface.co/datasets/sidd707/jewelry-design-dataset/img_000024.jpg,256,256
JW_000023,Img 000025,jewellery,data/catalogue/JW_000026.jpg,https://huggingface.co/datasets/sidd707/jewelry-design-dataset/img_000025.jpg,256,256
JW_000024,Img 000026,jewellery,data/catalogue/JW_000027.jpg,https://huggingface.co/datasets/sidd707/jewelry-design-dataset/img_000026.jpg,256,256
JW_000025,Img 000027,jewellery,data/catalogue/JW_000028.jpg,https://huggingface.co/datasets/sidd707/jewelry-design-dataset/img_000027.jpg,256,256
JW_000026,Img 000028,jewellery,data/catalogue/JW_000029.jpg,https://huggingface.co/datasets/sidd707/jewelry-design-dataset/img_000028.jpg,256,256
JW_000027,Img 000029,jewellery,data/catalogue/JW_000030.jpg,https://huggingface.co/datasets/sidd707/jewelry-design-dataset/img_000029.jpg,256,256
JW_000028,Img 000030,jewellery,data/catalogue/JW_000031.jpg,https://huggingface.co/datasets/sidd707/jewelry-design-dataset/img_000030.jpg,256,256
JW_000029,Img 000031,jewellery,data/catalogue/JW_000032.jpg,https://huggingface.co/datasets/sidd707/jewelry-design-dataset/img_000031.jpg,256,256
JW_000030,Img 000032,jewellery,data/catalogue/JW_000033.jpg,https://huggingface.co/datasets/sidd707/jewelry-design-dataset/img_000032.jpg,256,256
JW_000031,Img 000033,jewellery,data/catalogue/JW_000034.jpg,https://huggingface.co/datasets/sidd707/jewelry-design-dataset/img_000033.jpg,256,256
JW_000032,Img 000034,jewellery,data/catalogue/JW_000035.jpg,https://huggingface.co/datasets/sidd707/jewelry-design-dataset/img_000034.jpg,256,256
JW_000033,Img 000035,jewellery,data/catalogue/JW_000036.jpg,https://huggingface.co/datasets/sidd707/jewelry-design-dataset/img_000035.jpg,256,256
JW_000034,Img 000036,jewellery,data/catalogue/JW_000037.jpg,https://huggingface.co/datasets/sidd707/jewelry-design-dataset/img_000036.jpg,256,256
JW_000035,Img 000037,jewellery,data/catalogue/JW_000038.jpg,https://huggingface.co/datasets/sidd707/jewelry-design-dataset/img_000037.jpg,256,256
JW_000036,Img 000038,jewellery,data/catalogue/JW_000039.jpg,https://huggingface.co/datasets/sidd707/jewelry-design-dataset/img_000038.jpg,256,256
JW_000037,Img 000039,jewellery,data/catalogue/JW_000040.jpg,https://huggingface.co/datasets/sidd707/jewelry-design-dataset/img_000039.jpg,256,256
JW_000038,Img 000041,jewellery,data/catalogue/JW_000042.jpg,https://huggingface.co/datasets/sidd707/jewelry-design-dataset/img_000041.jpg,256,256
JW_000039,Img 000042,jewellery,data/catalogue/JW_000043.jpg,https://huggingface.co/datasets/sidd707/jewelry-design-dataset/img_000042.jpg,256,256
JW_000040,Img 000043,jewellery,data/catalogue/JW_000044.jpg,https://huggingface.co/datasets/sidd707/jewelry-design-dataset/img_000043.jpg,256,256
JW_000041,Img 000044,jewellery,data/catalogue/JW_000045.jpg,https://huggingface.co/datasets/sidd707/jewelry-design-dataset/img_000044.jpg,256,256
JW_000042,Img 000045,jewellery,data/catalogue/JW_000046.jpg,https://huggingface.co/datasets/sidd707/jewelry-design-dataset/img_000045.jpg,256,256
JW_000043,Img 000046,jewellery,data/catalogue/JW_000047.jpg,https://huggingface.co/datasets/sidd707/jewelry-design-dataset/img_000046.jpg,1024,1024
JW_000044,Img 000047,jewellery,data/catalogue/JW_000048.jpg,https://huggingface.co/datasets/sidd707/jewelry-design-dataset/img_000047.jpg,256,256
JW_000045,Img 000048,jewellery,data/catalogue/JW_000049.jpg,https://huggingface.co/datasets/sidd707/jewelry-design-dataset/img_000048.jpg,256,256
JW_000046,Img 000049,jewellery,data/catalogue/JW_000050.jpg,https://huggingface.co/datasets/sidd707/jewelry-design-dataset/img_000049.jpg,256,256
JW_000047,Img 000050,jewellery,data/catalogue/JW_000051.jpg,https://huggingface.co/datasets/sidd707/jewelry-design-dataset/img_000050.jpg,256,256
JW_000048,Img 000051,jewellery,data/catalogue/JW_000052.jpg,https://huggingface.co/datasets/sidd707/jewelry-design-dataset/img_000051.jpg,256,256
JW_000049,Img 000053,jewellery,data/catalogue/JW_000054.jpg,https://huggingface.co/datasets/sidd707/jewelry-design-dataset/img_000053.jpg,256,256
JW_000050,Img 000054,jewellery,data/catalogue/JW_000055.jpg,https://huggingface.co/datasets/sidd707/jewelry-design-dataset/img_000054.jpg,256,256
JW_000051,Img 000056,jewellery,data/catalogue/JW_000057.jpg,https://huggingface.co/datasets/sidd707/jewelry-design-dataset/img_000056.jpg,256,256
JW_000052,Img 000057,jewellery,data/catalogue/JW_000058.jpg,https://huggingface.co/datasets/sidd707/jewelry-design-dataset/img_000057.jpg,256,256
JW_000053,Img 000058,jewellery,data/catalogue/JW_000059.jpg,https://huggingface.co/datasets/sidd707/jewelry-design-dataset/img_000058.jpg,256,256
JW_000054,Img 000059,jewellery,data/catalogue/JW_000060.jpg,https://huggingface.co/datasets/sidd707/jewelry-design-dataset/img_000059.jpg,256,256
JW_000055,Img 000061,jewellery,data/catalogue/JW_000062.jpg,https://huggingface.co/datasets/sidd707/jewelry-design-dataset/img_000061.jpg,256,256
JW_000056,Img 000062,jewellery,data/catalogue/JW_000063.jpg,https://huggingface.co/datasets/sidd707/jewelry-design-dataset/img_000062.jpg,256,256
JW_000057,Img 000063,jewellery,data/catalogue/JW_000064.jpg,https://huggingface.co/datasets/sidd707/jewelry-design-dataset/img_000063.jpg,256,256
JW_000058,Img 000064,jewellery,data/catalogue/JW_000065.jpg,https://huggingface.co/datasets/sidd707/jewelry-design-dataset/img_000064.jpg,256,256
JW_000059,Img 000065,jewellery,data/catalogue/JW_000066.jpg,https://huggingface.co/datasets/sidd707/jewelry-design-dataset/img_000065.jpg,256,256
JW_000060,Img 000066,jewellery,data/catalogue/JW_000067.jpg,https://huggingface.co/datasets/sidd707/jewelry-design-dataset/img_000066.jpg,256,256
JW_000061,Img 000067,jewellery,data/catalogue/JW_000068.jpg,https://huggingface.co/datasets/sidd707/jewelry-design-dataset/img_000067.jpg,256,256
JW_000062,Img 000068,jewellery,data/catalogue/JW_000069.jpg,https://huggingface.co/datasets/sidd707/jewelry-design-dataset/img_000068.jpg,256,256
JW_000063,Img 000069,jewellery,data/catalogue/JW_000070.jpg,https://huggingface.co/datasets/sidd707/jewelry-design-dataset/img_000069.jpg,256,256
JW_000064,Img 000070,jewellery,data/catalogue/JW_000071.jpg,https://huggingface.co/datasets/sidd707/jewelry-design-dataset/img_000070.jpg,256,256
JW_000065,Img 000071,jewellery,data/catalogue/JW_000072.jpg,https://huggingface.co/datasets/sidd707/jewelry-design-dataset/img_000071.jpg,256,256
JW_000066,Img 000072,jewellery,data/catalogue/JW_000073.jpg,https://huggingface.co/datasets/sidd707/jewelry-design-dataset/img_000072.jpg,256,256
JW_000067,Img 000074,jewellery,data/catalogue/JW_000075.jpg,https://huggingface.co/datasets/sidd707/jewelry-design-dataset/img_000074.jpg,256,256
JW_000068,Img 000075,jewellery,data/catalogue/JW_000076.jpg,https://huggingface.co/datasets/sidd707/jewelry-design-dataset/img_000075.jpg,600,600
JW_000069,Img 000076,jewellery,data/catalogue/JW_000077.jpg,https://huggingface.co/datasets/sidd707/jewelry-design-dataset/img_000076.jpg,256,256
JW_000070,Img 000077,jewellery,data/catalogue/JW_000078.jpg,https://huggingface.co/datasets/sidd707/jewelry-design-dataset/img_000077.jpg,256,256
JW_000071,Img 000078,jewellery,data/catalogue/JW_000079.jpg,https://huggingface.co/datasets/sidd707/jewelry-design-dataset/img_000078.jpg,256,256
JW_000072,Img 000080,jewellery,data/catalogue/JW_000081.jpg,https://huggingface.co/datasets/sidd707/jewelry-design-dataset/img_000080.jpg,256,256
JW_000073,Img 000081,jewellery,data/catalogue/JW_000082.jpg,https://huggingface.co/datasets/sidd707/jewelry-design-dataset/img_000081.jpg,256,256
JW_000074,Img 000082,jewellery,data/catalogue/JW_000083.jpg,https://huggingface.co/datasets/sidd707/jewelry-design-dataset/img_000082.jpg,256,256
JW_000075,Img 000083,jewellery,data/catalogue/JW_000084.jpg,https://huggingface.co/datasets/sidd707/jewelry-design-dataset/img_000083.jpg,256,256
JW_000076,Img 000084,jewellery,data/catalogue/JW_000085.jpg,https://huggingface.co/datasets/sidd707/jewelry-design-dataset/img_000084.jpg,256,256
JW_000077,Img 000085,jewellery,data/catalogue/JW_000086.jpg,https://huggingface.co/datasets/sidd707/jewelry-design-dataset/img_000085.jpg,256,256
JW_000078,Img 000086,jewellery,data/catalogue/JW_000087.jpg,https://huggingface.co/datasets/sidd707/jewelry-design-dataset/img_000086.jpg,256,256
JW_000079,Img 000087,jewellery,data/catalogue/JW_000088.jpg,https://huggingface.co/datasets/sidd707/jewelry-design-dataset/img_000087.jpg,256,256
JW_000080,Img 000089,jewellery,data/catalogue/JW_000090.jpg,https://huggingface.co/datasets/sidd707/jewelry-design-dataset/img_000089.jpg,256,256
JW_000081,Img 000090,jewellery,data/catalogue/JW_000091.jpg,https://huggingface.co/datasets/sidd707/jewelry-design-dataset/img_000090.jpg,256,256
JW_000082,Img 000091,jewellery,data/catalogue/JW_000092.jpg,https://huggingface.co/datasets/sidd707/jewelry-design-dataset/img_000091.jpg,256,256
JW_000083,Img 000092,jewellery,data/catalogue/JW_000093.jpg,https://huggingface.co/datasets/sidd707/jewelry-design-dataset/img_000092.jpg,256,256
JW_000084,Img 000093,jewellery,data/catalogue/JW_000094.jpg,https://huggingface.co/datasets/sidd707/jewelry-design-dataset/img_000093.jpg,256,256
JW_000085,Img 000094,jewellery,data/catalogue/JW_000095.jpg,https://huggingface.co/datasets/sidd707/jewelry-design-dataset/img_000094.jpg,256,256
JW_000086,Img 000095,jewellery,data/catalogue/JW_000096.jpg,https://huggingface.co/datasets/sidd707/jewelry-design-dataset/img_000095.jpg,256,256
JW_000087,Img 000096,jewellery,data/catalogue/JW_000097.jpg,https://huggingface.co/datasets/sidd707/jewelry-design-dataset/img_000096.jpg,256,256
JW_000088,Img 000097,jewellery,data/catalogue/JW_000098.jpg,https://huggingface.co/datasets/sidd707/jewelry-design-dataset/img_000097.jpg,256,256
JW_000089,Img 000098,jewellery,data/catalogue/JW_000099.jpg,https://huggingface.co/datasets/sidd707/jewelry-design-dataset/img_000098.jpg,256,256
JW_000090,Img 000100,jewellery,data/catalogue/JW_000101.jpg,https://huggingface.co/datasets/sidd707/jewelry-design-dataset/img_000100.jpg,256,256
JW_000091,Img 000101,jewellery,data/catalogue/JW_000102.jpg,https://huggingface.co/datasets/sidd707/jewelry-design-dataset/img_000101.jpg,256,256
JW_000092,Img 000102,jewellery,data/catalogue/JW_000103.jpg,https://huggingface.co/datasets/sidd707/jewelry-design-dataset/img_000102.jpg,256,256
JW_000093,Img 000103,jewellery,data/catalogue/JW_000104.jpg,https://huggingface.co/datasets/sidd707/jewelry-design-dataset/img_000103.jpg,256,256
JW_000094,Img 000104,jewellery,data/catalogue/JW_000105.jpg,https://huggingface.co/datasets/sidd707/jewelry-design-dataset/img_000104.jpg,256,256
JW_000095,Img 000105,jewellery,data/catalogue/JW_000106.jpg,https://huggingface.co/datasets/sidd707/jewelry-design-dataset/img_000105.jpg,256,256
JW_000096,Img 000106,jewellery,data/catalogue/JW_000107.jpg,https://huggingface.co/datasets/sidd707/jewelry-design-dataset/img_000106.jpg,256,256
JW_000097,Img 000107,jewellery,data/catalogue/JW_000108.jpg,https://huggingface.co/datasets/sidd707/jewelry-design-dataset/img_000107.jpg,256,256
JW_000098,Img 000108,jewellery,data/catalogue/JW_000109.jpg,https://huggingface.co/datasets/sidd707/jewelry-design-dataset/img_000108.jpg,256,256
JW_000099,Img 000109,jewellery,data/catalogue/JW_000110.jpg,https://huggingface.co/datasets/sidd707/jewelry-design-dataset/img_000109.jpg,256,256
JW_000100,Img 000110,jewellery,data/catalogue/JW_000111.jpg,https://huggingface.co/datasets/sidd707/jewelry-design-dataset/img_000110.jpg,256,256
JW_000101,Img 000111,jewellery,data/catalogue/JW_000112.jpg,https://huggingface.co/datasets/sidd707/jewelry-design-dataset/img_000111.jpg,256,256
JW_000102,Img 000112,jewellery,data/catalogue/JW_000113.jpg,https://huggingface.co/datasets/sidd707/jewelry-design-dataset/img_000112.jpg,395,395
JW_000103,Img 000113,jewellery,data/catalogue/JW_000114.jpg,https://huggingface.co/datasets/sidd707/jewelry-design-dataset/img_000113.jpg,256,256
JW_000104,Img 000114,jewellery,data/catalogue/JW_000115.jpg,https://huggingface.co/datasets/sidd707/jewelry-design-dataset/img_000114.jpg,1100,950
JW_000105,Img 000115,jewellery,data/catalogue/JW_000116.jpg,https://huggingface.co/datasets/sidd707/jewelry-design-dataset/img_000115.jpg,256,256
JW_000106,Img 000116,jewellery,data/catalogue/JW_000117.jpg,https://huggingface.co/datasets/sidd707/jewelry-design-dataset/img_000116.jpg,256,256
JW_000107,Img 000117,jewellery,data/catalogue/JW_000118.jpg,https://huggingface.co/datasets/sidd707/jewelry-design-dataset/img_000117.jpg,256,256
JW_000108,Img 000118,jewellery,data/catalogue/JW_000119.jpg,https://huggingface.co/datasets/sidd707/jewelry-design-dataset/img_000118.jpg,256,256
JW_000109,Img 000119,jewellery,data/catalogue/JW_000120.jpg,https://huggingface.co/datasets/sidd707/jewelry-design-dataset/img_000119.jpg,256,256
JW_000110,Img 000121,jewellery,data/catalogue/JW_000122.jpg,https://huggingface.co/datasets/sidd707/jewelry-design-dataset/img_000121.jpg,256,256
JW_000111,Img 000122,jewellery,data/catalogue/JW_000123.jpg,https://huggingface.co/datasets/sidd707/jewelry-design-dataset/img_000122.jpg,256,256
JW_000112,Img 000123,jewellery,data/catalogue/JW_000124.jpg,https://huggingface.co/datasets/sidd707/jewelry-design-dataset/img_000123.jpg,256,256
JW_000113,Img 000125,jewellery,data/catalogue/JW_000126.jpg,https://huggingface.co/datasets/sidd707/jewelry-design-dataset/img_000125.jpg,256,256
JW_000114,Img 000126,jewellery,data/catalogue/JW_000127.jpg,https://huggingface.co/datasets/sidd707/jewelry-design-dataset/img_000126.jpg,256,256
JW_000115,Img 000127,jewellery,data/catalogue/JW_000128.jpg,https://huggingface.co/datasets/sidd707/jewelry-design-dataset/img_000127.jpg,256,256
JW_000116,Img 000129,jewellery,data/catalogue/JW_000130.jpg,https://huggingface.co/datasets/sidd707/jewelry-design-dataset/img_000129.jpg,256,256
JW_000117,Img 000131,jewellery,data/catalogue/JW_000132.jpg,https://huggingface.co/datasets/sidd707/jewelry-design-dataset/img_000131.jpg,256,256
JW_000118,Img 000132,jewellery,data/catalogue/JW_000133.jpg,https://huggingface.co/datasets/sidd707/jewelry-design-dataset/img_000132.jpg,256,256
JW_000119,Img 000133,jewellery,data/catalogue/JW_000134.jpg,https://huggingface.co/datasets/sidd707/jewelry-design-dataset/img_000133.jpg,256,256
JW_000120,Img 000134,jewellery,data/catalogue/JW_000135.jpg,https://huggingface.co/datasets/sidd707/jewelry-design-dataset/img_000134.jpg,256,256
JW_000121,Img 000135,jewellery,data/catalogue/JW_000136.jpg,https://huggingface.co/datasets/sidd707/jewelry-design-dataset/img_000135.jpg,256,256
JW_000122,Img 000136,jewellery,data/catalogue/JW_000137.jpg,https://huggingface.co/datasets/sidd707/jewelry-design-dataset/img_000136.jpg,256,256
JW_000123,Img 000137,jewellery,data/catalogue/JW_000138.jpg,https://huggingface.co/datasets/sidd707/jewelry-design-dataset/img_000137.jpg,256,256
JW_000124,Img 000138,jewellery,data/catalogue/JW_000139.jpg,https://huggingface.co/datasets/sidd707/jewelry-design-dataset/img_000138.jpg,256,256
JW_000125,Img 000139,jewellery,data/catalogue/JW_000140.jpg,https://huggingface.co/datasets/sidd707/jewelry-design-dataset/img_000139.jpg,256,256
JW_000126,Img 000141,jewellery,data/catalogue/JW_000142.jpg,https://huggingface.co/datasets/sidd707/jewelry-design-dataset/img_000141.jpg,256,256
JW_000127,Img 000142,jewellery,data/catalogue/JW_000143.jpg,https://huggingface.co/datasets/sidd707/jewelry-design-dataset/img_000142.jpg,256,256
JW_000128,Img 000143,jewellery,data/catalogue/JW_000144.jpg,https://huggingface.co/datasets/sidd707/jewelry-design-dataset/img_000143.jpg,256,256
JW_000129,Img 000144,jewellery,data/catalogue/JW_000145.jpg,https://huggingface.co/datasets/sidd707/jewelry-design-dataset/img_000144.jpg,256,256
JW_000130,Img 000145,jewellery,data/catalogue/JW_000146.jpg,https://huggingface.co/datasets/sidd707/jewelry-design-dataset/img_000145.jpg,256,256
JW_000131,Img 000146,jewellery,data/catalogue/JW_000147.jpg,https://huggingface.co/datasets/sidd707/jewelry-design-dataset/img_000146.jpg,256,256
JW_000132,Img 000147,jewellery,data/catalogue/JW_000148.jpg,https://huggingface.co/datasets/sidd707/jewelry-design-dataset/img_000147.jpg,256,256
JW_000133,Img 000148,jewellery,data/catalogue/JW_000149.jpg,https://huggingface.co/datasets/sidd707/jewelry-design-dataset/img_000148.jpg,256,256
JW_000134,Img 000149,jewellery,data/catalogue/JW_000150.jpg,https://huggingface.co/datasets/sidd707/jewelry-design-dataset/img_000149.jpg,256,256
JW_000135,Img 000150,jewellery,data/catalogue/JW_000151.jpg,https://huggingface.co/datasets/sidd707/jewelry-design-dataset/img_000150.jpg,256,256
JW_000136,Img 000151,jewellery,data/catalogue/JW_000152.jpg,https://huggingface.co/datasets/sidd707/jewelry-design-dataset/img_000151.jpg,256,256
JW_000137,Img 000152,jewellery,data/catalogue/JW_000153.jpg,https://huggingface.co/datasets/sidd707/jewelry-design-dataset/img_000152.jpg,256,256
JW_000138,Img 000153,jewellery,data/catalogue/JW_000154.jpg,https://huggingface.co/datasets/sidd707/jewelry-design-dataset/img_000153.jpg,256,256
JW_000139,Img 000154,jewellery,data/catalogue/JW_000155.jpg,https://huggingface.co/datasets/sidd707/jewelry-design-dataset/img_000154.jpg,256,256
JW_000140,Img 000155,jewellery,data/catalogue/JW_000156.jpg,https://huggingface.co/datasets/sidd707/jewelry-design-dataset/img_000155.jpg,256,256
JW_000141,Img 000156,jewellery,data/catalogue/JW_000157.jpg,https://huggingface.co/datasets/sidd707/jewelry-design-dataset/img_000156.jpg,800,800
JW_000142,Img 000157,jewellery,data/catalogue/JW_000158.jpg,https://huggingface.co/datasets/sidd707/jewelry-design-dataset/img_000157.jpg,850,995
JW_000143,Img 000158,jewellery,data/catalogue/JW_000159.jpg,https://huggingface.co/datasets/sidd707/jewelry-design-dataset/img_000158.jpg,800,768
JW_000144,Img 000159,jewellery,data/catalogue/JW_000160.jpg,https://huggingface.co/datasets/sidd707/jewelry-design-dataset/img_000159.jpg,460,345
JW_000145,Img 000160,jewellery,data/catalogue/JW_000161.jpg,https://huggingface.co/datasets/sidd707/jewelry-design-dataset/img_000160.jpg,256,256
JW_000146,Img 000161,jewellery,data/catalogue/JW_000162.jpg,https://huggingface.co/datasets/sidd707/jewelry-design-dataset/img_000161.jpg,256,256
JW_000147,Img 000162,jewellery,data/catalogue/JW_000163.jpg,https://huggingface.co/datasets/sidd707/jewelry-design-dataset/img_000162.jpg,256,256
JW_000148,Img 000163,jewellery,data/catalogue/JW_000164.jpg,https://huggingface.co/datasets/sidd707/jewelry-design-dataset/img_000163.jpg,256,256
JW_000149,Img 000165,jewellery,data/catalogue/JW_000166.jpg,https://huggingface.co/datasets/sidd707/jewelry-design-dataset/img_000165.jpg,256,256
JW_000150,Img 000166,jewellery,data/catalogue/JW_000167.jpg,https://huggingface.co/datasets/sidd707/jewelry-design-dataset/img_000166.jpg,256,256
JW_000151,Img 000167,jewellery,data/catalogue/JW_000168.jpg,https://huggingface.co/datasets/sidd707/jewelry-design-dataset/img_000167.jpg,2000,2000
JW_000152,Img 000168,jewellery,data/catalogue/JW_000169.jpg,https://huggingface.co/datasets/sidd707/jewelry-design-dataset/img_000168.jpg,256,256
JW_000153,Img 000169,jewellery,data/catalogue/JW_000170.jpg,https://huggingface.co/datasets/sidd707/jewelry-design-dataset/img_000169.jpg,544,666
JW_000154,Img 000170,jewellery,data/catalogue/JW_000171.jpg,https://huggingface.co/datasets/sidd707/jewelry-design-dataset/img_000170.jpg,262,262
JW_000155,Img 000171,jewellery,data/catalogue/JW_000172.jpg,https://huggingface.co/datasets/sidd707/jewelry-design-dataset/img_000171.jpg,262,262
JW_000156,Img 000172,jewellery,data/catalogue/JW_000173.jpg,https://huggingface.co/datasets/sidd707/jewelry-design-dataset/img_000172.jpg,262,262
JW_000157,Img 000173,jewellery,data/catalogue/JW_000174.jpg,https://huggingface.co/datasets/sidd707/jewelry-design-dataset/img_000173.jpg,262,262
JW_000158,Img 000174,jewellery,data/catalogue/JW_000175.jpg,https://huggingface.co/datasets/sidd707/jewelry-design-dataset/img_000174.jpg,262,262
JW_000159,Img 000175,jewellery,data/catalogue/JW_000176.jpg,https://huggingface.co/datasets/sidd707/jewelry-design-dataset/img_000175.jpg,262,262
JW_000160,Img 000176,jewellery,data/catalogue/JW_000177.jpg,https://huggingface.co/datasets/sidd707/jewelry-design-dataset/img_000176.jpg,262,262
JW_000161,Img 000177,jewellery,data/catalogue/JW_000178.jpg,https://huggingface.co/datasets/sidd707/jewelry-design-dataset/img_000177.jpg,262,262
JW_000162,Img 000178,jewellery,data/catalogue/JW_000179.jpg,https://huggingface.co/datasets/sidd707/jewelry-design-dataset/img_000178.jpg,262,262
JW_000163,Img 000181,jewellery,data/catalogue/JW_000182.jpg,https://huggingface.co/datasets/sidd707/jewelry-design-dataset/img_000181.jpg,262,262
JW_000164,Img 000182,jewellery,data/catalogue/JW_000183.jpg,https://huggingface.co/datasets/sidd707/jewelry-design-dataset/img_000182.jpg,262,262
JW_000165,Img 000183,jewellery,data/catalogue/JW_000184.jpg,https://huggingface.co/datasets/sidd707/jewelry-design-dataset/img_000183.jpg,262,262
JW_000166,Img 000184,jewellery,data/catalogue/JW_000185.jpg,https://huggingface.co/datasets/sidd707/jewelry-design-dataset/img_000184.jpg,262,262
JW_000167,Img 000185,jewellery,data/catalogue/JW_000186.jpg,https://huggingface.co/datasets/sidd707/jewelry-design-dataset/img_000185.jpg,262,262
JW_000168,Img 000186,jewellery,data/catalogue/JW_000187.jpg,https://huggingface.co/datasets/sidd707/jewelry-design-dataset/img_000186.jpg,262,262
JW_000169,Img 000188,jewellery,data/catalogue/JW_000189.jpg,https://huggingface.co/datasets/sidd707/jewelry-design-dataset/img_000188.jpg,262,262
JW_000170,Img 000190,jewellery,data/catalogue/JW_000191.jpg,https://huggingface.co/datasets/sidd707/jewelry-design-dataset/img_000190.jpg,262,262
JW_000171,Img 000191,jewellery,data/catalogue/JW_000192.jpg,https://huggingface.co/datasets/sidd707/jewelry-design-dataset/img_000191.jpg,262,262
JW_000172,Img 000192,jewellery,data/catalogue/JW_000193.jpg,https://huggingface.co/datasets/sidd707/jewelry-design-dataset/img_000192.jpg,262,262
JW_000173,Img 000195,jewellery,data/catalogue/JW_000196.jpg,https://huggingface.co/datasets/sidd707/jewelry-design-dataset/img_000195.jpg,262,262
JW_000174,Img 000196,jewellery,data/catalogue/JW_000197.jpg,https://huggingface.co/datasets/sidd707/jewelry-design-dataset/img_000196.jpg,262,262
JW_000175,Img 000197,jewellery,data/catalogue/JW_000198.jpg,https://huggingface.co/datasets/sidd707/jewelry-design-dataset/img_000197.jpg,262,262
JW_000176,Img 000198,jewellery,data/catalogue/JW_000199.jpg,https://huggingface.co/datasets/sidd707/jewelry-design-dataset/img_000198.jpg,262,262
JW_000177,Img 000200,jewellery,data/catalogue/JW_000201.jpg,https://huggingface.co/datasets/sidd707/jewelry-design-dataset/img_000200.jpg,262,262
JW_000178,Img 000201,jewellery,data/catalogue/JW_000202.jpg,https://huggingface.co/datasets/sidd707/jewelry-design-dataset/img_000201.jpg,262,262
JW_000179,Img 000202,jewellery,data/catalogue/JW_000203.jpg,https://huggingface.co/datasets/sidd707/jewelry-design-dataset/img_000202.jpg,262,262
JW_000180,Img 000203,jewellery,data/catalogue/JW_000204.jpg,https://huggingface.co/datasets/sidd707/jewelry-design-dataset/img_000203.jpg,262,262
JW_000181,Img 000204,jewellery,data/catalogue/JW_000205.jpg,https://huggingface.co/datasets/sidd707/jewelry-design-dataset/img_000204.jpg,262,262
JW_000182,Img 000205,jewellery,data/catalogue/JW_000206.jpg,https://huggingface.co/datasets/sidd707/jewelry-design-dataset/img_000205.jpg,262,262
JW_000183,Img 000206,jewellery,data/catalogue/JW_000207.jpg,https://huggingface.co/datasets/sidd707/jewelry-design-dataset/img_000206.jpg,262,262
JW_000184,Img 000207,jewellery,data/catalogue/JW_000208.jpg,https://huggingface.co/datasets/sidd707/jewelry-design-dataset/img_000207.jpg,262,262
JW_000185,Img 000208,jewellery,data/catalogue/JW_000209.jpg,https://huggingface.co/datasets/sidd707/jewelry-design-dataset/img_000208.jpg,262,262
JW_000186,Img 000209,jewellery,data/catalogue/JW_000210.jpg,https://huggingface.co/datasets/sidd707/jewelry-design-dataset/img_000209.jpg,262,262
JW_000187,Img 000210,jewellery,data/catalogue/JW_000211.jpg,https://huggingface.co/datasets/sidd707/jewelry-design-dataset/img_000210.jpg,262,262
JW_000188,Img 000211,jewellery,data/catalogue/JW_000212.jpg,https://huggingface.co/datasets/sidd707/jewelry-design-dataset/img_000211.jpg,262,262
JW_000189,Img 000212,jewellery,data/catalogue/JW_000213.jpg,https://huggingface.co/datasets/sidd707/jewelry-design-dataset/img_000212.jpg,262,262
JW_000190,Img 000213,jewellery,data/catalogue/JW_000214.jpg,https://huggingface.co/datasets/sidd707/jewelry-design-dataset/img_000213.jpg,262,262
JW_000191,Img 000215,jewellery,data/catalogue/JW_000216.jpg,https://huggingface.co/datasets/sidd707/jewelry-design-dataset/img_000215.jpg,262,262
JW_000192,Img 000216,jewellery,data/catalogue/JW_000217.jpg,https://huggingface.co/datasets/sidd707/jewelry-design-dataset/img_000216.jpg,262,262
JW_000193,Img 000217,jewellery,data/catalogue/JW_000218.jpg,https://huggingface.co/datasets/sidd707/jewelry-design-dataset/img_000217.jpg,262,262
JW_000194,Img 000218,jewellery,data/catalogue/JW_000219.jpg,https://huggingface.co/datasets/sidd707/jewelry-design-dataset/img_000218.jpg,262,262
JW_000195,Img 000219,jewellery,data/catalogue/JW_000220.jpg,https://huggingface.co/datasets/sidd707/jewelry-design-dataset/img_000219.jpg,262,262
JW_000196,Img 000220,jewellery,data/catalogue/JW_000221.jpg,https://huggingface.co/datasets/sidd707/jewelry-design-dataset/img_000220.jpg,262,262
JW_000197,Img 000221,jewellery,data/catalogue/JW_000222.jpg,https://huggingface.co/datasets/sidd707/jewelry-design-dataset/img_000221.jpg,262,262
JW_000198,Img 000222,jewellery,data/catalogue/JW_000223.jpg,https://huggingface.co/datasets/sidd707/jewelry-design-dataset/img_000222.jpg,262,262
JW_000199,Img 000223,jewellery,data/catalogue/JW_000224.jpg,https://huggingface.co/datasets/sidd707/jewelry-design-dataset/img_000223.jpg,262,262
JW_000200,Img 000225,jewellery,data/catalogue/JW_000226.jpg,https://huggingface.co/datasets/sidd707/jewelry-design-dataset/img_000225.jpg,262,262
JW_000201,Img 000226,jewellery,data/catalogue/JW_000227.jpg,https://huggingface.co/datasets/sidd707/jewelry-design-dataset/img_000226.jpg,262,262
JW_000202,Img 000227,jewellery,data/catalogue/JW_000228.jpg,https://huggingface.co/datasets/sidd707/jewelry-design-dataset/img_000227.jpg,262,262
JW_000203,Img 000229,jewellery,data/catalogue/JW_000230.jpg,https://huggingface.co/datasets/sidd707/jewelry-design-dataset/img_000229.jpg,262,262
JW_000204,Img 000230,jewellery,data/catalogue/JW_000231.jpg,https://huggingface.co/datasets/sidd707/jewelry-design-dataset/img_000230.jpg,262,262
JW_000205,Img 000231,jewellery,data/catalogue/JW_000232.jpg,https://huggingface.co/datasets/sidd707/jewelry-design-dataset/img_000231.jpg,262,262
JW_000206,Img 000232,jewellery,data/catalogue/JW_000233.jpg,https://huggingface.co/datasets/sidd707/jewelry-design-dataset/img_000232.jpg,262,262
JW_000207,Img 000233,jewellery,data/catalogue/JW_000234.jpg,https://huggingface.co/datasets/sidd707/jewelry-design-dataset/img_000233.jpg,262,262
JW_000208,Img 000234,jewellery,data/catalogue/JW_000235.jpg,https://huggingface.co/datasets/sidd707/jewelry-design-dataset/img_000234.jpg,262,262
JW_000209,Img 000235,jewellery,data/catalogue/JW_000236.jpg,https://huggingface.co/datasets/sidd707/jewelry-design-dataset/img_000235.jpg,262,262
JW_000210,Img 000236,jewellery,data/catalogue/JW_000237.jpg,https://huggingface.co/datasets/sidd707/jewelry-design-dataset/img_000236.jpg,262,262
JW_000211,Img 000237,jewellery,data/catalogue/JW_000238.jpg,https://huggingface.co/datasets/sidd707/jewelry-design-dataset/img_000237.jpg,262,262
JW_000212,Img 000238,jewellery,data/catalogue/JW_000239.jpg,https://huggingface.co/datasets/sidd707/jewelry-design-dataset/img_000238.jpg,262,262
JW_000213,Img 000239,jewellery,data/catalogue/JW_000240.jpg,https://huggingface.co/datasets/sidd707/jewelry-design-dataset/img_000239.jpg,262,262
JW_000214,Img 000240,jewellery,data/catalogue/JW_000241.jpg,https://huggingface.co/datasets/sidd707/jewelry-design-dataset/img_000240.jpg,262,262
JW_000215,Img 000241,jewellery,data/catalogue/JW_000242.jpg,https://huggingface.co/datasets/sidd707/jewelry-design-dataset/img_000241.jpg,262,262
JW_000216,Img 000242,jewellery,data/catalogue/JW_000243.jpg,https://huggingface.co/datasets/sidd707/jewelry-design-dataset/img_000242.jpg,262,262
JW_000217,Img 000243,jewellery,data/catalogue/JW_000244.jpg,https://huggingface.co/datasets/sidd707/jewelry-design-dataset/img_000243.jpg,262,262
JW_000218,Img 000244,jewellery,data/catalogue/JW_000245.jpg,https://huggingface.co/datasets/sidd707/jewelry-design-dataset/img_000244.jpg,262,262
JW_000219,Img 000245,jewellery,data/catalogue/JW_000246.jpg,https://huggingface.co/datasets/sidd707/jewelry-design-dataset/img_000245.jpg,262,262
JW_000220,Img 000246,jewellery,data/catalogue/JW_000247.jpg,https://huggingface.co/datasets/sidd707/jewelry-design-dataset/img_000246.jpg,262,262
JW_000221,Img 000247,jewellery,data/catalogue/JW_000248.jpg,https://huggingface.co/datasets/sidd707/jewelry-design-dataset/img_000247.jpg,262,262
JW_000222,Img 000248,jewellery,data/catalogue/JW_000249.jpg,https://huggingface.co/datasets/sidd707/jewelry-design-dataset/img_000248.jpg,262,262
JW_000223,Img 000249,jewellery,data/catalogue/JW_000250.jpg,https://huggingface.co/datasets/sidd707/jewelry-design-dataset/img_000249.jpg,262,262
JW_000224,Img 000250,jewellery,data/catalogue/JW_000251.jpg,https://huggingface.co/datasets/sidd707/jewelry-design-dataset/img_000250.jpg,262,262
JW_000225,Img 000252,jewellery,data/catalogue/JW_000253.jpg,https://huggingface.co/datasets/sidd707/jewelry-design-dataset/img_000252.jpg,262,262
JW_000226,Img 000253,jewellery,data/catalogue/JW_000254.jpg,https://huggingface.co/datasets/sidd707/jewelry-design-dataset/img_000253.jpg,262,262
JW_000227,Img 000254,jewellery,data/catalogue/JW_000255.jpg,https://huggingface.co/datasets/sidd707/jewelry-design-dataset/img_000254.jpg,262,262
JW_000228,Img 000255,jewellery,data/catalogue/JW_000256.jpg,https://huggingface.co/datasets/sidd707/jewelry-design-dataset/img_000255.jpg,262,262
JW_000229,Img 000256,jewellery,data/catalogue/JW_000257.jpg,https://huggingface.co/datasets/sidd707/jewelry-design-dataset/img_000256.jpg,262,262
JW_000230,Img 000257,jewellery,data/catalogue/JW_000258.jpg,https://huggingface.co/datasets/sidd707/jewelry-design-dataset/img_000257.jpg,262,262
JW_000231,Img 000259,jewellery,data/catalogue/JW_000260.jpg,https://huggingface.co/datasets/sidd707/jewelry-design-dataset/img_000259.jpg,262,262
JW_000232,Img 000261,jewellery,data/catalogue/JW_000262.jpg,https://huggingface.co/datasets/sidd707/jewelry-design-dataset/img_000261.jpg,262,262
JW_000233,Img 000263,jewellery,data/catalogue/JW_000264.jpg,https://huggingface.co/datasets/sidd707/jewelry-design-dataset/img_000263.jpg,262,262
JW_000234,Img 000264,jewellery,data/catalogue/JW_000265.jpg,https://huggingface.co/datasets/sidd707/jewelry-design-dataset/img_000264.jpg,262,262
JW_000235,Img 000265,jewellery,data/catalogue/JW_000266.jpg,https://huggingface.co/datasets/sidd707/jewelry-design-dataset/img_000265.jpg,262,262
JW_000236,Img 000266,jewellery,data/catalogue/JW_000267.jpg,https://huggingface.co/datasets/sidd707/jewelry-design-dataset/img_000266.jpg,262,262
JW_000237,Img 000268,jewellery,data/catalogue/JW_000269.jpg,https://huggingface.co/datasets/sidd707/jewelry-design-dataset/img_000268.jpg,262,262
JW_000238,Img 000269,jewellery,data/catalogue/JW_000270.jpg,https://huggingface.co/datasets/sidd707/jewelry-design-dataset/img_000269.jpg,262,262
JW_000239,Img 000270,jewellery,data/catalogue/JW_000271.jpg,https://huggingface.co/datasets/sidd707/jewelry-design-dataset/img_000270.jpg,262,262
JW_000240,Img 000271,jewellery,data/catalogue/JW_000272.jpg,https://huggingface.co/datasets/sidd707/jewelry-design-dataset/img_000271.jpg,262,262
JW_000241,Img 000280,jewellery,data/catalogue/JW_000281.jpg,https://huggingface.co/datasets/sidd707/jewelry-design-dataset/img_000280.jpg,262,262
JW_000242,Img 000282,jewellery,data/catalogue/JW_000283.jpg,https://huggingface.co/datasets/sidd707/jewelry-design-dataset/img_000282.jpg,262,262
JW_000243,Img 000291,jewellery,data/catalogue/JW_000292.jpg,https://huggingface.co/datasets/sidd707/jewelry-design-dataset/img_000291.jpg,262,262
JW_000244,Img 000293,jewellery,data/catalogue/JW_000294.jpg,https://huggingface.co/datasets/sidd707/jewelry-design-dataset/img_000293.jpg,262,262
JW_000245,Img 000294,jewellery,data/catalogue/JW_000295.jpg,https://huggingface.co/datasets/sidd707/jewelry-design-dataset/img_000294.jpg,262,262
JW_000246,Img 000295,jewellery,data/catalogue/JW_000296.jpg,https://huggingface.co/datasets/sidd707/jewelry-design-dataset/img_000295.jpg,262,262
JW_000247,Img 000296,jewellery,data/catalogue/JW_000297.jpg,https://huggingface.co/datasets/sidd707/jewelry-design-dataset/img_000296.jpg,262,262
JW_000248,Img 000297,jewellery,data/catalogue/JW_000298.jpg,https://huggingface.co/datasets/sidd707/jewelry-design-dataset/img_000297.jpg,262,262
JW_000249,Img 000298,jewellery,data/catalogue/JW_000299.jpg,https://huggingface.co/datasets/sidd707/jewelry-design-dataset/img_000298.jpg,262,262
JW_000250,Img 000299,jewellery,data/catalogue/JW_000300.jpg,https://huggingface.co/datasets/sidd707/jewelry-design-dataset/img_000299.jpg,262,262
JW_000251,Img 000300,jewellery,data/catalogue/JW_000301.jpg,https://huggingface.co/datasets/sidd707/jewelry-design-dataset/img_000300.jpg,262,262
JW_000252,Img 000301,jewellery,data/catalogue/JW_000302.jpg,https://huggingface.co/datasets/sidd707/jewelry-design-dataset/img_000301.jpg,262,262
JW_000253,Img 000302,jewellery,data/catalogue/JW_000303.jpg,https://huggingface.co/datasets/sidd707/jewelry-design-dataset/img_000302.jpg,262,262
JW_000254,Img 000303,jewellery,data/catalogue/JW_000304.jpg,https://huggingface.co/datasets/sidd707/jewelry-design-dataset/img_000303.jpg,262,262
JW_000255,Img 000304,jewellery,data/catalogue/JW_000305.jpg,https://huggingface.co/datasets/sidd707/jewelry-design-dataset/img_000304.jpg,262,262
JW_000256,Img 000305,jewellery,data/catalogue/JW_000306.jpg,https://huggingface.co/datasets/sidd707/jewelry-design-dataset/img_000305.jpg,262,262
JW_000257,Img 000306,jewellery,data/catalogue/JW_000307.jpg,https://huggingface.co/datasets/sidd707/jewelry-design-dataset/img_000306.jpg,262,262
JW_000258,Img 000307,jewellery,data/catalogue/JW_000308.jpg,https://huggingface.co/datasets/sidd707/jewelry-design-dataset/img_000307.jpg,262,262
JW_000259,Img 000308,jewellery,data/catalogue/JW_000309.jpg,https://huggingface.co/datasets/sidd707/jewelry-design-dataset/img_000308.jpg,262,262
JW_000260,Img 000310,jewellery,data/catalogue/JW_000311.jpg,https://huggingface.co/datasets/sidd707/jewelry-design-dataset/img_000310.jpg,262,262
JW_000261,Img 000311,jewellery,data/catalogue/JW_000312.jpg,https://huggingface.co/datasets/sidd707/jewelry-design-dataset/img_000311.jpg,262,262
JW_000262,Img 000312,jewellery,data/catalogue/JW_000313.jpg,https://huggingface.co/datasets/sidd707/jewelry-design-dataset/img_000312.jpg,262,262
JW_000263,Img 000313,jewellery,data/catalogue/JW_000314.jpg,https://huggingface.co/datasets/sidd707/jewelry-design-dataset/img_000313.jpg,262,262
JW_000264,Img 000314,jewellery,data/catalogue/JW_000315.jpg,https://huggingface.co/datasets/sidd707/jewelry-design-dataset/img_000314.jpg,262,262
JW_000265,Img 000315,jewellery,data/catalogue/JW_000316.jpg,https://huggingface.co/datasets/sidd707/jewelry-design-dataset/img_000315.jpg,262,262
JW_000266,Img 000316,jewellery,data/catalogue/JW_000317.jpg,https://huggingface.co/datasets/sidd707/jewelry-design-dataset/img_000316.jpg,262,262
JW_000267,Img 000317,jewellery,data/catalogue/JW_000318.jpg,https://huggingface.co/datasets/sidd707/jewelry-design-dataset/img_000317.jpg,262,262
JW_000268,Img 000318,jewellery,data/catalogue/JW_000319.jpg,https://huggingface.co/datasets/sidd707/jewelry-design-dataset/img_000318.jpg,262,262
JW_000269,Img 000321,jewellery,data/catalogue/JW_000322.jpg,https://huggingface.co/datasets/sidd707/jewelry-design-dataset/img_000321.jpg,262,262
JW_000270,Img 000322,jewellery,data/catalogue/JW_000323.jpg,https://huggingface.co/datasets/sidd707/jewelry-design-dataset/img_000322.jpg,262,262
JW_000271,Img 000324,jewellery,data/catalogue/JW_000325.jpg,https://huggingface.co/datasets/sidd707/jewelry-design-dataset/img_000324.jpg,262,262
JW_000272,Img 000325,jewellery,data/catalogue/JW_000326.jpg,https://huggingface.co/datasets/sidd707/jewelry-design-dataset/img_000325.jpg,262,262
JW_000273,Img 000326,jewellery,data/catalogue/JW_000327.jpg,https://huggingface.co/datasets/sidd707/jewelry-design-dataset/img_000326.jpg,262,262
JW_000274,Img 000327,jewellery,data/catalogue/JW_000328.jpg,https://huggingface.co/datasets/sidd707/jewelry-design-dataset/img_000327.jpg,262,262
JW_000275,Img 000328,jewellery,data/catalogue/JW_000329.jpg,https://huggingface.co/datasets/sidd707/jewelry-design-dataset/img_000328.jpg,262,262
JW_000276,Img 000329,jewellery,data/catalogue/JW_000330.jpg,https://huggingface.co/datasets/sidd707/jewelry-design-dataset/img_000329.jpg,262,262
JW_000277,Img 000330,jewellery,data/catalogue/JW_000331.jpg,https://huggingface.co/datasets/sidd707/jewelry-design-dataset/img_000330.jpg,262,262
JW_000278,Img 000331,jewellery,data/catalogue/JW_000332.jpg,https://huggingface.co/datasets/sidd707/jewelry-design-dataset/img_000331.jpg,262,262
JW_000279,Img 000332,jewellery,data/catalogue/JW_000333.jpg,https://huggingface.co/datasets/sidd707/jewelry-design-dataset/img_000332.jpg,262,262
JW_000280,Img 000333,jewellery,data/catalogue/JW_000334.jpg,https://huggingface.co/datasets/sidd707/jewelry-design-dataset/img_000333.jpg,262,262
JW_000281,Img 000334,jewellery,data/catalogue/JW_000335.jpg,https://huggingface.co/datasets/sidd707/jewelry-design-dataset/img_000334.jpg,262,262
JW_000282,Img 000335,jewellery,data/catalogue/JW_000336.jpg,https://huggingface.co/datasets/sidd707/jewelry-design-dataset/img_000335.jpg,262,262
JW_000283,Img 000336,jewellery,data/catalogue/JW_000337.jpg,https://huggingface.co/datasets/sidd707/jewelry-design-dataset/img_000336.jpg,262,262
JW_000284,Img 000337,jewellery,data/catalogue/JW_000338.jpg,https://huggingface.co/datasets/sidd707/jewelry-design-dataset/img_000337.jpg,262,262
JW_000285,Img 000338,jewellery,data/catalogue/JW_000339.jpg,https://huggingface.co/datasets/sidd707/jewelry-design-dataset/img_000338.jpg,262,262
JW_000286,Img 000339,jewellery,data/catalogue/JW_000340.jpg,https://huggingface.co/datasets/sidd707/jewelry-design-dataset/img_000339.jpg,262,262
JW_000287,Img 000340,jewellery,data/catalogue/JW_000341.jpg,https://huggingface.co/datasets/sidd707/jewelry-design-dataset/img_000340.jpg,262,262
JW_000288,Img 000341,jewellery,data/catalogue/JW_000342.jpg,https://huggingface.co/datasets/sidd707/jewelry-design-dataset/img_000341.jpg,262,262
JW_000289,Img 000342,jewellery,data/catalogue/JW_000343.jpg,https://huggingface.co/datasets/sidd707/jewelry-design-dataset/img_000342.jpg,262,262
JW_000290,Img 000343,jewellery,data/catalogue/JW_000344.jpg,https://huggingface.co/datasets/sidd707/jewelry-design-dataset/img_000343.jpg,262,262
JW_000291,Img 000345,jewellery,data/catalogue/JW_000346.jpg,https://huggingface.co/datasets/sidd707/jewelry-design-dataset/img_000345.jpg,262,262
JW_000292,Img 000346,jewellery,data/catalogue/JW_000347.jpg,https://huggingface.co/datasets/sidd707/jewelry-design-dataset/img_000346.jpg,262,262
JW_000293,Img 000347,jewellery,data/catalogue/JW_000348.jpg,https://huggingface.co/datasets/sidd707/jewelry-design-dataset/img_000347.jpg,262,262
JW_000294,Img 000348,jewellery,data/catalogue/JW_000349.jpg,https://huggingface.co/datasets/sidd707/jewelry-design-dataset/img_000348.jpg,262,262
JW_000295,Img 000349,jewellery,data/catalogue/JW_000350.jpg,https://huggingface.co/datasets/sidd707/jewelry-design-dataset/img_000349.jpg,262,262
JW_000296,Img 000350,jewellery,data/catalogue/JW_000351.jpg,https://huggingface.co/datasets/sidd707/jewelry-design-dataset/img_000350.jpg,262,262
JW_000297,Img 000351,jewellery,data/catalogue/JW_000352.jpg,https://huggingface.co/datasets/sidd707/jewelry-design-dataset/img_000351.jpg,262,262
JW_000298,Img 000352,jewellery,data/catalogue/JW_000353.jpg,https://huggingface.co/datasets/sidd707/jewelry-design-dataset/img_000352.jpg,262,262
JW_000299,Img 000354,jewellery,data/catalogue/JW_000355.jpg,https://huggingface.co/datasets/sidd707/jewelry-design-dataset/img_000354.jpg,262,262
JW_000300,Img 000355,jewellery,data/catalogue/JW_000356.jpg,https://huggingface.co/datasets/sidd707/jewelry-design-dataset/img_000355.jpg,262,262
JW_000301,Img 000356,jewellery,data/catalogue/JW_000357.jpg,https://huggingface.co/datasets/sidd707/jewelry-design-dataset/img_000356.jpg,262,262
JW_000302,Img 000357,jewellery,data/catalogue/JW_000358.jpg,https://huggingface.co/datasets/sidd707/jewelry-design-dataset/img_000357.jpg,262,262
JW_000303,Img 000358,jewellery,data/catalogue/JW_000359.jpg,https://huggingface.co/datasets/sidd707/jewelry-design-dataset/img_000358.jpg,262,262
JW_000304,Img 000360,jewellery,data/catalogue/JW_000361.jpg,https://huggingface.co/datasets/sidd707/jewelry-design-dataset/img_000360.jpg,262,262
JW_000305,Img 000363,jewellery,data/catalogue/JW_000364.jpg,https://huggingface.co/datasets/sidd707/jewelry-design-dataset/img_000363.jpg,262,262
JW_000306,Img 000365,jewellery,data/catalogue/JW_000366.jpg,https://huggingface.co/datasets/sidd707/jewelry-design-dataset/img_000365.jpg,262,262
JW_000307,Img 000366,jewellery,data/catalogue/JW_000367.jpg,https://huggingface.co/datasets/sidd707/jewelry-design-dataset/img_000366.jpg,262,262
JW_000308,Img 000368,jewellery,data/catalogue/JW_000369.jpg,https://huggingface.co/datasets/sidd707/jewelry-design-dataset/img_000368.jpg,262,262
JW_000309,Img 000369,jewellery,data/catalogue/JW_000370.jpg,https://huggingface.co/datasets/sidd707/jewelry-design-dataset/img_000369.jpg,262,262
JW_000310,Img 000371,jewellery,data/catalogue/JW_000372.jpg,https://huggingface.co/datasets/sidd707/jewelry-design-dataset/img_000371.jpg,262,262
JW_000311,Img 000373,jewellery,data/catalogue/JW_000374.jpg,https://huggingface.co/datasets/sidd707/jewelry-design-dataset/img_000373.jpg,262,262
JW_000312,Img 000375,jewellery,data/catalogue/JW_000376.jpg,https://huggingface.co/datasets/sidd707/jewelry-design-dataset/img_000375.jpg,262,262
JW_000313,Img 000377,jewellery,data/catalogue/JW_000378.jpg,https://huggingface.co/datasets/sidd707/jewelry-design-dataset/img_000377.jpg,262,262
JW_000314,Img 000379,jewellery,data/catalogue/JW_000380.jpg,https://huggingface.co/datasets/sidd707/jewelry-design-dataset/img_000379.jpg,262,262
JW_000315,Img 000381,jewellery,data/catalogue/JW_000382.jpg,https://huggingface.co/datasets/sidd707/jewelry-design-dataset/img_000381.jpg,262,262
JW_000316,Img 000384,jewellery,data/catalogue/JW_000385.jpg,https://huggingface.co/datasets/sidd707/jewelry-design-dataset/img_000384.jpg,262,262
JW_000317,Img 000385,jewellery,data/catalogue/JW_000386.jpg,https://huggingface.co/datasets/sidd707/jewelry-design-dataset/img_000385.jpg,262,262
JW_000318,Img 000386,jewellery,data/catalogue/JW_000387.jpg,https://huggingface.co/datasets/sidd707/jewelry-design-dataset/img_000386.jpg,262,262
JW_000319,Img 000387,jewellery,data/catalogue/JW_000388.jpg,https://huggingface.co/datasets/sidd707/jewelry-design-dataset/img_000387.jpg,262,262
JW_000320,Img 000388,jewellery,data/catalogue/JW_000389.jpg,https://huggingface.co/datasets/sidd707/jewelry-design-dataset/img_000388.jpg,262,262
JW_000321,Img 000389,jewellery,data/catalogue/JW_000390.jpg,https://huggingface.co/datasets/sidd707/jewelry-design-dataset/img_000389.jpg,262,262
JW_000322,Img 000390,jewellery,data/catalogue/JW_000391.jpg,https://huggingface.co/datasets/sidd707/jewelry-design-dataset/img_000390.jpg,262,262
JW_000323,Img 000391,jewellery,data/catalogue/JW_000392.jpg,https://huggingface.co/datasets/sidd707/jewelry-design-dataset/img_000391.jpg,262,262
JW_000324,Img 000392,jewellery,data/catalogue/JW_000393.jpg,https://huggingface.co/datasets/sidd707/jewelry-design-dataset/img_000392.jpg,262,262
JW_000325,Img 000393,jewellery,data/catalogue/JW_000394.jpg,https://huggingface.co/datasets/sidd707/jewelry-design-dataset/img_000393.jpg,262,262
JW_000326,Img 000394,jewellery,data/catalogue/JW_000395.jpg,https://huggingface.co/datasets/sidd707/jewelry-design-dataset/img_000394.jpg,262,262
JW_000327,Img 000395,jewellery,data/catalogue/JW_000396.jpg,https://huggingface.co/datasets/sidd707/jewelry-design-dataset/img_000395.jpg,262,262
JW_000328,Img 000396,jewellery,data/catalogue/JW_000397.jpg,https://huggingface.co/datasets/sidd707/jewelry-design-dataset/img_000396.jpg,262,262
JW_000329,Img 000397,jewellery,data/catalogue/JW_000398.jpg,https://huggingface.co/datasets/sidd707/jewelry-design-dataset/img_000397.jpg,262,262
JW_000330,Img 000398,jewellery,data/catalogue/JW_000399.jpg,https://huggingface.co/datasets/sidd707/jewelry-design-dataset/img_000398.jpg,262,262
JW_000331,Img 000399,jewellery,data/catalogue/JW_000400.jpg,https://huggingface.co/datasets/sidd707/jewelry-design-dataset/img_000399.jpg,262,262
JW_000332,Img 000400,jewellery,data/catalogue/JW_000401.jpg,https://huggingface.co/datasets/sidd707/jewelry-design-dataset/img_000400.jpg,262,262
JW_000333,Img 000401,jewellery,data/catalogue/JW_000402.jpg,https://huggingface.co/datasets/sidd707/jewelry-design-dataset/img_000401.jpg,262,262
JW_000334,Img 000402,jewellery,data/catalogue/JW_000403.jpg,https://huggingface.co/datasets/sidd707/jewelry-design-dataset/img_000402.jpg,262,262
JW_000335,Img 000403,jewellery,data/catalogue/JW_000404.jpg,https://huggingface.co/datasets/sidd707/jewelry-design-dataset/img_000403.jpg,262,262
JW_000336,Img 000404,jewellery,data/catalogue/JW_000405.jpg,https://huggingface.co/datasets/sidd707/jewelry-design-dataset/img_000404.jpg,262,262
JW_000337,Img 000405,jewellery,data/catalogue/JW_000406.jpg,https://huggingface.co/datasets/sidd707/jewelry-design-dataset/img_000405.jpg,262,262
JW_000338,Img 000406,jewellery,data/catalogue/JW_000407.jpg,https://huggingface.co/datasets/sidd707/jewelry-design-dataset/img_000406.jpg,262,262
JW_000339,Img 000407,jewellery,data/catalogue/JW_000408.jpg,https://huggingface.co/datasets/sidd707/jewelry-design-dataset/img_000407.jpg,262,262
JW_000340,Img 000408,jewellery,data/catalogue/JW_000409.jpg,https://huggingface.co/datasets/sidd707/jewelry-design-dataset/img_000408.jpg,262,262
JW_000341,Img 000409,jewellery,data/catalogue/JW_000410.jpg,https://huggingface.co/datasets/sidd707/jewelry-design-dataset/img_000409.jpg,262,262
JW_000342,Img 000410,jewellery,data/catalogue/JW_000411.jpg,https://huggingface.co/datasets/sidd707/jewelry-design-dataset/img_000410.jpg,262,262
JW_000343,Img 000411,jewellery,data/catalogue/JW_000412.jpg,https://huggingface.co/datasets/sidd707/jewelry-design-dataset/img_000411.jpg,262,262
JW_000344,Img 000412,jewellery,data/catalogue/JW_000413.jpg,https://huggingface.co/datasets/sidd707/jewelry-design-dataset/img_000412.jpg,262,262
JW_000345,Img 000413,jewellery,data/catalogue/JW_000414.jpg,https://huggingface.co/datasets/sidd707/jewelry-design-dataset/img_000413.jpg,262,262
JW_000346,Img 000414,jewellery,data/catalogue/JW_000415.jpg,https://huggingface.co/datasets/sidd707/jewelry-design-dataset/img_000414.jpg,262,262
JW_000347,Img 000415,jewellery,data/catalogue/JW_000416.jpg,https://huggingface.co/datasets/sidd707/jewelry-design-dataset/img_000415.jpg,262,262
JW_000348,Img 000416,jewellery,data/catalogue/JW_000417.jpg,https://huggingface.co/datasets/sidd707/jewelry-design-dataset/img_000416.jpg,262,262
JW_000349,Img 000417,jewellery,data/catalogue/JW_000418.jpg,https://huggingface.co/datasets/sidd707/jewelry-design-dataset/img_000417.jpg,262,262
JW_000350,Img 000419,jewellery,data/catalogue/JW_000420.jpg,https://huggingface.co/datasets/sidd707/jewelry-design-dataset/img_000419.jpg,262,262
JW_000351,Img 000420,jewellery,data/catalogue/JW_000421.jpg,https://huggingface.co/datasets/sidd707/jewelry-design-dataset/img_000420.jpg,262,262
JW_000352,Img 000421,jewellery,data/catalogue/JW_000422.jpg,https://huggingface.co/datasets/sidd707/jewelry-design-dataset/img_000421.jpg,262,262
JW_000353,Img 000422,jewellery,data/catalogue/JW_000423.jpg,https://huggingface.co/datasets/sidd707/jewelry-design-dataset/img_000422.jpg,262,262
JW_000354,Img 000423,jewellery,data/catalogue/JW_000424.jpg,https://huggingface.co/datasets/sidd707/jewelry-design-dataset/img_000423.jpg,262,262
JW_000355,Img 000424,jewellery,data/catalogue/JW_000425.jpg,https://huggingface.co/datasets/sidd707/jewelry-design-dataset/img_000424.jpg,262,262
JW_000356,Img 000425,jewellery,data/catalogue/JW_000426.jpg,https://huggingface.co/datasets/sidd707/jewelry-design-dataset/img_000425.jpg,262,262
JW_000357,Img 000427,jewellery,data/catalogue/JW_000428.jpg,https://huggingface.co/datasets/sidd707/jewelry-design-dataset/img_000427.jpg,262,262
JW_000358,Img 000428,jewellery,data/catalogue/JW_000429.jpg,https://huggingface.co/datasets/sidd707/jewelry-design-dataset/img_000428.jpg,262,262
JW_000359,Img 000430,jewellery,data/catalogue/JW_000431.jpg,https://huggingface.co/datasets/sidd707/jewelry-design-dataset/img_000430.jpg,262,262
JW_000360,Img 000432,jewellery,data/catalogue/JW_000433.jpg,https://huggingface.co/datasets/sidd707/jewelry-design-dataset/img_000432.jpg,262,262
JW_000361,Img 000433,jewellery,data/catalogue/JW_000434.jpg,https://huggingface.co/datasets/sidd707/jewelry-design-dataset/img_000433.jpg,262,262
JW_000362,Img 000434,jewellery,data/catalogue/JW_000435.jpg,https://huggingface.co/datasets/sidd707/jewelry-design-dataset/img_000434.jpg,262,262
JW_000363,Img 000435,jewellery,data/catalogue/JW_000436.jpg,https://huggingface.co/datasets/sidd707/jewelry-design-dataset/img_000435.jpg,262,262
JW_000364,Img 000436,jewellery,data/catalogue/JW_000437.jpg,https://huggingface.co/datasets/sidd707/jewelry-design-dataset/img_000436.jpg,262,262
JW_000365,Img 000438,jewellery,data/catalogue/JW_000439.jpg,https://huggingface.co/datasets/sidd707/jewelry-design-dataset/img_000438.jpg,262,262
JW_000366,Img 000439,jewellery,data/catalogue/JW_000440.jpg,https://huggingface.co/datasets/sidd707/jewelry-design-dataset/img_000439.jpg,262,262
JW_000367,Img 000440,jewellery,data/catalogue/JW_000441.jpg,https://huggingface.co/datasets/sidd707/jewelry-design-dataset/img_000440.jpg,262,262
JW_000368,Img 000441,jewellery,data/catalogue/JW_000442.jpg,https://huggingface.co/datasets/sidd707/jewelry-design-dataset/img_000441.jpg,262,262
JW_000369,Img 000442,jewellery,data/catalogue/JW_000443.jpg,https://huggingface.co/datasets/sidd707/jewelry-design-dataset/img_000442.jpg,262,262
JW_000370,Img 000443,jewellery,data/catalogue/JW_000444.jpg,https://huggingface.co/datasets/sidd707/jewelry-design-dataset/img_000443.jpg,262,262
JW_000371,Img 000444,jewellery,data/catalogue/JW_000445.jpg,https://huggingface.co/datasets/sidd707/jewelry-design-dataset/img_000444.jpg,262,262
JW_000372,Img 000445,jewellery,data/catalogue/JW_000446.jpg,https://huggingface.co/datasets/sidd707/jewelry-design-dataset/img_000445.jpg,262,262
JW_000373,Img 000446,jewellery,data/catalogue/JW_000447.jpg,https://huggingface.co/datasets/sidd707/jewelry-design-dataset/img_000446.jpg,262,262
JW_000374,Img 000447,jewellery,data/catalogue/JW_000448.jpg,https://huggingface.co/datasets/sidd707/jewelry-design-dataset/img_000447.jpg,262,262
JW_000375,Img 000448,jewellery,data/catalogue/JW_000449.jpg,https://huggingface.co/datasets/sidd707/jewelry-design-dataset/img_000448.jpg,262,262
JW_000376,Img 000449,jewellery,data/catalogue/JW_000450.jpg,https://huggingface.co/datasets/sidd707/jewelry-design-dataset/img_000449.jpg,262,262
JW_000377,Img 000450,jewellery,data/catalogue/JW_000451.jpg,https://huggingface.co/datasets/sidd707/jewelry-design-dataset/img_000450.jpg,262,262
JW_000378,Img 000451,jewellery,data/catalogue/JW_000452.jpg,https://huggingface.co/datasets/sidd707/jewelry-design-dataset/img_000451.jpg,262,262
JW_000379,Img 000452,jewellery,data/catalogue/JW_000453.jpg,https://huggingface.co/datasets/sidd707/jewelry-design-dataset/img_000452.jpg,262,262
JW_000380,Img 000454,jewellery,data/catalogue/JW_000455.jpg,https://huggingface.co/datasets/sidd707/jewelry-design-dataset/img_000454.jpg,262,262
JW_000381,Img 000455,jewellery,data/catalogue/JW_000456.jpg,https://huggingface.co/datasets/sidd707/jewelry-design-dataset/img_000455.jpg,262,262
JW_000382,Img 000456,jewellery,data/catalogue/JW_000457.jpg,https://huggingface.co/datasets/sidd707/jewelry-design-dataset/img_000456.jpg,262,262
JW_000383,Img 000457,jewellery,data/catalogue/JW_000458.jpg,https://huggingface.co/datasets/sidd707/jewelry-design-dataset/img_000457.jpg,262,262
JW_000384,Img 000458,jewellery,data/catalogue/JW_000459.jpg,https://huggingface.co/datasets/sidd707/jewelry-design-dataset/img_000458.jpg,262,262
JW_000385,Img 000459,jewellery,data/catalogue/JW_000460.jpg,https://huggingface.co/datasets/sidd707/jewelry-design-dataset/img_000459.jpg,262,262
JW_000386,Img 000460,jewellery,data/catalogue/JW_000461.jpg,https://huggingface.co/datasets/sidd707/jewelry-design-dataset/img_000460.jpg,262,262
JW_000387,Img 000461,jewellery,data/catalogue/JW_000462.jpg,https://huggingface.co/datasets/sidd707/jewelry-design-dataset/img_000461.jpg,262,262
JW_000388,Img 000462,jewellery,data/catalogue/JW_000463.jpg,https://huggingface.co/datasets/sidd707/jewelry-design-dataset/img_000462.jpg,262,262
JW_000389,Img 000463,jewellery,data/catalogue/JW_000464.jpg,https://huggingface.co/datasets/sidd707/jewelry-design-dataset/img_000463.jpg,262,262
JW_000390,Img 000464,jewellery,data/catalogue/JW_000465.jpg,https://huggingface.co/datasets/sidd707/jewelry-design-dataset/img_000464.jpg,262,262
JW_000391,Img 000465,jewellery,data/catalogue/JW_000466.jpg,https://huggingface.co/datasets/sidd707/jewelry-design-dataset/img_000465.jpg,262,262
JW_000392,Img 000466,jewellery,data/catalogue/JW_000467.jpg,https://huggingface.co/datasets/sidd707/jewelry-design-dataset/img_000466.jpg,262,262
JW_000393,Img 000467,jewellery,data/catalogue/JW_000468.jpg,https://huggingface.co/datasets/sidd707/jewelry-design-dataset/img_000467.jpg,262,262
JW_000394,Img 000468,jewellery,data/catalogue/JW_000469.jpg,https://huggingface.co/datasets/sidd707/jewelry-design-dataset/img_000468.jpg,262,262
JW_000395,Img 000469,jewellery,data/catalogue/JW_000470.jpg,https://huggingface.co/datasets/sidd707/jewelry-design-dataset/img_000469.jpg,262,262
JW_000396,Img 000470,jewellery,data/catalogue/JW_000471.jpg,https://huggingface.co/datasets/sidd707/jewelry-design-dataset/img_000470.jpg,262,262
JW_000397,Img 000471,jewellery,data/catalogue/JW_000472.jpg,https://huggingface.co/datasets/sidd707/jewelry-design-dataset/img_000471.jpg,262,262
JW_000398,Img 000472,jewellery,data/catalogue/JW_000473.jpg,https://huggingface.co/datasets/sidd707/jewelry-design-dataset/img_000472.jpg,262,262
JW_000399,Img 000473,jewellery,data/catalogue/JW_000474.jpg,https://huggingface.co/datasets/sidd707/jewelry-design-dataset/img_000473.jpg,262,262
JW_000400,Img 000474,jewellery,data/catalogue/JW_000475.jpg,https://huggingface.co/datasets/sidd707/jewelry-design-dataset/img_000474.jpg,262,262
JW_000401,Img 000475,jewellery,data/catalogue/JW_000476.jpg,https://huggingface.co/datasets/sidd707/jewelry-design-dataset/img_000475.jpg,262,262
JW_000402,Img 000476,jewellery,data/catalogue/JW_000477.jpg,https://huggingface.co/datasets/sidd707/jewelry-design-dataset/img_000476.jpg,262,262
JW_000403,Img 000477,jewellery,data/catalogue/JW_000478.jpg,https://huggingface.co/datasets/sidd707/jewelry-design-dataset/img_000477.jpg,262,262
JW_000404,Img 000478,jewellery,data/catalogue/JW_000479.jpg,https://huggingface.co/datasets/sidd707/jewelry-design-dataset/img_000478.jpg,262,262
JW_000405,Img 000479,jewellery,data/catalogue/JW_000480.jpg,https://huggingface.co/datasets/sidd707/jewelry-design-dataset/img_000479.jpg,256,256
JW_000406,Img 000480,jewellery,data/catalogue/JW_000481.jpg,https://huggingface.co/datasets/sidd707/jewelry-design-dataset/img_000480.jpg,1000,866
JW_000407,Img 000481,jewellery,data/catalogue/JW_000482.jpg,https://huggingface.co/datasets/sidd707/jewelry-design-dataset/img_000481.jpg,256,256
JW_000408,Img 000482,jewellery,data/catalogue/JW_000483.jpg,https://huggingface.co/datasets/sidd707/jewelry-design-dataset/img_000482.jpg,256,256
JW_000409,Img 000483,jewellery,data/catalogue/JW_000484.jpg,https://huggingface.co/datasets/sidd707/jewelry-design-dataset/img_000483.jpg,256,256
JW_000410,Img 000484,jewellery,data/catalogue/JW_000485.jpg,https://huggingface.co/datasets/sidd707/jewelry-design-dataset/img_000484.jpg,256,256
JW_000411,Img 000485,jewellery,data/catalogue/JW_000486.jpg,https://huggingface.co/datasets/sidd707/jewelry-design-dataset/img_000485.jpg,256,256
JW_000412,Img 000488,jewellery,data/catalogue/JW_000489.jpg,https://huggingface.co/datasets/sidd707/jewelry-design-dataset/img_000488.jpg,256,256
JW_000413,Img 000489,jewellery,data/catalogue/JW_000490.jpg,https://huggingface.co/datasets/sidd707/jewelry-design-dataset/img_000489.jpg,256,256
JW_000414,Img 000492,jewellery,data/catalogue/JW_000493.jpg,https://huggingface.co/datasets/sidd707/jewelry-design-dataset/img_000492.jpg,256,256
JW_000415,Img 000493,jewellery,data/catalogue/JW_000494.jpg,https://huggingface.co/datasets/sidd707/jewelry-design-dataset/img_000493.jpg,256,256
JW_000416,Img 000494,jewellery,data/catalogue/JW_000495.jpg,https://huggingface.co/datasets/sidd707/jewelry-design-dataset/img_000494.jpg,256,256
JW_000417,Img 000495,jewellery,data/catalogue/JW_000496.jpg,https://huggingface.co/datasets/sidd707/jewelry-design-dataset/img_000495.jpg,256,256
JW_000418,Img 000496,jewellery,data/catalogue/JW_000497.jpg,https://huggingface.co/datasets/sidd707/jewelry-design-dataset/img_000496.jpg,2400,3600
JW_000419,Img 000498,jewellery,data/catalogue/JW_000499.jpg,https://huggingface.co/datasets/sidd707/jewelry-design-dataset/img_000498.jpg,256,256
JW_000420,Img 000499,jewellery,data/catalogue/JW_000500.jpg,https://huggingface.co/datasets/sidd707/jewelry-design-dataset/img_000499.jpg,256,256
JW_000421,Img 000500,jewellery,data/catalogue/JW_000501.jpg,https://huggingface.co/datasets/sidd707/jewelry-design-dataset/img_000500.jpg,256,256
JW_000422,Img 000501,jewellery,data/catalogue/JW_000502.jpg,https://huggingface.co/datasets/sidd707/jewelry-design-dataset/img_000501.jpg,256,256
JW_000423,Img 000503,jewellery,data/catalogue/JW_000504.jpg,https://huggingface.co/datasets/sidd707/jewelry-design-dataset/img_000503.jpg,256,256
JW_000424,Img 000505,jewellery,data/catalogue/JW_000506.jpg,https://huggingface.co/datasets/sidd707/jewelry-design-dataset/img_000505.jpg,256,256
JW_000425,Img 000506,jewellery,data/catalogue/JW_000507.jpg,https://huggingface.co/datasets/sidd707/jewelry-design-dataset/img_000506.jpg,256,256
JW_000426,Img 000507,jewellery,data/catalogue/JW_000508.jpg,https://huggingface.co/datasets/sidd707/jewelry-design-dataset/img_000507.jpg,256,256
JW_000427,Img 000508,jewellery,data/catalogue/JW_000509.jpg,https://huggingface.co/datasets/sidd707/jewelry-design-dataset/img_000508.jpg,256,256
JW_000428,Img 000509,jewellery,data/catalogue/JW_000510.jpg,https://huggingface.co/datasets/sidd707/jewelry-design-dataset/img_000509.jpg,256,256
JW_000429,Img 000510,jewellery,data/catalogue/JW_000511.jpg,https://huggingface.co/datasets/sidd707/jewelry-design-dataset/img_000510.jpg,256,256
JW_000430,Img 000511,jewellery,data/catalogue/JW_000512.jpg,https://huggingface.co/datasets/sidd707/jewelry-design-dataset/img_000511.jpg,256,256
JW_000431,Img 000512,jewellery,data/catalogue/JW_000513.jpg,https://huggingface.co/datasets/sidd707/jewelry-design-dataset/img_000512.jpg,256,256
JW_000432,Img 000513,jewellery,data/catalogue/JW_000514.jpg,https://huggingface.co/datasets/sidd707/jewelry-design-dataset/img_000513.jpg,256,256
JW_000433,Img 000514,jewellery,data/catalogue/JW_000515.jpg,https://huggingface.co/datasets/sidd707/jewelry-design-dataset/img_000514.jpg,256,256
JW_000434,Img 000516,jewellery,data/catalogue/JW_000517.jpg,https://huggingface.co/datasets/sidd707/jewelry-design-dataset/img_000516.jpg,256,256
JW_000435,Img 000517,jewellery,data/catalogue/JW_000518.jpg,https://huggingface.co/datasets/sidd707/jewelry-design-dataset/img_000517.jpg,256,256
JW_000436,Img 000518,jewellery,data/catalogue/JW_000519.jpg,https://huggingface.co/datasets/sidd707/jewelry-design-dataset/img_000518.jpg,256,256
JW_000437,Img 000519,jewellery,data/catalogue/JW_000520.jpg,https://huggingface.co/datasets/sidd707/jewelry-design-dataset/img_000519.jpg,256,256
JW_000438,Img 000520,jewellery,data/catalogue/JW_000521.jpg,https://huggingface.co/datasets/sidd707/jewelry-design-dataset/img_000520.jpg,256,256
JW_000439,Img 000521,jewellery,data/catalogue/JW_000522.jpg,https://huggingface.co/datasets/sidd707/jewelry-design-dataset/img_000521.jpg,256,256
JW_000440,Img 000522,jewellery,data/catalogue/JW_000523.jpg,https://huggingface.co/datasets/sidd707/jewelry-design-dataset/img_000522.jpg,256,256
JW_000441,Img 000523,jewellery,data/catalogue/JW_000524.jpg,https://huggingface.co/datasets/sidd707/jewelry-design-dataset/img_000523.jpg,256,256
JW_000442,Img 000524,jewellery,data/catalogue/JW_000525.jpg,https://huggingface.co/datasets/sidd707/jewelry-design-dataset/img_000524.jpg,256,256
JW_000443,Img 000525,jewellery,data/catalogue/JW_000526.jpg,https://huggingface.co/datasets/sidd707/jewelry-design-dataset/img_000525.jpg,256,256
JW_000444,Img 000526,jewellery,data/catalogue/JW_000527.jpg,https://huggingface.co/datasets/sidd707/jewelry-design-dataset/img_000526.jpg,256,256
JW_000445,Img 000527,jewellery,data/catalogue/JW_000528.jpg,https://huggingface.co/datasets/sidd707/jewelry-design-dataset/img_000527.jpg,256,256
JW_000446,Img 000528,jewellery,data/catalogue/JW_000529.jpg,https://huggingface.co/datasets/sidd707/jewelry-design-dataset/img_000528.jpg,256,256
JW_000447,Img 000529,jewellery,data/catalogue/JW_000530.jpg,https://huggingface.co/datasets/sidd707/jewelry-design-dataset/img_000529.jpg,256,256
JW_000448,Img 000530,jewellery,data/catalogue/JW_000531.jpg,https://huggingface.co/datasets/sidd707/jewelry-design-dataset/img_000530.jpg,256,256
JW_000449,Img 000531,jewellery,data/catalogue/JW_000532.jpg,https://huggingface.co/datasets/sidd707/jewelry-design-dataset/img_000531.jpg,256,256
JW_000450,Img 000533,jewellery,data/catalogue/JW_000534.jpg,https://huggingface.co/datasets/sidd707/jewelry-design-dataset/img_000533.jpg,256,256
JW_000451,Img 000534,jewellery,data/catalogue/JW_000535.jpg,https://huggingface.co/datasets/sidd707/jewelry-design-dataset/img_000534.jpg,256,256
JW_000452,Img 000535,jewellery,data/catalogue/JW_000536.jpg,https://huggingface.co/datasets/sidd707/jewelry-design-dataset/img_000535.jpg,256,256
JW_000453,Img 000536,jewellery,data/catalogue/JW_000537.jpg,https://huggingface.co/datasets/sidd707/jewelry-design-dataset/img_000536.jpg,256,256
JW_000454,Img 000537,jewellery,data/catalogue/JW_000538.jpg,https://huggingface.co/datasets/sidd707/jewelry-design-dataset/img_000537.jpg,256,256
JW_000455,Img 000538,jewellery,data/catalogue/JW_000539.jpg,https://huggingface.co/datasets/sidd707/jewelry-design-dataset/img_000538.jpg,240,300
JW_000456,Img 000540,jewellery,data/catalogue/JW_000541.jpg,https://huggingface.co/datasets/sidd707/jewelry-design-dataset/img_000540.jpg,256,256
JW_000457,Img 000541,jewellery,data/catalogue/JW_000542.jpg,https://huggingface.co/datasets/sidd707/jewelry-design-dataset/img_000541.jpg,256,256
JW_000458,Img 000542,jewellery,data/catalogue/JW_000543.jpg,https://huggingface.co/datasets/sidd707/jewelry-design-dataset/img_000542.jpg,256,256
JW_000459,Img 000543,jewellery,data/catalogue/JW_000544.jpg,https://huggingface.co/datasets/sidd707/jewelry-design-dataset/img_000543.jpg,256,256
JW_000460,Img 000544,jewellery,data/catalogue/JW_000545.jpg,https://huggingface.co/datasets/sidd707/jewelry-design-dataset/img_000544.jpg,256,256
JW_000461,Img 000546,jewellery,data/catalogue/JW_000547.jpg,https://huggingface.co/datasets/sidd707/jewelry-design-dataset/img_000546.jpg,256,256
JW_000462,Img 000547,jewellery,data/catalogue/JW_000548.jpg,https://huggingface.co/datasets/sidd707/jewelry-design-dataset/img_000547.jpg,256,256
JW_000463,Img 000548,jewellery,data/catalogue/JW_000549.jpg,https://huggingface.co/datasets/sidd707/jewelry-design-dataset/img_000548.jpg,256,256
JW_000464,Img 000549,jewellery,data/catalogue/JW_000550.jpg,https://huggingface.co/datasets/sidd707/jewelry-design-dataset/img_000549.jpg,256,256
JW_000465,Img 000550,jewellery,data/catalogue/JW_000551.jpg,https://huggingface.co/datasets/sidd707/jewelry-design-dataset/img_000550.jpg,256,256
JW_000466,Img 000551,jewellery,data/catalogue/JW_000552.jpg,https://huggingface.co/datasets/sidd707/jewelry-design-dataset/img_000551.jpg,256,256
JW_000467,Img 000552,jewellery,data/catalogue/JW_000553.jpg,https://huggingface.co/datasets/sidd707/jewelry-design-dataset/img_000552.jpg,256,256
JW_000468,Img 000553,jewellery,data/catalogue/JW_000554.jpg,https://huggingface.co/datasets/sidd707/jewelry-design-dataset/img_000553.jpg,256,256
JW_000469,Img 000554,jewellery,data/catalogue/JW_000555.jpg,https://huggingface.co/datasets/sidd707/jewelry-design-dataset/img_000554.jpg,256,256
JW_000470,Img 000555,jewellery,data/catalogue/JW_000556.jpg,https://huggingface.co/datasets/sidd707/jewelry-design-dataset/img_000555.jpg,256,256
JW_000471,Img 000556,jewellery,data/catalogue/JW_000557.jpg,https://huggingface.co/datasets/sidd707/jewelry-design-dataset/img_000556.jpg,256,256
JW_000472,Img 000557,jewellery,data/catalogue/JW_000558.jpg,https://huggingface.co/datasets/sidd707/jewelry-design-dataset/img_000557.jpg,256,256
JW_000473,Img 000559,jewellery,data/catalogue/JW_000560.jpg,https://huggingface.co/datasets/sidd707/jewelry-design-dataset/img_000559.jpg,256,256
JW_000474,Img 000561,jewellery,data/catalogue/JW_000562.jpg,https://huggingface.co/datasets/sidd707/jewelry-design-dataset/img_000561.jpg,256,256
JW_000475,Img 000562,jewellery,data/catalogue/JW_000563.jpg,https://huggingface.co/datasets/sidd707/jewelry-design-dataset/img_000562.jpg,256,256
JW_000476,Img 000563,jewellery,data/catalogue/JW_000564.jpg,https://huggingface.co/datasets/sidd707/jewelry-design-dataset/img_000563.jpg,256,256
JW_000477,Img 000564,jewellery,data/catalogue/JW_000565.jpg,https://huggingface.co/datasets/sidd707/jewelry-design-dataset/img_000564.jpg,256,256
JW_000478,Img 000565,jewellery,data/catalogue/JW_000566.jpg,https://huggingface.co/datasets/sidd707/jewelry-design-dataset/img_000565.jpg,256,256
JW_000479,Img 000566,jewellery,data/catalogue/JW_000567.jpg,https://huggingface.co/datasets/sidd707/jewelry-design-dataset/img_000566.jpg,256,256
JW_000480,Img 000567,jewellery,data/catalogue/JW_000568.jpg,https://huggingface.co/datasets/sidd707/jewelry-design-dataset/img_000567.jpg,256,256
JW_000481,Img 000568,jewellery,data/catalogue/JW_000569.jpg,https://huggingface.co/datasets/sidd707/jewelry-design-dataset/img_000568.jpg,256,256
JW_000482,Img 000569,jewellery,data/catalogue/JW_000570.jpg,https://huggingface.co/datasets/sidd707/jewelry-design-dataset/img_000569.jpg,256,256
JW_000483,Img 000570,jewellery,data/catalogue/JW_000571.jpg,https://huggingface.co/datasets/sidd707/jewelry-design-dataset/img_000570.jpg,256,256
JW_000484,Img 000571,jewellery,data/catalogue/JW_000572.jpg,https://huggingface.co/datasets/sidd707/jewelry-design-dataset/img_000571.jpg,256,256
JW_000485,Img 000572,jewellery,data/catalogue/JW_000573.jpg,https://huggingface.co/datasets/sidd707/jewelry-design-dataset/img_000572.jpg,256,256
JW_000486,Img 000573,jewellery,data/catalogue/JW_000574.jpg,https://huggingface.co/datasets/sidd707/jewelry-design-dataset/img_000573.jpg,256,256
JW_000487,Img 000577,jewellery,data/catalogue/JW_000578.jpg,https://huggingface.co/datasets/sidd707/jewelry-design-dataset/img_000577.jpg,340,270
JW_000488,Img 000578,jewellery,data/catalogue/JW_000579.jpg,https://huggingface.co/datasets/sidd707/jewelry-design-dataset/img_000578.jpg,225,225
JW_000489,Img 000579,jewellery,data/catalogue/JW_000580.jpg,https://huggingface.co/datasets/sidd707/jewelry-design-dataset/img_000579.jpg,225,225
JW_000490,Img 000580,jewellery,data/catalogue/JW_000581.jpg,https://huggingface.co/datasets/sidd707/jewelry-design-dataset/img_000580.jpg,227,223
JW_000491,Img 000581,jewellery,data/catalogue/JW_000582.jpg,https://huggingface.co/datasets/sidd707/jewelry-design-dataset/img_000581.jpg,557,550
JW_000492,Img 000582,jewellery,data/catalogue/JW_000583.jpg,https://huggingface.co/datasets/sidd707/jewelry-design-dataset/img_000582.jpg,488,628
JW_000493,Img 000583,jewellery,data/catalogue/JW_000584.jpg,https://huggingface.co/datasets/sidd707/jewelry-design-dataset/img_000583.jpg,480,480
JW_000494,Img 000584,jewellery,data/catalogue/JW_000585.jpg,https://huggingface.co/datasets/sidd707/jewelry-design-dataset/img_000584.jpg,554,554
JW_000495,Img 000585,jewellery,data/catalogue/JW_000586.jpg,https://huggingface.co/datasets/sidd707/jewelry-design-dataset/img_000585.jpg,488,628
JW_000496,Img 000586,jewellery,data/catalogue/JW_000587.jpg,https://huggingface.co/datasets/sidd707/jewelry-design-dataset/img_000586.jpg,554,554
JW_000497,Img 000587,jewellery,data/catalogue/JW_000588.jpg,https://huggingface.co/datasets/sidd707/jewelry-design-dataset/img_000587.jpg,225,225
JW_000498,Img 000588,jewellery,data/catalogue/JW_000589.jpg,https://huggingface.co/datasets/sidd707/jewelry-design-dataset/img_000588.jpg,640,639
JW_000499,Img 000589,jewellery,data/catalogue/JW_000590.jpg,https://huggingface.co/datasets/sidd707/jewelry-design-dataset/img_000589.jpg,225,225
JW_000500,Img 000590,jewellery,data/catalogue/JW_000591.jpg,https://huggingface.co/datasets/sidd707/jewelry-design-dataset/img_000590.jpg,275,183
JW_000501,Img 000591,jewellery,data/catalogue/JW_000592.jpg,https://huggingface.co/datasets/sidd707/jewelry-design-dataset/img_000591.jpg,320,320
JW_000502,Img 000594,jewellery,data/catalogue/JW_000595.jpg,https://huggingface.co/datasets/sidd707/jewelry-design-dataset/img_000594.jpg,225,225
JW_000503,Img 000595,jewellery,data/catalogue/JW_000596.jpg,https://huggingface.co/datasets/sidd707/jewelry-design-dataset/img_000595.jpg,225,225
JW_000504,Img 000596,jewellery,data/catalogue/JW_000597.jpg,https://huggingface.co/datasets/sidd707/jewelry-design-dataset/img_000596.jpg,1024,1024
JW_000505,Img 000597,jewellery,data/catalogue/JW_000598.jpg,https://huggingface.co/datasets/sidd707/jewelry-design-dataset/img_000597.jpg,1024,1024
JW_000506,Img 000598,jewellery,data/catalogue/JW_000599.jpg,https://huggingface.co/datasets/sidd707/jewelry-design-dataset/img_000598.jpg,900,900
JW_000507,Img 000599,jewellery,data/catalogue/JW_000600.jpg,https://huggingface.co/datasets/sidd707/jewelry-design-dataset/img_000599.jpg,800,800
JW_000508,Img 000600,jewellery,data/catalogue/JW_000601.jpg,https://huggingface.co/datasets/sidd707/jewelry-design-dataset/img_000600.jpg,600,600
JW_000509,Img 000601,jewellery,data/catalogue/JW_000602.jpg,https://huggingface.co/datasets/sidd707/jewelry-design-dataset/img_000601.jpg,900,900
JW_000510,Img 000602,jewellery,data/catalogue/JW_000603.jpg,https://huggingface.co/datasets/sidd707/jewelry-design-dataset/img_000602.jpg,1280,1645
JW_000511,Img 000604,jewellery,data/catalogue/JW_000605.jpg,https://huggingface.co/datasets/sidd707/jewelry-design-dataset/img_000604.jpg,256,256
JW_000512,Img 000605,jewellery,data/catalogue/JW_000606.jpg,https://huggingface.co/datasets/sidd707/jewelry-design-dataset/img_000605.jpg,256,256
JW_000513,Img 000606,jewellery,data/catalogue/JW_000607.jpg,https://huggingface.co/datasets/sidd707/jewelry-design-dataset/img_000606.jpg,256,256
JW_000514,Img 000607,jewellery,data/catalogue/JW_000608.jpg,https://huggingface.co/datasets/sidd707/jewelry-design-dataset/img_000607.jpg,256,256
JW_000515,Img 000609,jewellery,data/catalogue/JW_000610.jpg,https://huggingface.co/datasets/sidd707/jewelry-design-dataset/img_000609.jpg,256,256
JW_000516,Img 000610,jewellery,data/catalogue/JW_000611.jpg,https://huggingface.co/datasets/sidd707/jewelry-design-dataset/img_000610.jpg,256,256
JW_000517,Img 000611,jewellery,data/catalogue/JW_000612.jpg,https://huggingface.co/datasets/sidd707/jewelry-design-dataset/img_000611.jpg,256,256
JW_000518,Img 000612,jewellery,data/catalogue/JW_000613.jpg,https://huggingface.co/datasets/sidd707/jewelry-design-dataset/img_000612.jpg,256,256
JW_000519,Img 000613,jewellery,data/catalogue/JW_000614.jpg,https://huggingface.co/datasets/sidd707/jewelry-design-dataset/img_000613.jpg,256,256
JW_000520,Img 000614,jewellery,data/catalogue/JW_000615.jpg,https://huggingface.co/datasets/sidd707/jewelry-design-dataset/img_000614.jpg,256,256
JW_000521,Img 000615,jewellery,data/catalogue/JW_000616.jpg,https://huggingface.co/datasets/sidd707/jewelry-design-dataset/img_000615.jpg,256,256
JW_000522,Img 000616,jewellery,data/catalogue/JW_000617.jpg,https://huggingface.co/datasets/sidd707/jewelry-design-dataset/img_000616.jpg,256,256
JW_000523,Img 000617,jewellery,data/catalogue/JW_000618.jpg,https://huggingface.co/datasets/sidd707/jewelry-design-dataset/img_000617.jpg,256,256
JW_000524,Img 000618,jewellery,data/catalogue/JW_000619.jpg,https://huggingface.co/datasets/sidd707/jewelry-design-dataset/img_000618.jpg,256,256
JW_000525,Img 000620,jewellery,data/catalogue/JW_000621.jpg,https://huggingface.co/datasets/sidd707/jewelry-design-dataset/img_000620.jpg,256,256
JW_000526,Img 000621,jewellery,data/catalogue/JW_000622.jpg,https://huggingface.co/datasets/sidd707/jewelry-design-dataset/img_000621.jpg,256,256
JW_000527,Img 000622,jewellery,data/catalogue/JW_000623.jpg,https://huggingface.co/datasets/sidd707/jewelry-design-dataset/img_000622.jpg,256,256
JW_000528,Img 000623,jewellery,data/catalogue/JW_000624.jpg,https://huggingface.co/datasets/sidd707/jewelry-design-dataset/img_000623.jpg,256,256
JW_000529,Img 000624,jewellery,data/catalogue/JW_000625.jpg,https://huggingface.co/datasets/sidd707/jewelry-design-dataset/img_000624.jpg,256,256
JW_000530,Img 000626,jewellery,data/catalogue/JW_000627.jpg,https://huggingface.co/datasets/sidd707/jewelry-design-dataset/img_000626.jpg,256,256
JW_000531,Img 000627,jewellery,data/catalogue/JW_000628.jpg,https://huggingface.co/datasets/sidd707/jewelry-design-dataset/img_000627.jpg,256,256
JW_000532,Img 000628,jewellery,data/catalogue/JW_000629.jpg,https://huggingface.co/datasets/sidd707/jewelry-design-dataset/img_000628.jpg,256,256
JW_000533,Img 000629,jewellery,data/catalogue/JW_000630.jpg,https://huggingface.co/datasets/sidd707/jewelry-design-dataset/img_000629.jpg,256,256
JW_000534,Img 000630,jewellery,data/catalogue/JW_000631.jpg,https://huggingface.co/datasets/sidd707/jewelry-design-dataset/img_000630.jpg,256,256
JW_000535,Img 000631,jewellery,data/catalogue/JW_000632.jpg,https://huggingface.co/datasets/sidd707/jewelry-design-dataset/img_000631.jpg,256,256
JW_000536,Img 000632,jewellery,data/catalogue/JW_000633.jpg,https://huggingface.co/datasets/sidd707/jewelry-design-dataset/img_000632.jpg,256,256
JW_000537,Img 000633,jewellery,data/catalogue/JW_000634.jpg,https://huggingface.co/datasets/sidd707/jewelry-design-dataset/img_000633.jpg,256,256
JW_000538,Img 000634,jewellery,data/catalogue/JW_000635.jpg,https://huggingface.co/datasets/sidd707/jewelry-design-dataset/img_000634.jpg,256,256
JW_000539,Img 000635,jewellery,data/catalogue/JW_000636.jpg,https://huggingface.co/datasets/sidd707/jewelry-design-dataset/img_000635.jpg,256,256
JW_000540,Img 000636,jewellery,data/catalogue/JW_000637.jpg,https://huggingface.co/datasets/sidd707/jewelry-design-dataset/img_000636.jpg,256,256
JW_000541,Img 000637,jewellery,data/catalogue/JW_000638.jpg,https://huggingface.co/datasets/sidd707/jewelry-design-dataset/img_000637.jpg,256,256
JW_000542,Img 000638,jewellery,data/catalogue/JW_000639.jpg,https://huggingface.co/datasets/sidd707/jewelry-design-dataset/img_000638.jpg,256,256
JW_000543,Img 000639,jewellery,data/catalogue/JW_000640.jpg,https://huggingface.co/datasets/sidd707/jewelry-design-dataset/img_000639.jpg,256,256
JW_000544,Img 000640,jewellery,data/catalogue/JW_000641.jpg,https://huggingface.co/datasets/sidd707/jewelry-design-dataset/img_000640.jpg,256,256
JW_000545,Img 000641,jewellery,data/catalogue/JW_000642.jpg,https://huggingface.co/datasets/sidd707/jewelry-design-dataset/img_000641.jpg,256,256
JW_000546,Img 000642,jewellery,data/catalogue/JW_000643.jpg,https://huggingface.co/datasets/sidd707/jewelry-design-dataset/img_000642.jpg,256,256
JW_000547,Img 000643,jewellery,data/catalogue/JW_000644.jpg,https://huggingface.co/datasets/sidd707/jewelry-design-dataset/img_000643.jpg,256,256
JW_000548,Img 000644,jewellery,data/catalogue/JW_000645.jpg,https://huggingface.co/datasets/sidd707/jewelry-design-dataset/img_000644.jpg,256,256
JW_000549,Img 000645,jewellery,data/catalogue/JW_000646.jpg,https://huggingface.co/datasets/sidd707/jewelry-design-dataset/img_000645.jpg,256,256
JW_000550,Img 000646,jewellery,data/catalogue/JW_000647.jpg,https://huggingface.co/datasets/sidd707/jewelry-design-dataset/img_000646.jpg,256,256
JW_000551,Img 000647,jewellery,data/catalogue/JW_000648.jpg,https://huggingface.co/datasets/sidd707/jewelry-design-dataset/img_000647.jpg,256,256
JW_000552,Img 000648,jewellery,data/catalogue/JW_000649.jpg,https://huggingface.co/datasets/sidd707/jewelry-design-dataset/img_000648.jpg,256,256
JW_000553,Img 000649,jewellery,data/catalogue/JW_000650.jpg,https://huggingface.co/datasets/sidd707/jewelry-design-dataset/img_000649.jpg,256,256
JW_000554,Img 000651,jewellery,data/catalogue/JW_000652.jpg,https://huggingface.co/datasets/sidd707/jewelry-design-dataset/img_000651.jpg,256,256
JW_000555,Img 000652,jewellery,data/catalogue/JW_000653.jpg,https://huggingface.co/datasets/sidd707/jewelry-design-dataset/img_000652.jpg,256,256
JW_000556,Img 000653,jewellery,data/catalogue/JW_000654.jpg,https://huggingface.co/datasets/sidd707/jewelry-design-dataset/img_000653.jpg,256,256
JW_000557,Img 000654,jewellery,data/catalogue/JW_000655.jpg,https://huggingface.co/datasets/sidd707/jewelry-design-dataset/img_000654.jpg,256,256
JW_000558,Img 000655,jewellery,data/catalogue/JW_000656.jpg,https://huggingface.co/datasets/sidd707/jewelry-design-dataset/img_000655.jpg,256,256
JW_000559,Img 000656,jewellery,data/catalogue/JW_000657.jpg,https://huggingface.co/datasets/sidd707/jewelry-design-dataset/img_000656.jpg,256,256
JW_000560,Img 000657,jewellery,data/catalogue/JW_000658.jpg,https://huggingface.co/datasets/sidd707/jewelry-design-dataset/img_000657.jpg,256,256
JW_000561,Img 000658,jewellery,data/catalogue/JW_000659.jpg,https://huggingface.co/datasets/sidd707/jewelry-design-dataset/img_000658.jpg,256,256
JW_000562,Img 000660,jewellery,data/catalogue/JW_000661.jpg,https://huggingface.co/datasets/sidd707/jewelry-design-dataset/img_000660.jpg,256,256
JW_000563,Img 000661,jewellery,data/catalogue/JW_000662.jpg,https://huggingface.co/datasets/sidd707/jewelry-design-dataset/img_000661.jpg,256,256
JW_000564,Img 000662,jewellery,data/catalogue/JW_000663.jpg,https://huggingface.co/datasets/sidd707/jewelry-design-dataset/img_000662.jpg,256,256
JW_000565,Img 000663,jewellery,data/catalogue/JW_000664.jpg,https://huggingface.co/datasets/sidd707/jewelry-design-dataset/img_000663.jpg,256,256
JW_000566,Img 000664,jewellery,data/catalogue/JW_000665.jpg,https://huggingface.co/datasets/sidd707/jewelry-design-dataset/img_000664.jpg,256,256
JW_000567,Img 000666,jewellery,data/catalogue/JW_000667.jpg,https://huggingface.co/datasets/sidd707/jewelry-design-dataset/img_000666.jpg,256,256
JW_000568,Img 000667,jewellery,data/catalogue/JW_000668.jpg,https://huggingface.co/datasets/sidd707/jewelry-design-dataset/img_000667.jpg,256,256
JW_000569,Img 000668,jewellery,data/catalogue/JW_000669.jpg,https://huggingface.co/datasets/sidd707/jewelry-design-dataset/img_000668.jpg,256,256
JW_000570,Img 000669,jewellery,data/catalogue/JW_000670.jpg,https://huggingface.co/datasets/sidd707/jewelry-design-dataset/img_000669.jpg,256,256
JW_000571,Img 000670,jewellery,data/catalogue/JW_000671.jpg,https://huggingface.co/datasets/sidd707/jewelry-design-dataset/img_000670.jpg,256,256
JW_000572,Img 000671,jewellery,data/catalogue/JW_000672.jpg,https://huggingface.co/datasets/sidd707/jewelry-design-dataset/img_000671.jpg,256,256
JW_000573,Img 000672,jewellery,data/catalogue/JW_000673.jpg,https://huggingface.co/datasets/sidd707/jewelry-design-dataset/img_000672.jpg,256,256
JW_000574,Img 000673,jewellery,data/catalogue/JW_000674.jpg,https://huggingface.co/datasets/sidd707/jewelry-design-dataset/img_000673.jpg,256,256
JW_000575,Img 000674,jewellery,data/catalogue/JW_000675.jpg,https://huggingface.co/datasets/sidd707/jewelry-design-dataset/img_000674.jpg,256,256
JW_000576,Img 000675,jewellery,data/catalogue/JW_000676.jpg,https://huggingface.co/datasets/sidd707/jewelry-design-dataset/img_000675.jpg,256,256
JW_000577,Img 000676,jewellery,data/catalogue/JW_000677.jpg,https://huggingface.co/datasets/sidd707/jewelry-design-dataset/img_000676.jpg,256,256
JW_000578,Img 000677,jewellery,data/catalogue/JW_000678.jpg,https://huggingface.co/datasets/sidd707/jewelry-design-dataset/img_000677.jpg,256,256
JW_000579,Img 000678,jewellery,data/catalogue/JW_000679.jpg,https://huggingface.co/datasets/sidd707/jewelry-design-dataset/img_000678.jpg,256,256
JW_000580,Img 000679,jewellery,data/catalogue/JW_000680.jpg,https://huggingface.co/datasets/sidd707/jewelry-design-dataset/img_000679.jpg,256,256
JW_000581,Img 000680,jewellery,data/catalogue/JW_000681.jpg,https://huggingface.co/datasets/sidd707/jewelry-design-dataset/img_000680.jpg,256,256
JW_000582,Img 000681,jewellery,data/catalogue/JW_000682.jpg,https://huggingface.co/datasets/sidd707/jewelry-design-dataset/img_000681.jpg,256,256
JW_000583,Img 000682,jewellery,data/catalogue/JW_000683.jpg,https://huggingface.co/datasets/sidd707/jewelry-design-dataset/img_000682.jpg,256,256
JW_000584,Img 000683,jewellery,data/catalogue/JW_000684.jpg,https://huggingface.co/datasets/sidd707/jewelry-design-dataset/img_000683.jpg,256,256
JW_000585,Img 000684,jewellery,data/catalogue/JW_000685.jpg,https://huggingface.co/datasets/sidd707/jewelry-design-dataset/img_000684.jpg,256,256
JW_000586,Img 000685,jewellery,data/catalogue/JW_000686.jpg,https://huggingface.co/datasets/sidd707/jewelry-design-dataset/img_000685.jpg,256,256
JW_000587,Img 000686,jewellery,data/catalogue/JW_000687.jpg,https://huggingface.co/datasets/sidd707/jewelry-design-dataset/img_000686.jpg,256,256
JW_000588,Img 000687,jewellery,data/catalogue/JW_000688.jpg,https://huggingface.co/datasets/sidd707/jewelry-design-dataset/img_000687.jpg,256,256
JW_000589,Img 000688,jewellery,data/catalogue/JW_000689.jpg,https://huggingface.co/datasets/sidd707/jewelry-design-dataset/img_000688.jpg,256,256
JW_000590,Img 000689,jewellery,data/catalogue/JW_000690.jpg,https://huggingface.co/datasets/sidd707/jewelry-design-dataset/img_000689.jpg,256,256
JW_000591,Img 000691,jewellery,data/catalogue/JW_000692.jpg,https://huggingface.co/datasets/sidd707/jewelry-design-dataset/img_000691.jpg,256,256
JW_000592,Img 000692,jewellery,data/catalogue/JW_000693.jpg,https://huggingface.co/datasets/sidd707/jewelry-design-dataset/img_000692.jpg,256,256
JW_000593,Img 000694,jewellery,data/catalogue/JW_000695.jpg,https://huggingface.co/datasets/sidd707/jewelry-design-dataset/img_000694.jpg,256,256
JW_000594,Img 000695,jewellery,data/catalogue/JW_000696.jpg,https://huggingface.co/datasets/sidd707/jewelry-design-dataset/img_000695.jpg,256,256
JW_000595,Img 000696,jewellery,data/catalogue/JW_000697.jpg,https://huggingface.co/datasets/sidd707/jewelry-design-dataset/img_000696.jpg,768,768
JW_000596,Img 000697,jewellery,data/catalogue/JW_000698.jpg,https://huggingface.co/datasets/sidd707/jewelry-design-dataset/img_000697.jpg,256,256
JW_000597,Img 000698,jewellery,data/catalogue/JW_000699.jpg,https://huggingface.co/datasets/sidd707/jewelry-design-dataset/img_000698.jpg,256,256
JW_000598,Img 000699,jewellery,data/catalogue/JW_000700.jpg,https://huggingface.co/datasets/sidd707/jewelry-design-dataset/img_000699.jpg,256,256
JW_000599,Img 000700,jewellery,data/catalogue/JW_000701.jpg,https://huggingface.co/datasets/sidd707/jewelry-design-dataset/img_000700.jpg,256,256
JW_000600,Img 000701,jewellery,data/catalogue/JW_000702.jpg,https://huggingface.co/datasets/sidd707/jewelry-design-dataset/img_000701.jpg,256,256
JW_000601,Img 000702,jewellery,data/catalogue/JW_000703.jpg,https://huggingface.co/datasets/sidd707/jewelry-design-dataset/img_000702.jpg,256,256
JW_000602,Img 000703,jewellery,data/catalogue/JW_000704.jpg,https://huggingface.co/datasets/sidd707/jewelry-design-dataset/img_000703.jpg,256,256
JW_000603,Img 000704,jewellery,data/catalogue/JW_000705.jpg,https://huggingface.co/datasets/sidd707/jewelry-design-dataset/img_000704.jpg,256,256
JW_000604,Img 000705,jewellery,data/catalogue/JW_000706.jpg,https://huggingface.co/datasets/sidd707/jewelry-design-dataset/img_000705.jpg,256,256
JW_000605,Img 000706,jewellery,data/catalogue/JW_000707.jpg,https://huggingface.co/datasets/sidd707/jewelry-design-dataset/img_000706.jpg,256,256
JW_000606,Img 000707,jewellery,data/catalogue/JW_000708.jpg,https://huggingface.co/datasets/sidd707/jewelry-design-dataset/img_000707.jpg,256,256
JW_000607,Img 000708,jewellery,data/catalogue/JW_000709.jpg,https://huggingface.co/datasets/sidd707/jewelry-design-dataset/img_000708.jpg,256,256
JW_000608,Img 000709,jewellery,data/catalogue/JW_000710.jpg,https://huggingface.co/datasets/sidd707/jewelry-design-dataset/img_000709.jpg,256,256
JW_000609,Img 000710,jewellery,data/catalogue/JW_000711.jpg,https://huggingface.co/datasets/sidd707/jewelry-design-dataset/img_000710.jpg,256,256
JW_000610,Img 000711,jewellery,data/catalogue/JW_000712.jpg,https://huggingface.co/datasets/sidd707/jewelry-design-dataset/img_000711.jpg,800,800
JW_000611,Img 000712,jewellery,data/catalogue/JW_000713.jpg,https://huggingface.co/datasets/sidd707/jewelry-design-dataset/img_000712.jpg,256,256
JW_000612,Img 000713,jewellery,data/catalogue/JW_000714.jpg,https://huggingface.co/datasets/sidd707/jewelry-design-dataset/img_000713.jpg,256,256
JW_000613,Img 000714,jewellery,data/catalogue/JW_000715.jpg,https://huggingface.co/datasets/sidd707/jewelry-design-dataset/img_000714.jpg,256,256
JW_000614,Img 000715,jewellery,data/catalogue/JW_000716.jpg,https://huggingface.co/datasets/sidd707/jewelry-design-dataset/img_000715.jpg,256,256
JW_000615,Img 000716,jewellery,data/catalogue/JW_000717.jpg,https://huggingface.co/datasets/sidd707/jewelry-design-dataset/img_000716.jpg,256,256
JW_000616,Img 000718,jewellery,data/catalogue/JW_000719.jpg,https://huggingface.co/datasets/sidd707/jewelry-design-dataset/img_000718.jpg,256,256
JW_000617,Img 000719,jewellery,data/catalogue/JW_000720.jpg,https://huggingface.co/datasets/sidd707/jewelry-design-dataset/img_000719.jpg,256,256
JW_000618,Img 000720,jewellery,data/catalogue/JW_000721.jpg,https://huggingface.co/datasets/sidd707/jewelry-design-dataset/img_000720.jpg,256,256
JW_000619,Img 000721,jewellery,data/catalogue/JW_000722.jpg,https://huggingface.co/datasets/sidd707/jewelry-design-dataset/img_000721.jpg,256,256
JW_000620,Img 000722,jewellery,data/catalogue/JW_000723.jpg,https://huggingface.co/datasets/sidd707/jewelry-design-dataset/img_000722.jpg,256,256
JW_000621,Img 000723,jewellery,data/catalogue/JW_000724.jpg,https://huggingface.co/datasets/sidd707/jewelry-design-dataset/img_000723.jpg,256,256
JW_000622,Img 000724,jewellery,data/catalogue/JW_000725.jpg,https://huggingface.co/datasets/sidd707/jewelry-design-dataset/img_000724.jpg,256,256
JW_000623,Img 000725,jewellery,data/catalogue/JW_000726.jpg,https://huggingface.co/datasets/sidd707/jewelry-design-dataset/img_000725.jpg,256,256
JW_000624,Img 000726,jewellery,data/catalogue/JW_000727.jpg,https://huggingface.co/datasets/sidd707/jewelry-design-dataset/img_000726.jpg,256,256
JW_000625,Img 000727,jewellery,data/catalogue/JW_000728.jpg,https://huggingface.co/datasets/sidd707/jewelry-design-dataset/img_000727.jpg,256,256
JW_000626,Img 000728,jewellery,data/catalogue/JW_000729.jpg,https://huggingface.co/datasets/sidd707/jewelry-design-dataset/img_000728.jpg,256,256
JW_000627,Img 000729,jewellery,data/catalogue/JW_000730.jpg,https://huggingface.co/datasets/sidd707/jewelry-design-dataset/img_000729.jpg,256,256
JW_000628,Img 000730,jewellery,data/catalogue/JW_000731.jpg,https://huggingface.co/datasets/sidd707/jewelry-design-dataset/img_000730.jpg,256,256
JW_000629,Img 000731,jewellery,data/catalogue/JW_000732.jpg,https://huggingface.co/datasets/sidd707/jewelry-design-dataset/img_000731.jpg,256,256
JW_000630,Img 000732,jewellery,data/catalogue/JW_000733.jpg,https://huggingface.co/datasets/sidd707/jewelry-design-dataset/img_000732.jpg,256,256
JW_000631,Img 000733,jewellery,data/catalogue/JW_000734.jpg,https://huggingface.co/datasets/sidd707/jewelry-design-dataset/img_000733.jpg,256,256
JW_000632,Img 000734,jewellery,data/catalogue/JW_000735.jpg,https://huggingface.co/datasets/sidd707/jewelry-design-dataset/img_000734.jpg,256,256
JW_000633,Img 000735,jewellery,data/catalogue/JW_000736.jpg,https://huggingface.co/datasets/sidd707/jewelry-design-dataset/img_000735.jpg,256,256
JW_000634,Img 000736,jewellery,data/catalogue/JW_000737.jpg,https://huggingface.co/datasets/sidd707/jewelry-design-dataset/img_000736.jpg,256,256
JW_000635,Img 000737,jewellery,data/catalogue/JW_000738.jpg,https://huggingface.co/datasets/sidd707/jewelry-design-dataset/img_000737.jpg,256,256
JW_000636,Img 000740,jewellery,data/catalogue/JW_000741.jpg,https://huggingface.co/datasets/sidd707/jewelry-design-dataset/img_000740.jpg,256,256
JW_000637,Img 000741,jewellery,data/catalogue/JW_000742.jpg,https://huggingface.co/datasets/sidd707/jewelry-design-dataset/img_000741.jpg,300,250
JW_000638,Img 000742,jewellery,data/catalogue/JW_000743.jpg,https://huggingface.co/datasets/sidd707/jewelry-design-dataset/img_000742.jpg,256,256
JW_000639,Img 000743,jewellery,data/catalogue/JW_000744.jpg,https://huggingface.co/datasets/sidd707/jewelry-design-dataset/img_000743.jpg,256,256
JW_000640,Img 000744,jewellery,data/catalogue/JW_000745.jpg,https://huggingface.co/datasets/sidd707/jewelry-design-dataset/img_000744.jpg,256,256
JW_000641,Img 000745,jewellery,data/catalogue/JW_000746.jpg,https://huggingface.co/datasets/sidd707/jewelry-design-dataset/img_000745.jpg,588,423
JW_000642,Img 000746,jewellery,data/catalogue/JW_000747.jpg,https://huggingface.co/datasets/sidd707/jewelry-design-dataset/img_000746.jpg,690,450
JW_000643,Img 000747,jewellery,data/catalogue/JW_000748.jpg,https://huggingface.co/datasets/sidd707/jewelry-design-dataset/img_000747.jpg,690,677
JW_000644,Img 000748,jewellery,data/catalogue/JW_000749.jpg,https://huggingface.co/datasets/sidd707/jewelry-design-dataset/img_000748.jpg,690,673
JW_000645,Img 000749,jewellery,data/catalogue/JW_000750.jpg,https://huggingface.co/datasets/sidd707/jewelry-design-dataset/img_000749.jpg,690,658
JW_000646,Img 000750,jewellery,data/catalogue/JW_000751.jpg,https://huggingface.co/datasets/sidd707/jewelry-design-dataset/img_000750.jpg,690,812
JW_000647,Img 000751,jewellery,data/catalogue/JW_000752.jpg,https://huggingface.co/datasets/sidd707/jewelry-design-dataset/img_000751.jpg,690,671
JW_000648,Img 000752,jewellery,data/catalogue/JW_000753.jpg,https://huggingface.co/datasets/sidd707/jewelry-design-dataset/img_000752.jpg,688,679
JW_000649,Img 000753,jewellery,data/catalogue/JW_000754.jpg,https://huggingface.co/datasets/sidd707/jewelry-design-dataset/img_000753.jpg,690,671
JW_000650,Img 000754,jewellery,data/catalogue/JW_000755.jpg,https://huggingface.co/datasets/sidd707/jewelry-design-dataset/img_000754.jpg,690,517
JW_000651,Img 000755,jewellery,data/catalogue/JW_000756.jpg,https://huggingface.co/datasets/sidd707/jewelry-design-dataset/img_000755.jpg,684,673
JW_000652,Img 000756,jewellery,data/catalogue/JW_000757.jpg,https://huggingface.co/datasets/sidd707/jewelry-design-dataset/img_000756.jpg,690,495
JW_000653,Img 000757,jewellery,data/catalogue/JW_000758.jpg,https://huggingface.co/datasets/sidd707/jewelry-design-dataset/img_000757.jpg,690,679
JW_000654,Img 000758,jewellery,data/catalogue/JW_000759.jpg,https://huggingface.co/datasets/sidd707/jewelry-design-dataset/img_000758.jpg,678,544
JW_000655,Img 000759,jewellery,data/catalogue/JW_000760.jpg,https://huggingface.co/datasets/sidd707/jewelry-design-dataset/img_000759.jpg,686,593
JW_000656,Img 000760,jewellery,data/catalogue/JW_000761.jpg,https://huggingface.co/datasets/sidd707/jewelry-design-dataset/img_000760.jpg,629,538
JW_000657,Img 000761,jewellery,data/catalogue/JW_000762.jpg,https://huggingface.co/datasets/sidd707/jewelry-design-dataset/img_000761.jpg,629,667
JW_000658,Img 000762,jewellery,data/catalogue/JW_000763.jpg,https://huggingface.co/datasets/sidd707/jewelry-design-dataset/img_000762.jpg,450,682
JW_000659,Img 000763,jewellery,data/catalogue/JW_000764.jpg,https://huggingface.co/datasets/sidd707/jewelry-design-dataset/img_000763.jpg,256,256
JW_000660,Img 000764,jewellery,data/catalogue/JW_000765.jpg,https://huggingface.co/datasets/sidd707/jewelry-design-dataset/img_000764.jpg,800,768
JW_000661,Img 000765,jewellery,data/catalogue/JW_000766.jpg,https://huggingface.co/datasets/sidd707/jewelry-design-dataset/img_000765.jpg,256,256
JW_000662,Img 000767,jewellery,data/catalogue/JW_000768.jpg,https://huggingface.co/datasets/sidd707/jewelry-design-dataset/img_000767.jpg,256,256
JW_000663,Img 000768,jewellery,data/catalogue/JW_000769.jpg,https://huggingface.co/datasets/sidd707/jewelry-design-dataset/img_000768.jpg,256,256
JW_000664,Img 000769,jewellery,data/catalogue/JW_000770.jpg,https://huggingface.co/datasets/sidd707/jewelry-design-dataset/img_000769.jpg,256,256
JW_000665,Img 000770,jewellery,data/catalogue/JW_000771.jpg,https://huggingface.co/datasets/sidd707/jewelry-design-dataset/img_000770.jpg,256,256
JW_000666,Img 000771,jewellery,data/catalogue/JW_000772.jpg,https://huggingface.co/datasets/sidd707/jewelry-design-dataset/img_000771.jpg,256,256
JW_000667,Img 000772,jewellery,data/catalogue/JW_000773.jpg,https://huggingface.co/datasets/sidd707/jewelry-design-dataset/img_000772.jpg,256,256
JW_000668,Img 000773,jewellery,data/catalogue/JW_000774.jpg,https://huggingface.co/datasets/sidd707/jewelry-design-dataset/img_000773.jpg,256,256
JW_000669,Img 000774,jewellery,data/catalogue/JW_000775.jpg,https://huggingface.co/datasets/sidd707/jewelry-design-dataset/img_000774.jpg,256,256
JW_000670,Img 000775,jewellery,data/catalogue/JW_000776.jpg,https://huggingface.co/datasets/sidd707/jewelry-design-dataset/img_000775.jpg,256,256
JW_000671,Img 000776,jewellery,data/catalogue/JW_000777.jpg,https://huggingface.co/datasets/sidd707/jewelry-design-dataset/img_000776.jpg,256,256
JW_000672,Img 000778,jewellery,data/catalogue/JW_000779.jpg,https://huggingface.co/datasets/sidd707/jewelry-design-dataset/img_000778.jpg,256,256
JW_000673,Img 000779,jewellery,data/catalogue/JW_000780.jpg,https://huggingface.co/datasets/sidd707/jewelry-design-dataset/img_000779.jpg,256,256
JW_000674,Img 000780,jewellery,data/catalogue/JW_000781.jpg,https://huggingface.co/datasets/sidd707/jewelry-design-dataset/img_000780.jpg,256,256
JW_000675,Img 000781,jewellery,data/catalogue/JW_000782.jpg,https://huggingface.co/datasets/sidd707/jewelry-design-dataset/img_000781.jpg,256,256
JW_000676,Img 000782,jewellery,data/catalogue/JW_000783.jpg,https://huggingface.co/datasets/sidd707/jewelry-design-dataset/img_000782.jpg,256,256
JW_000677,Img 000783,jewellery,data/catalogue/JW_000784.jpg,https://huggingface.co/datasets/sidd707/jewelry-design-dataset/img_000783.jpg,256,256
JW_000678,Img 000784,jewellery,data/catalogue/JW_000785.jpg,https://huggingface.co/datasets/sidd707/jewelry-design-dataset/img_000784.jpg,256,256
JW_000679,Img 000785,jewellery,data/catalogue/JW_000786.jpg,https://huggingface.co/datasets/sidd707/jewelry-design-dataset/img_000785.jpg,256,256
JW_000680,Img 000786,jewellery,data/catalogue/JW_000787.jpg,https://huggingface.co/datasets/sidd707/jewelry-design-dataset/img_000786.jpg,256,256
JW_000681,Img 000787,jewellery,data/catalogue/JW_000788.jpg,https://huggingface.co/datasets/sidd707/jewelry-design-dataset/img_000787.jpg,256,256
JW_000682,Img 000788,jewellery,data/catalogue/JW_000789.jpg,https://huggingface.co/datasets/sidd707/jewelry-design-dataset/img_000788.jpg,256,256
JW_000683,Img 000789,jewellery,data/catalogue/JW_000790.jpg,https://huggingface.co/datasets/sidd707/jewelry-design-dataset/img_000789.jpg,256,256
JW_000684,Img 000790,jewellery,data/catalogue/JW_000791.jpg,https://huggingface.co/datasets/sidd707/jewelry-design-dataset/img_000790.jpg,256,256
JW_000685,Img 000791,jewellery,data/catalogue/JW_000792.jpg,https://huggingface.co/datasets/sidd707/jewelry-design-dataset/img_000791.jpg,256,256
JW_000686,Img 000792,jewellery,data/catalogue/JW_000793.jpg,https://huggingface.co/datasets/sidd707/jewelry-design-dataset/img_000792.jpg,256,256
JW_000687,Img 000793,jewellery,data/catalogue/JW_000794.jpg,https://huggingface.co/datasets/sidd707/jewelry-design-dataset/img_000793.jpg,256,256
JW_000688,Img 000794,jewellery,data/catalogue/JW_000795.jpg,https://huggingface.co/datasets/sidd707/jewelry-design-dataset/img_000794.jpg,256,256
JW_000689,Img 000795,jewellery,data/catalogue/JW_000796.jpg,https://huggingface.co/datasets/sidd707/jewelry-design-dataset/img_000795.jpg,256,256
JW_000690,Img 000796,jewellery,data/catalogue/JW_000797.jpg,https://huggingface.co/datasets/sidd707/jewelry-design-dataset/img_000796.jpg,256,256
JW_000691,Img 000797,jewellery,data/catalogue/JW_000798.jpg,https://huggingface.co/datasets/sidd707/jewelry-design-dataset/img_000797.jpg,256,256
JW_000692,Img 000798,jewellery,data/catalogue/JW_000799.jpg,https://huggingface.co/datasets/sidd707/jewelry-design-dataset/img_000798.jpg,256,256
JW_000693,Img 000799,jewellery,data/catalogue/JW_000800.jpg,https://huggingface.co/datasets/sidd707/jewelry-design-dataset/img_000799.jpg,256,256
JW_000694,Img 000800,jewellery,data/catalogue/JW_000801.jpg,https://huggingface.co/datasets/sidd707/jewelry-design-dataset/img_000800.jpg,256,256
JW_000695,Img 000801,jewellery,data/catalogue/JW_000802.jpg,https://huggingface.co/datasets/sidd707/jewelry-design-dataset/img_000801.jpg,256,256
JW_000696,Img 000802,jewellery,data/catalogue/JW_000803.jpg,https://huggingface.co/datasets/sidd707/jewelry-design-dataset/img_000802.jpg,256,256
JW_000697,Img 000803,jewellery,data/catalogue/JW_000804.jpg,https://huggingface.co/datasets/sidd707/jewelry-design-dataset/img_000803.jpg,256,256
JW_000698,Img 000804,jewellery,data/catalogue/JW_000805.jpg,https://huggingface.co/datasets/sidd707/jewelry-design-dataset/img_000804.jpg,256,256
JW_000699,Img 000805,jewellery,data/catalogue/JW_000806.jpg,https://huggingface.co/datasets/sidd707/jewelry-design-dataset/img_000805.jpg,256,256
JW_000700,Img 000806,jewellery,data/catalogue/JW_000807.jpg,https://huggingface.co/datasets/sidd707/jewelry-design-dataset/img_000806.jpg,256,256
JW_000701,Img 000807,jewellery,data/catalogue/JW_000808.jpg,https://huggingface.co/datasets/sidd707/jewelry-design-dataset/img_000807.jpg,256,256
JW_000702,Img 000809,jewellery,data/catalogue/JW_000810.jpg,https://huggingface.co/datasets/sidd707/jewelry-design-dataset/img_000809.jpg,256,256
JW_000703,Img 000810,jewellery,data/catalogue/JW_000811.jpg,https://huggingface.co/datasets/sidd707/jewelry-design-dataset/img_000810.jpg,256,256
JW_000704,Img 000811,jewellery,data/catalogue/JW_000812.jpg,https://huggingface.co/datasets/sidd707/jewelry-design-dataset/img_000811.jpg,256,256
JW_000705,Img 000812,jewellery,data/catalogue/JW_000813.jpg,https://huggingface.co/datasets/sidd707/jewelry-design-dataset/img_000812.jpg,256,256
JW_000706,Img 000813,jewellery,data/catalogue/JW_000814.jpg,https://huggingface.co/datasets/sidd707/jewelry-design-dataset/img_000813.jpg,256,256
JW_000707,Img 000815,jewellery,data/catalogue/JW_000816.jpg,https://huggingface.co/datasets/sidd707/jewelry-design-dataset/img_000815.jpg,1000,548
JW_000708,Img 000816,jewellery,data/catalogue/JW_000817.jpg,https://huggingface.co/datasets/sidd707/jewelry-design-dataset/img_000816.jpg,256,256
JW_000709,Img 000817,jewellery,data/catalogue/JW_000818.jpg,https://huggingface.co/datasets/sidd707/jewelry-design-dataset/img_000817.jpg,256,256
JW_000710,Img 000818,jewellery,data/catalogue/JW_000819.jpg,https://huggingface.co/datasets/sidd707/jewelry-design-dataset/img_000818.jpg,256,256
JW_000711,Img 000819,jewellery,data/catalogue/JW_000820.jpg,https://huggingface.co/datasets/sidd707/jewelry-design-dataset/img_000819.jpg,256,256
JW_000712,Img 000820,jewellery,data/catalogue/JW_000821.jpg,https://huggingface.co/datasets/sidd707/jewelry-design-dataset/img_000820.jpg,256,256
JW_000713,Img 000821,jewellery,data/catalogue/JW_000822.jpg,https://huggingface.co/datasets/sidd707/jewelry-design-dataset/img_000821.jpg,256,256
JW_000714,Img 000822,jewellery,data/catalogue/JW_000823.jpg,https://huggingface.co/datasets/sidd707/jewelry-design-dataset/img_000822.jpg,256,256
JW_000715,Img 000824,jewellery,data/catalogue/JW_000825.jpg,https://huggingface.co/datasets/sidd707/jewelry-design-dataset/img_000824.jpg,256,256
JW_000716,Img 000825,jewellery,data/catalogue/JW_000826.jpg,https://huggingface.co/datasets/sidd707/jewelry-design-dataset/img_000825.jpg,256,256
JW_000717,Img 000826,jewellery,data/catalogue/JW_000827.jpg,https://huggingface.co/datasets/sidd707/jewelry-design-dataset/img_000826.jpg,256,256
JW_000718,Img 000827,jewellery,data/catalogue/JW_000828.jpg,https://huggingface.co/datasets/sidd707/jewelry-design-dataset/img_000827.jpg,256,256
JW_000719,Img 000828,jewellery,data/catalogue/JW_000829.jpg,https://huggingface.co/datasets/sidd707/jewelry-design-dataset/img_000828.jpg,256,256
JW_000720,Img 000829,jewellery,data/catalogue/JW_000830.jpg,https://huggingface.co/datasets/sidd707/jewelry-design-dataset/img_000829.jpg,256,256
JW_000721,Img 000830,jewellery,data/catalogue/JW_000831.jpg,https://huggingface.co/datasets/sidd707/jewelry-design-dataset/img_000830.jpg,1000,1000
JW_000722,Img 000831,jewellery,data/catalogue/JW_000832.jpg,https://huggingface.co/datasets/sidd707/jewelry-design-dataset/img_000831.jpg,256,256
JW_000723,Img 000832,jewellery,data/catalogue/JW_000833.jpg,https://huggingface.co/datasets/sidd707/jewelry-design-dataset/img_000832.jpg,256,256
JW_000724,Img 000833,jewellery,data/catalogue/JW_000834.jpg,https://huggingface.co/datasets/sidd707/jewelry-design-dataset/img_000833.jpg,256,256
JW_000725,Img 000834,jewellery,data/catalogue/JW_000835.jpg,https://huggingface.co/datasets/sidd707/jewelry-design-dataset/img_000834.jpg,700,1000
JW_000726,Img 000835,jewellery,data/catalogue/JW_000836.jpg,https://huggingface.co/datasets/sidd707/jewelry-design-dataset/img_000835.jpg,256,256
JW_000727,Img 000836,jewellery,data/catalogue/JW_000837.jpg,https://huggingface.co/datasets/sidd707/jewelry-design-dataset/img_000836.jpg,256,256
JW_000728,Img 000837,jewellery,data/catalogue/JW_000838.jpg,https://huggingface.co/datasets/sidd707/jewelry-design-dataset/img_000837.jpg,256,256
JW_000729,Img 000838,jewellery,data/catalogue/JW_000839.jpg,https://huggingface.co/datasets/sidd707/jewelry-design-dataset/img_000838.jpg,256,256
JW_000730,Img 000839,jewellery,data/catalogue/JW_000840.jpg,https://huggingface.co/datasets/sidd707/jewelry-design-dataset/img_000839.jpg,256,256
JW_000731,Img 000840,jewellery,data/catalogue/JW_000841.jpg,https://huggingface.co/datasets/sidd707/jewelry-design-dataset/img_000840.jpg,256,256
JW_000732,Img 000841,jewellery,data/catalogue/JW_000842.jpg,https://huggingface.co/datasets/sidd707/jewelry-design-dataset/img_000841.jpg,256,256
JW_000733,Img 000842,jewellery,data/catalogue/JW_000843.jpg,https://huggingface.co/datasets/sidd707/jewelry-design-dataset/img_000842.jpg,256,256
JW_000734,Img 000845,jewellery,data/catalogue/JW_000846.jpg,https://huggingface.co/datasets/sidd707/jewelry-design-dataset/img_000845.jpg,256,256
JW_000735,Img 000847,jewellery,data/catalogue/JW_000848.jpg,https://huggingface.co/datasets/sidd707/jewelry-design-dataset/img_000847.jpg,256,256
JW_000736,Img 000848,jewellery,data/catalogue/JW_000849.jpg,https://huggingface.co/datasets/sidd707/jewelry-design-dataset/img_000848.jpg,256,256
JW_000737,Img 000849,jewellery,data/catalogue/JW_000850.jpg,https://huggingface.co/datasets/sidd707/jewelry-design-dataset/img_000849.jpg,256,256
JW_000738,Img 000850,jewellery,data/catalogue/JW_000851.jpg,https://huggingface.co/datasets/sidd707/jewelry-design-dataset/img_000850.jpg,256,256
JW_000739,Img 000851,jewellery,data/catalogue/JW_000852.jpg,https://huggingface.co/datasets/sidd707/jewelry-design-dataset/img_000851.jpg,256,256
JW_000740,Img 000853,jewellery,data/catalogue/JW_000854.jpg,https://huggingface.co/datasets/sidd707/jewelry-design-dataset/img_000853.jpg,256,256
JW_000741,Img 000855,jewellery,data/catalogue/JW_000856.jpg,https://huggingface.co/datasets/sidd707/jewelry-design-dataset/img_000855.jpg,256,256
JW_000742,Img 000856,jewellery,data/catalogue/JW_000857.jpg,https://huggingface.co/datasets/sidd707/jewelry-design-dataset/img_000856.jpg,256,256
JW_000743,Img 000857,jewellery,data/catalogue/JW_000858.jpg,https://huggingface.co/datasets/sidd707/jewelry-design-dataset/img_000857.jpg,256,256
JW_000744,Img 000858,jewellery,data/catalogue/JW_000859.jpg,https://huggingface.co/datasets/sidd707/jewelry-design-dataset/img_000858.jpg,256,256
JW_000745,Img 000859,jewellery,data/catalogue/JW_000860.jpg,https://huggingface.co/datasets/sidd707/jewelry-design-dataset/img_000859.jpg,256,256
JW_000746,Img 000860,jewellery,data/catalogue/JW_000861.jpg,https://huggingface.co/datasets/sidd707/jewelry-design-dataset/img_000860.jpg,256,256
JW_000747,Img 000862,jewellery,data/catalogue/JW_000863.jpg,https://huggingface.co/datasets/sidd707/jewelry-design-dataset/img_000862.jpg,256,256
JW_000748,Img 000864,jewellery,data/catalogue/JW_000865.jpg,https://huggingface.co/datasets/sidd707/jewelry-design-dataset/img_000864.jpg,256,256
JW_000749,Img 000865,jewellery,data/catalogue/JW_000866.jpg,https://huggingface.co/datasets/sidd707/jewelry-design-dataset/img_000865.jpg,256,256
JW_000750,Img 000866,jewellery,data/catalogue/JW_000867.jpg,https://huggingface.co/datasets/sidd707/jewelry-design-dataset/img_000866.jpg,256,256
JW_000751,Img 000867,jewellery,data/catalogue/JW_000868.jpg,https://huggingface.co/datasets/sidd707/jewelry-design-dataset/img_000867.jpg,256,256
JW_000752,Img 000868,jewellery,data/catalogue/JW_000869.jpg,https://huggingface.co/datasets/sidd707/jewelry-design-dataset/img_000868.jpg,256,256
JW_000753,Img 000871,jewellery,data/catalogue/JW_000872.jpg,https://huggingface.co/datasets/sidd707/jewelry-design-dataset/img_000871.jpg,256,256
JW_000754,Img 000872,jewellery,data/catalogue/JW_000873.jpg,https://huggingface.co/datasets/sidd707/jewelry-design-dataset/img_000872.jpg,256,256
JW_000755,Img 000874,jewellery,data/catalogue/JW_000875.jpg,https://huggingface.co/datasets/sidd707/jewelry-design-dataset/img_000874.jpg,256,256
JW_000756,Img 000875,jewellery,data/catalogue/JW_000876.jpg,https://huggingface.co/datasets/sidd707/jewelry-design-dataset/img_000875.jpg,256,256
JW_000757,Img 000876,jewellery,data/catalogue/JW_000877.jpg,https://huggingface.co/datasets/sidd707/jewelry-design-dataset/img_000876.jpg,256,256
JW_000758,Img 000877,jewellery,data/catalogue/JW_000878.jpg,https://huggingface.co/datasets/sidd707/jewelry-design-dataset/img_000877.jpg,256,256
JW_000759,Img 000878,jewellery,data/catalogue/JW_000879.jpg,https://huggingface.co/datasets/sidd707/jewelry-design-dataset/img_000878.jpg,256,256
JW_000760,Img 000879,jewellery,data/catalogue/JW_000880.jpg,https://huggingface.co/datasets/sidd707/jewelry-design-dataset/img_000879.jpg,256,256
JW_000761,Img 000880,jewellery,data/catalogue/JW_000881.jpg,https://huggingface.co/datasets/sidd707/jewelry-design-dataset/img_000880.jpg,256,256
JW_000762,Img 000881,jewellery,data/catalogue/JW_000882.jpg,https://huggingface.co/datasets/sidd707/jewelry-design-dataset/img_000881.jpg,256,256
JW_000763,Img 000883,jewellery,data/catalogue/JW_000884.jpg,https://huggingface.co/datasets/sidd707/jewelry-design-dataset/img_000883.jpg,256,256
JW_000764,Img 000884,jewellery,data/catalogue/JW_000885.jpg,https://huggingface.co/datasets/sidd707/jewelry-design-dataset/img_000884.jpg,256,256
JW_000765,Img 000885,jewellery,data/catalogue/JW_000886.jpg,https://huggingface.co/datasets/sidd707/jewelry-design-dataset/img_000885.jpg,256,256
JW_000766,Img 000886,jewellery,data/catalogue/JW_000887.jpg,https://huggingface.co/datasets/sidd707/jewelry-design-dataset/img_000886.jpg,870,1110
JW_000767,Img 000888,jewellery,data/catalogue/JW_000889.jpg,https://huggingface.co/datasets/sidd707/jewelry-design-dataset/img_000888.jpg,512,512
JW_000768,Img 000889,jewellery,data/catalogue/JW_000890.jpg,https://huggingface.co/datasets/sidd707/jewelry-design-dataset/img_000889.jpg,512,512
JW_000769,Img 000890,jewellery,data/catalogue/JW_000891.jpg,https://huggingface.co/datasets/sidd707/jewelry-design-dataset/img_000890.jpg,512,512
JW_000770,Img 000891,jewellery,data/catalogue/JW_000892.jpg,https://huggingface.co/datasets/sidd707/jewelry-design-dataset/img_000891.jpg,512,512
JW_000771,Img 000892,jewellery,data/catalogue/JW_000893.jpg,https://huggingface.co/datasets/sidd707/jewelry-design-dataset/img_000892.jpg,512,512
JW_000772,Img 000893,jewellery,data/catalogue/JW_000894.jpg,https://huggingface.co/datasets/sidd707/jewelry-design-dataset/img_000893.jpg,512,512
JW_000773,Img 000894,jewellery,data/catalogue/JW_000895.jpg,https://huggingface.co/datasets/sidd707/jewelry-design-dataset/img_000894.jpg,512,512
JW_000774,Img 000895,jewellery,data/catalogue/JW_000896.jpg,https://huggingface.co/datasets/sidd707/jewelry-design-dataset/img_000895.jpg,512,512
JW_000775,Img 000896,jewellery,data/catalogue/JW_000897.jpg,https://huggingface.co/datasets/sidd707/jewelry-design-dataset/img_000896.jpg,512,512
JW_000776,Img 000897,jewellery,data/catalogue/JW_000898.jpg,https://huggingface.co/datasets/sidd707/jewelry-design-dataset/img_000897.jpg,512,512
JW_000777,Img 000898,jewellery,data/catalogue/JW_000899.jpg,https://huggingface.co/datasets/sidd707/jewelry-design-dataset/img_000898.jpg,512,512
JW_000778,Img 000899,jewellery,data/catalogue/JW_000900.jpg,https://huggingface.co/datasets/sidd707/jewelry-design-dataset/img_000899.jpg,512,512
JW_000779,Img 000900,jewellery,data/catalogue/JW_000901.jpg,https://huggingface.co/datasets/sidd707/jewelry-design-dataset/img_000900.jpg,512,512
JW_000780,Img 000901,jewellery,data/catalogue/JW_000902.jpg,https://huggingface.co/datasets/sidd707/jewelry-design-dataset/img_000901.jpg,512,512
JW_000781,Img 000902,jewellery,data/catalogue/JW_000903.jpg,https://huggingface.co/datasets/sidd707/jewelry-design-dataset/img_000902.jpg,512,512
JW_000782,Img 000903,jewellery,data/catalogue/JW_000904.jpg,https://huggingface.co/datasets/sidd707/jewelry-design-dataset/img_000903.jpg,512,512
JW_000783,Img 000904,jewellery,data/catalogue/JW_000905.jpg,https://huggingface.co/datasets/sidd707/jewelry-design-dataset/img_000904.jpg,512,512
JW_000784,Img 000905,jewellery,data/catalogue/JW_000906.jpg,https://huggingface.co/datasets/sidd707/jewelry-design-dataset/img_000905.jpg,512,512
JW_000785,Img 000906,jewellery,data/catalogue/JW_000907.jpg,https://huggingface.co/datasets/sidd707/jewelry-design-dataset/img_000906.jpg,512,512
JW_000786,Img 000907,jewellery,data/catalogue/JW_000908.jpg,https://huggingface.co/datasets/sidd707/jewelry-design-dataset/img_000907.jpg,512,512
JW_000787,Img 000908,jewellery,data/catalogue/JW_000909.jpg,https://huggingface.co/datasets/sidd707/jewelry-design-dataset/img_000908.jpg,512,512
JW_000788,Img 000909,jewellery,data/catalogue/JW_000910.jpg,https://huggingface.co/datasets/sidd707/jewelry-design-dataset/img_000909.jpg,512,512
JW_000789,Img 000910,jewellery,data/catalogue/JW_000911.jpg,https://huggingface.co/datasets/sidd707/jewelry-design-dataset/img_000910.jpg,512,512
JW_000790,Img 000911,jewellery,data/catalogue/JW_000912.jpg,https://huggingface.co/datasets/sidd707/jewelry-design-dataset/img_000911.jpg,512,512
JW_000791,Img 000912,jewellery,data/catalogue/JW_000913.jpg,https://huggingface.co/datasets/sidd707/jewelry-design-dataset/img_000912.jpg,512,512
JW_000792,Img 000913,jewellery,data/catalogue/JW_000914.jpg,https://huggingface.co/datasets/sidd707/jewelry-design-dataset/img_000913.jpg,512,512
JW_000793,Img 000915,jewellery,data/catalogue/JW_000916.jpg,https://huggingface.co/datasets/sidd707/jewelry-design-dataset/img_000915.jpg,512,512
JW_000794,Img 000916,jewellery,data/catalogue/JW_000917.jpg,https://huggingface.co/datasets/sidd707/jewelry-design-dataset/img_000916.jpg,512,512
JW_000795,Img 000917,jewellery,data/catalogue/JW_000918.jpg,https://huggingface.co/datasets/sidd707/jewelry-design-dataset/img_000917.jpg,512,512
JW_000796,Img 000918,jewellery,data/catalogue/JW_000919.jpg,https://huggingface.co/datasets/sidd707/jewelry-design-dataset/img_000918.jpg,512,512
JW_000797,Img 000919,jewellery,data/catalogue/JW_000920.jpg,https://huggingface.co/datasets/sidd707/jewelry-design-dataset/img_000919.jpg,512,512
JW_000798,Img 000920,jewellery,data/catalogue/JW_000921.jpg,https://huggingface.co/datasets/sidd707/jewelry-design-dataset/img_000920.jpg,512,512
JW_000799,Img 000921,jewellery,data/catalogue/JW_000922.jpg,https://huggingface.co/datasets/sidd707/jewelry-design-dataset/img_000921.jpg,512,512
JW_000800,Img 000922,jewellery,data/catalogue/JW_000923.jpg,https://huggingface.co/datasets/sidd707/jewelry-design-dataset/img_000922.jpg,512,512
JW_000801,Img 000924,jewellery,data/catalogue/JW_000925.jpg,https://huggingface.co/datasets/sidd707/jewelry-design-dataset/img_000924.jpg,512,512
JW_000802,Img 000925,jewellery,data/catalogue/JW_000926.jpg,https://huggingface.co/datasets/sidd707/jewelry-design-dataset/img_000925.jpg,512,512
JW_000803,Img 000926,jewellery,data/catalogue/JW_000927.jpg,https://huggingface.co/datasets/sidd707/jewelry-design-dataset/img_000926.jpg,512,512
JW_000804,Img 000927,jewellery,data/catalogue/JW_000928.jpg,https://huggingface.co/datasets/sidd707/jewelry-design-dataset/img_000927.jpg,512,512
JW_000805,Img 000928,jewellery,data/catalogue/JW_000929.jpg,https://huggingface.co/datasets/sidd707/jewelry-design-dataset/img_000928.jpg,512,512
JW_000806,Img 000930,jewellery,data/catalogue/JW_000931.jpg,https://huggingface.co/datasets/sidd707/jewelry-design-dataset/img_000930.jpg,512,512
JW_000807,Img 000938,jewellery,data/catalogue/JW_000939.jpg,https://huggingface.co/datasets/sidd707/jewelry-design-dataset/img_000938.jpg,512,512
JW_000808,Img 000939,jewellery,data/catalogue/JW_000940.jpg,https://huggingface.co/datasets/sidd707/jewelry-design-dataset/img_000939.jpg,512,512
JW_000809,Img 000940,jewellery,data/catalogue/JW_000941.jpg,https://huggingface.co/datasets/sidd707/jewelry-design-dataset/img_000940.jpg,512,512
JW_000810,Img 000941,jewellery,data/catalogue/JW_000942.jpg,https://huggingface.co/datasets/sidd707/jewelry-design-dataset/img_000941.jpg,512,512
JW_000811,Img 000943,jewellery,data/catalogue/JW_000944.jpg,https://huggingface.co/datasets/sidd707/jewelry-design-dataset/img_000943.jpg,512,512
JW_000812,Img 000944,jewellery,data/catalogue/JW_000945.jpg,https://huggingface.co/datasets/sidd707/jewelry-design-dataset/img_000944.jpg,512,512
JW_000813,Img 000945,jewellery,data/catalogue/JW_000946.jpg,https://huggingface.co/datasets/sidd707/jewelry-design-dataset/img_000945.jpg,512,512
JW_000814,Img 000946,jewellery,data/catalogue/JW_000947.jpg,https://huggingface.co/datasets/sidd707/jewelry-design-dataset/img_000946.jpg,512,512
JW_000815,Img 000947,jewellery,data/catalogue/JW_000948.jpg,https://huggingface.co/datasets/sidd707/jewelry-design-dataset/img_000947.jpg,512,512
JW_000816,Img 000948,jewellery,data/catalogue/JW_000949.jpg,https://huggingface.co/datasets/sidd707/jewelry-design-dataset/img_000948.jpg,512,512
JW_000817,Img 000949,jewellery,data/catalogue/JW_000950.jpg,https://huggingface.co/datasets/sidd707/jewelry-design-dataset/img_000949.jpg,512,512
JW_000818,Img 000950,jewellery,data/catalogue/JW_000951.jpg,https://huggingface.co/datasets/sidd707/jewelry-design-dataset/img_000950.jpg,512,512
JW_000819,Img 000951,jewellery,data/catalogue/JW_000952.jpg,https://huggingface.co/datasets/sidd707/jewelry-design-dataset/img_000951.jpg,512,512
JW_000820,Img 000952,jewellery,data/catalogue/JW_000953.jpg,https://huggingface.co/datasets/sidd707/jewelry-design-dataset/img_000952.jpg,512,512
JW_000821,Img 000953,jewellery,data/catalogue/JW_000954.jpg,https://huggingface.co/datasets/sidd707/jewelry-design-dataset/img_000953.jpg,512,512
JW_000822,Img 000954,jewellery,data/catalogue/JW_000955.jpg,https://huggingface.co/datasets/sidd707/jewelry-design-dataset/img_000954.jpg,512,512
JW_000823,Img 000955,jewellery,data/catalogue/JW_000956.jpg,https://huggingface.co/datasets/sidd707/jewelry-design-dataset/img_000955.jpg,512,512
JW_000824,Img 000956,jewellery,data/catalogue/JW_000957.jpg,https://huggingface.co/datasets/sidd707/jewelry-design-dataset/img_000956.jpg,512,512
JW_000825,Img 000957,jewellery,data/catalogue/JW_000958.jpg,https://huggingface.co/datasets/sidd707/jewelry-design-dataset/img_000957.jpg,512,512
JW_000826,Img 000958,jewellery,data/catalogue/JW_000959.jpg,https://huggingface.co/datasets/sidd707/jewelry-design-dataset/img_000958.jpg,512,512
JW_000827,Img 000959,jewellery,data/catalogue/JW_000960.jpg,https://huggingface.co/datasets/sidd707/jewelry-design-dataset/img_000959.jpg,512,512
JW_000828,Img 000960,jewellery,data/catalogue/JW_000961.jpg,https://huggingface.co/datasets/sidd707/jewelry-design-dataset/img_000960.jpg,512,512
JW_000829,Img 000961,jewellery,data/catalogue/JW_000962.jpg,https://huggingface.co/datasets/sidd707/jewelry-design-dataset/img_000961.jpg,512,512
JW_000830,Img 000962,jewellery,data/catalogue/JW_000963.jpg,https://huggingface.co/datasets/sidd707/jewelry-design-dataset/img_000962.jpg,512,512
JW_000831,Img 000963,jewellery,data/catalogue/JW_000964.jpg,https://huggingface.co/datasets/sidd707/jewelry-design-dataset/img_000963.jpg,512,512
JW_000832,Img 000964,jewellery,data/catalogue/JW_000965.jpg,https://huggingface.co/datasets/sidd707/jewelry-design-dataset/img_000964.jpg,512,512
JW_000833,Img 000965,jewellery,data/catalogue/JW_000966.jpg,https://huggingface.co/datasets/sidd707/jewelry-design-dataset/img_000965.jpg,512,512
JW_000834,Img 000966,jewellery,data/catalogue/JW_000967.jpg,https://huggingface.co/datasets/sidd707/jewelry-design-dataset/img_000966.jpg,512,512
JW_000835,Img 000967,jewellery,data/catalogue/JW_000968.jpg,https://huggingface.co/datasets/sidd707/jewelry-design-dataset/img_000967.jpg,512,512
JW_000836,Img 000968,jewellery,data/catalogue/JW_000969.jpg,https://huggingface.co/datasets/sidd707/jewelry-design-dataset/img_000968.jpg,512,512
JW_000837,Img 000969,jewellery,data/catalogue/JW_000970.jpg,https://huggingface.co/datasets/sidd707/jewelry-design-dataset/img_000969.jpg,512,512
JW_000838,Img 000970,jewellery,data/catalogue/JW_000971.jpg,https://huggingface.co/datasets/sidd707/jewelry-design-dataset/img_000970.jpg,512,512
JW_000839,Img 000971,jewellery,data/catalogue/JW_000972.jpg,https://huggingface.co/datasets/sidd707/jewelry-design-dataset/img_000971.jpg,512,512
JW_000840,Img 000972,jewellery,data/catalogue/JW_000973.jpg,https://huggingface.co/datasets/sidd707/jewelry-design-dataset/img_000972.jpg,512,512
JW_000841,Img 000973,jewellery,data/catalogue/JW_000974.jpg,https://huggingface.co/datasets/sidd707/jewelry-design-dataset/img_000973.jpg,512,512
JW_000842,Img 000974,jewellery,data/catalogue/JW_000975.jpg,https://huggingface.co/datasets/sidd707/jewelry-design-dataset/img_000974.jpg,512,512
JW_000843,Img 000975,jewellery,data/catalogue/JW_000976.jpg,https://huggingface.co/datasets/sidd707/jewelry-design-dataset/img_000975.jpg,512,512
JW_000844,Img 000976,jewellery,data/catalogue/JW_000977.jpg,https://huggingface.co/datasets/sidd707/jewelry-design-dataset/img_000976.jpg,512,512
JW_000845,Img 000977,jewellery,data/catalogue/JW_000978.jpg,https://huggingface.co/datasets/sidd707/jewelry-design-dataset/img_000977.jpg,512,512
JW_000846,Img 000978,jewellery,data/catalogue/JW_000979.jpg,https://huggingface.co/datasets/sidd707/jewelry-design-dataset/img_000978.jpg,512,512
JW_000847,Img 000979,jewellery,data/catalogue/JW_000980.jpg,https://huggingface.co/datasets/sidd707/jewelry-design-dataset/img_000979.jpg,512,512
JW_000848,Img 000980,jewellery,data/catalogue/JW_000981.jpg,https://huggingface.co/datasets/sidd707/jewelry-design-dataset/img_000980.jpg,512,512
JW_000849,Img 000981,jewellery,data/catalogue/JW_000982.jpg,https://huggingface.co/datasets/sidd707/jewelry-design-dataset/img_000981.jpg,512,512
JW_000850,Img 000982,jewellery,data/catalogue/JW_000983.jpg,https://huggingface.co/datasets/sidd707/jewelry-design-dataset/img_000982.jpg,512,512
JW_000851,Img 000983,jewellery,data/catalogue/JW_000984.jpg,https://huggingface.co/datasets/sidd707/jewelry-design-dataset/img_000983.jpg,512,512
JW_000852,Img 000984,jewellery,data/catalogue/JW_000985.jpg,https://huggingface.co/datasets/sidd707/jewelry-design-dataset/img_000984.jpg,512,512
JW_000853,Img 000985,jewellery,data/catalogue/JW_000986.jpg,https://huggingface.co/datasets/sidd707/jewelry-design-dataset/img_000985.jpg,512,512
JW_000854,Img 000986,jewellery,data/catalogue/JW_000987.jpg,https://huggingface.co/datasets/sidd707/jewelry-design-dataset/img_000986.jpg,512,512
JW_000855,Img 000987,jewellery,data/catalogue/JW_000988.jpg,https://huggingface.co/datasets/sidd707/jewelry-design-dataset/img_000987.jpg,512,512
JW_000856,Img 000988,jewellery,data/catalogue/JW_000989.jpg,https://huggingface.co/datasets/sidd707/jewelry-design-dataset/img_000988.jpg,512,512
JW_000857,Img 000989,jewellery,data/catalogue/JW_000990.jpg,https://huggingface.co/datasets/sidd707/jewelry-design-dataset/img_000989.jpg,512,512
JW_000858,Img 000990,jewellery,data/catalogue/JW_000991.jpg,https://huggingface.co/datasets/sidd707/jewelry-design-dataset/img_000990.jpg,512,512
JW_000859,Img 000991,jewellery,data/catalogue/JW_000992.jpg,https://huggingface.co/datasets/sidd707/jewelry-design-dataset/img_000991.jpg,512,512
JW_000860,Img 000992,jewellery,data/catalogue/JW_000993.jpg,https://huggingface.co/datasets/sidd707/jewelry-design-dataset/img_000992.jpg,512,512
JW_000861,Img 000993,jewellery,data/catalogue/JW_000994.jpg,https://huggingface.co/datasets/sidd707/jewelry-design-dataset/img_000993.jpg,512,512
JW_000862,Img 000994,jewellery,data/catalogue/JW_000995.jpg,https://huggingface.co/datasets/sidd707/jewelry-design-dataset/img_000994.jpg,512,512
JW_000863,Img 000995,jewellery,data/catalogue/JW_000996.jpg,https://huggingface.co/datasets/sidd707/jewelry-design-dataset/img_000995.jpg,512,512
JW_000864,Img 000996,jewellery,data/catalogue/JW_000997.jpg,https://huggingface.co/datasets/sidd707/jewelry-design-dataset/img_000996.jpg,512,512
JW_000865,Img 000997,jewellery,data/catalogue/JW_000998.jpg,https://huggingface.co/datasets/sidd707/jewelry-design-dataset/img_000997.jpg,512,512
JW_000866,Img 000998,jewellery,data/catalogue/JW_000999.jpg,https://huggingface.co/datasets/sidd707/jewelry-design-dataset/img_000998.jpg,512,512
JW_000867,Img 000999,jewellery,data/catalogue/JW_001000.jpg,https://huggingface.co/datasets/sidd707/jewelry-design-dataset/img_000999.jpg,512,512
JW_000868,Img 001000,jewellery,data/catalogue/JW_001001.jpg,https://huggingface.co/datasets/sidd707/jewelry-design-dataset/img_001000.jpg,512,512
JW_000869,Img 001001,jewellery,data/catalogue/JW_001002.jpg,https://huggingface.co/datasets/sidd707/jewelry-design-dataset/img_001001.jpg,512,512
JW_000870,Img 001002,jewellery,data/catalogue/JW_001003.jpg,https://huggingface.co/datasets/sidd707/jewelry-design-dataset/img_001002.jpg,512,512
JW_000871,Img 001003,jewellery,data/catalogue/JW_001004.jpg,https://huggingface.co/datasets/sidd707/jewelry-design-dataset/img_001003.jpg,512,512
JW_000872,Img 001004,jewellery,data/catalogue/JW_001005.jpg,https://huggingface.co/datasets/sidd707/jewelry-design-dataset/img_001004.jpg,512,512
JW_000873,Img 001005,jewellery,data/catalogue/JW_001006.jpg,https://huggingface.co/datasets/sidd707/jewelry-design-dataset/img_001005.jpg,512,512
JW_000874,Img 001006,jewellery,data/catalogue/JW_001007.jpg,https://huggingface.co/datasets/sidd707/jewelry-design-dataset/img_001006.jpg,512,512
JW_000875,Img 001007,jewellery,data/catalogue/JW_001008.jpg,https://huggingface.co/datasets/sidd707/jewelry-design-dataset/img_001007.jpg,512,512
JW_000876,Img 001008,jewellery,data/catalogue/JW_001009.jpg,https://huggingface.co/datasets/sidd707/jewelry-design-dataset/img_001008.jpg,512,512
JW_000877,Img 001009,jewellery,data/catalogue/JW_001010.jpg,https://huggingface.co/datasets/sidd707/jewelry-design-dataset/img_001009.jpg,512,512
JW_000878,Img 001010,jewellery,data/catalogue/JW_001011.jpg,https://huggingface.co/datasets/sidd707/jewelry-design-dataset/img_001010.jpg,512,512
JW_000879,Img 001011,jewellery,data/catalogue/JW_001012.jpg,https://huggingface.co/datasets/sidd707/jewelry-design-dataset/img_001011.jpg,512,512
JW_000880,Img 001012,jewellery,data/catalogue/JW_001013.jpg,https://huggingface.co/datasets/sidd707/jewelry-design-dataset/img_001012.jpg,512,512
JW_000881,Img 001013,jewellery,data/catalogue/JW_001014.jpg,https://huggingface.co/datasets/sidd707/jewelry-design-dataset/img_001013.jpg,512,512
JW_000882,Img 001014,jewellery,data/catalogue/JW_001015.jpg,https://huggingface.co/datasets/sidd707/jewelry-design-dataset/img_001014.jpg,512,512
JW_000883,Img 001015,jewellery,data/catalogue/JW_001016.jpg,https://huggingface.co/datasets/sidd707/jewelry-design-dataset/img_001015.jpg,512,512
JW_000884,Img 001016,jewellery,data/catalogue/JW_001017.jpg,https://huggingface.co/datasets/sidd707/jewelry-design-dataset/img_001016.jpg,512,512
JW_000885,Img 001017,jewellery,data/catalogue/JW_001018.jpg,https://huggingface.co/datasets/sidd707/jewelry-design-dataset/img_001017.jpg,512,512
JW_000886,Img 001018,jewellery,data/catalogue/JW_001019.jpg,https://huggingface.co/datasets/sidd707/jewelry-design-dataset/img_001018.jpg,512,512
JW_000887,Img 001019,jewellery,data/catalogue/JW_001020.jpg,https://huggingface.co/datasets/sidd707/jewelry-design-dataset/img_001019.jpg,512,512
JW_000888,Img 001020,jewellery,data/catalogue/JW_001021.jpg,https://huggingface.co/datasets/sidd707/jewelry-design-dataset/img_001020.jpg,512,512
JW_000889,Img 001021,jewellery,data/catalogue/JW_001022.jpg,https://huggingface.co/datasets/sidd707/jewelry-design-dataset/img_001021.jpg,512,512
JW_000890,Img 001022,jewellery,data/catalogue/JW_001023.jpg,https://huggingface.co/datasets/sidd707/jewelry-design-dataset/img_001022.jpg,512,512
JW_000891,Img 001023,jewellery,data/catalogue/JW_001024.jpg,https://huggingface.co/datasets/sidd707/jewelry-design-dataset/img_001023.jpg,512,512
JW_000892,Img 001024,jewellery,data/catalogue/JW_001025.jpg,https://huggingface.co/datasets/sidd707/jewelry-design-dataset/img_001024.jpg,512,512
JW_000893,Img 001025,jewellery,data/catalogue/JW_001026.jpg,https://huggingface.co/datasets/sidd707/jewelry-design-dataset/img_001025.jpg,512,512
JW_000894,Img 001026,jewellery,data/catalogue/JW_001027.jpg,https://huggingface.co/datasets/sidd707/jewelry-design-dataset/img_001026.jpg,512,512
JW_000895,Img 001027,jewellery,data/catalogue/JW_001028.jpg,https://huggingface.co/datasets/sidd707/jewelry-design-dataset/img_001027.jpg,512,512
JW_000896,Img 001028,jewellery,data/catalogue/JW_001029.jpg,https://huggingface.co/datasets/sidd707/jewelry-design-dataset/img_001028.jpg,512,512
JW_000897,Img 001029,jewellery,data/catalogue/JW_001030.jpg,https://huggingface.co/datasets/sidd707/jewelry-design-dataset/img_001029.jpg,512,512
JW_000898,Img 001030,jewellery,data/catalogue/JW_001031.jpg,https://huggingface.co/datasets/sidd707/jewelry-design-dataset/img_001030.jpg,512,512
JW_000899,Img 001031,jewellery,data/catalogue/JW_001032.jpg,https://huggingface.co/datasets/sidd707/jewelry-design-dataset/img_001031.jpg,512,512
JW_000900,Img 001032,jewellery,data/catalogue/JW_001033.jpg,https://huggingface.co/datasets/sidd707/jewelry-design-dataset/img_001032.jpg,512,512
JW_000901,Img 001033,jewellery,data/catalogue/JW_001034.jpg,https://huggingface.co/datasets/sidd707/jewelry-design-dataset/img_001033.jpg,512,512
JW_000902,Img 001034,jewellery,data/catalogue/JW_001035.jpg,https://huggingface.co/datasets/sidd707/jewelry-design-dataset/img_001034.jpg,512,512
JW_000903,Img 001035,jewellery,data/catalogue/JW_001036.jpg,https://huggingface.co/datasets/sidd707/jewelry-design-dataset/img_001035.jpg,512,512
JW_000904,Img 001036,jewellery,data/catalogue/JW_001037.jpg,https://huggingface.co/datasets/sidd707/jewelry-design-dataset/img_001036.jpg,512,512
JW_000905,Img 001037,jewellery,data/catalogue/JW_001038.jpg,https://huggingface.co/datasets/sidd707/jewelry-design-dataset/img_001037.jpg,512,512
JW_000906,Img 001038,jewellery,data/catalogue/JW_001039.jpg,https://huggingface.co/datasets/sidd707/jewelry-design-dataset/img_001038.jpg,512,512
JW_000907,Img 001039,jewellery,data/catalogue/JW_001040.jpg,https://huggingface.co/datasets/sidd707/jewelry-design-dataset/img_001039.jpg,512,512
JW_000908,Img 001040,jewellery,data/catalogue/JW_001041.jpg,https://huggingface.co/datasets/sidd707/jewelry-design-dataset/img_001040.jpg,512,512
JW_000909,Img 001041,jewellery,data/catalogue/JW_001042.jpg,https://huggingface.co/datasets/sidd707/jewelry-design-dataset/img_001041.jpg,512,512
JW_000910,Img 001042,jewellery,data/catalogue/JW_001043.jpg,https://huggingface.co/datasets/sidd707/jewelry-design-dataset/img_001042.jpg,512,512
JW_000911,Img 001043,jewellery,data/catalogue/JW_001044.jpg,https://huggingface.co/datasets/sidd707/jewelry-design-dataset/img_001043.jpg,512,512
JW_000912,Img 001044,jewellery,data/catalogue/JW_001045.jpg,https://huggingface.co/datasets/sidd707/jewelry-design-dataset/img_001044.jpg,512,512
JW_000913,Img 001045,jewellery,data/catalogue/JW_001046.jpg,https://huggingface.co/datasets/sidd707/jewelry-design-dataset/img_001045.jpg,512,512
JW_000914,Img 001046,jewellery,data/catalogue/JW_001047.jpg,https://huggingface.co/datasets/sidd707/jewelry-design-dataset/img_001046.jpg,512,512
JW_000915,Img 001047,jewellery,data/catalogue/JW_001048.jpg,https://huggingface.co/datasets/sidd707/jewelry-design-dataset/img_001047.jpg,512,512
JW_000916,Img 001048,jewellery,data/catalogue/JW_001049.jpg,https://huggingface.co/datasets/sidd707/jewelry-design-dataset/img_001048.jpg,512,512
JW_000917,Img 001049,jewellery,data/catalogue/JW_001050.jpg,https://huggingface.co/datasets/sidd707/jewelry-design-dataset/img_001049.jpg,512,512
JW_000918,Img 001050,jewellery,data/catalogue/JW_001051.jpg,https://huggingface.co/datasets/sidd707/jewelry-design-dataset/img_001050.jpg,512,512
JW_000919,Img 001051,jewellery,data/catalogue/JW_001052.jpg,https://huggingface.co/datasets/sidd707/jewelry-design-dataset/img_001051.jpg,512,512
JW_000920,Img 001052,jewellery,data/catalogue/JW_001053.jpg,https://huggingface.co/datasets/sidd707/jewelry-design-dataset/img_001052.jpg,512,512
JW_000921,Img 001053,jewellery,data/catalogue/JW_001054.jpg,https://huggingface.co/datasets/sidd707/jewelry-design-dataset/img_001053.jpg,512,512
JW_000922,Img 001054,jewellery,data/catalogue/JW_001055.jpg,https://huggingface.co/datasets/sidd707/jewelry-design-dataset/img_001054.jpg,512,512
JW_000923,Img 001055,jewellery,data/catalogue/JW_001056.jpg,https://huggingface.co/datasets/sidd707/jewelry-design-dataset/img_001055.jpg,512,512
JW_000924,Img 001056,jewellery,data/catalogue/JW_001057.jpg,https://huggingface.co/datasets/sidd707/jewelry-design-dataset/img_001056.jpg,512,512
JW_000925,Img 001057,jewellery,data/catalogue/JW_001058.jpg,https://huggingface.co/datasets/sidd707/jewelry-design-dataset/img_001057.jpg,512,512
JW_000926,Img 001058,jewellery,data/catalogue/JW_001059.jpg,https://huggingface.co/datasets/sidd707/jewelry-design-dataset/img_001058.jpg,512,512
JW_000927,Img 001059,jewellery,data/catalogue/JW_001060.jpg,https://huggingface.co/datasets/sidd707/jewelry-design-dataset/img_001059.jpg,512,512
JW_000928,Img 001060,jewellery,data/catalogue/JW_001061.jpg,https://huggingface.co/datasets/sidd707/jewelry-design-dataset/img_001060.jpg,512,512
JW_000929,Img 001061,jewellery,data/catalogue/JW_001062.jpg,https://huggingface.co/datasets/sidd707/jewelry-design-dataset/img_001061.jpg,512,512
JW_000930,Img 001062,jewellery,data/catalogue/JW_001063.jpg,https://huggingface.co/datasets/sidd707/jewelry-design-dataset/img_001062.jpg,512,512
JW_000931,Img 001063,jewellery,data/catalogue/JW_001064.jpg,https://huggingface.co/datasets/sidd707/jewelry-design-dataset/img_001063.jpg,512,512
JW_000932,Img 001064,jewellery,data/catalogue/JW_001065.jpg,https://huggingface.co/datasets/sidd707/jewelry-design-dataset/img_001064.jpg,512,512
JW_000933,Img 001065,jewellery,data/catalogue/JW_001066.jpg,https://huggingface.co/datasets/sidd707/jewelry-design-dataset/img_001065.jpg,512,512
JW_000934,Img 001066,jewellery,data/catalogue/JW_001067.jpg,https://huggingface.co/datasets/sidd707/jewelry-design-dataset/img_001066.jpg,512,512
JW_000935,Img 001067,jewellery,data/catalogue/JW_001068.jpg,https://huggingface.co/datasets/sidd707/jewelry-design-dataset/img_001067.jpg,512,512
JW_000936,Img 001068,jewellery,data/catalogue/JW_001069.jpg,https://huggingface.co/datasets/sidd707/jewelry-design-dataset/img_001068.jpg,512,512
JW_000937,Img 001069,jewellery,data/catalogue/JW_001070.jpg,https://huggingface.co/datasets/sidd707/jewelry-design-dataset/img_001069.jpg,512,512
JW_000938,Img 001070,jewellery,data/catalogue/JW_001071.jpg,https://huggingface.co/datasets/sidd707/jewelry-design-dataset/img_001070.jpg,512,512
JW_000939,Img 001071,jewellery,data/catalogue/JW_001072.jpg,https://huggingface.co/datasets/sidd707/jewelry-design-dataset/img_001071.jpg,512,512
JW_000940,Img 001072,jewellery,data/catalogue/JW_001073.jpg,https://huggingface.co/datasets/sidd707/jewelry-design-dataset/img_001072.jpg,512,512
JW_000941,Img 001073,jewellery,data/catalogue/JW_001074.jpg,https://huggingface.co/datasets/sidd707/jewelry-design-dataset/img_001073.jpg,512,512
JW_000942,Img 001074,jewellery,data/catalogue/JW_001075.jpg,https://huggingface.co/datasets/sidd707/jewelry-design-dataset/img_001074.jpg,512,512
JW_000943,Img 001075,jewellery,data/catalogue/JW_001076.jpg,https://huggingface.co/datasets/sidd707/jewelry-design-dataset/img_001075.jpg,512,512
JW_000944,Img 001076,jewellery,data/catalogue/JW_001077.jpg,https://huggingface.co/datasets/sidd707/jewelry-design-dataset/img_001076.jpg,512,512
JW_000945,Img 001077,jewellery,data/catalogue/JW_001078.jpg,https://huggingface.co/datasets/sidd707/jewelry-design-dataset/img_001077.jpg,512,512
JW_000946,Img 001078,jewellery,data/catalogue/JW_001079.jpg,https://huggingface.co/datasets/sidd707/jewelry-design-dataset/img_001078.jpg,512,512
JW_000947,Img 001079,jewellery,data/catalogue/JW_001080.jpg,https://huggingface.co/datasets/sidd707/jewelry-design-dataset/img_001079.jpg,512,512
JW_000948,Img 001080,jewellery,data/catalogue/JW_001081.jpg,https://huggingface.co/datasets/sidd707/jewelry-design-dataset/img_001080.jpg,512,512
JW_000949,Img 001081,jewellery,data/catalogue/JW_001082.jpg,https://huggingface.co/datasets/sidd707/jewelry-design-dataset/img_001081.jpg,512,512
JW_000950,Img 001082,jewellery,data/catalogue/JW_001083.jpg,https://huggingface.co/datasets/sidd707/jewelry-design-dataset/img_001082.jpg,512,512
JW_000951,Img 001083,jewellery,data/catalogue/JW_001084.jpg,https://huggingface.co/datasets/sidd707/jewelry-design-dataset/img_001083.jpg,512,512
JW_000952,Img 001084,jewellery,data/catalogue/JW_001085.jpg,https://huggingface.co/datasets/sidd707/jewelry-design-dataset/img_001084.jpg,512,512
JW_000953,Img 001085,jewellery,data/catalogue/JW_001086.jpg,https://huggingface.co/datasets/sidd707/jewelry-design-dataset/img_001085.jpg,512,512
JW_000954,Img 001086,jewellery,data/catalogue/JW_001087.jpg,https://huggingface.co/datasets/sidd707/jewelry-design-dataset/img_001086.jpg,512,512
JW_000955,Img 001087,jewellery,data/catalogue/JW_001088.jpg,https://huggingface.co/datasets/sidd707/jewelry-design-dataset/img_001087.jpg,512,512
JW_000956,Img 001088,jewellery,data/catalogue/JW_001089.jpg,https://huggingface.co/datasets/sidd707/jewelry-design-dataset/img_001088.jpg,512,512
JW_000957,Img 001089,jewellery,data/catalogue/JW_001090.jpg,https://huggingface.co/datasets/sidd707/jewelry-design-dataset/img_001089.jpg,512,512
JW_000958,Img 001090,jewellery,data/catalogue/JW_001091.jpg,https://huggingface.co/datasets/sidd707/jewelry-design-dataset/img_001090.jpg,512,512
JW_000959,Img 001091,jewellery,data/catalogue/JW_001092.jpg,https://huggingface.co/datasets/sidd707/jewelry-design-dataset/img_001091.jpg,512,512
JW_000960,Img 001092,jewellery,data/catalogue/JW_001093.jpg,https://huggingface.co/datasets/sidd707/jewelry-design-dataset/img_001092.jpg,512,512
JW_000961,Img 001093,jewellery,data/catalogue/JW_001094.jpg,https://huggingface.co/datasets/sidd707/jewelry-design-dataset/img_001093.jpg,512,512
JW_000962,Img 001094,jewellery,data/catalogue/JW_001095.jpg,https://huggingface.co/datasets/sidd707/jewelry-design-dataset/img_001094.jpg,512,512
JW_000963,Img 001095,jewellery,data/catalogue/JW_001096.jpg,https://huggingface.co/datasets/sidd707/jewelry-design-dataset/img_001095.jpg,512,512
JW_000964,Img 001096,jewellery,data/catalogue/JW_001097.jpg,https://huggingface.co/datasets/sidd707/jewelry-design-dataset/img_001096.jpg,512,512
JW_000965,Img 001097,jewellery,data/catalogue/JW_001098.jpg,https://huggingface.co/datasets/sidd707/jewelry-design-dataset/img_001097.jpg,512,512
JW_000966,Img 001098,jewellery,data/catalogue/JW_001099.jpg,https://huggingface.co/datasets/sidd707/jewelry-design-dataset/img_001098.jpg,512,512
JW_000967,Img 001099,jewellery,data/catalogue/JW_001100.jpg,https://huggingface.co/datasets/sidd707/jewelry-design-dataset/img_001099.jpg,512,512
JW_000968,Img 001100,jewellery,data/catalogue/JW_001101.jpg,https://huggingface.co/datasets/sidd707/jewelry-design-dataset/img_001100.jpg,512,512
JW_000969,Img 001101,jewellery,data/catalogue/JW_001102.jpg,https://huggingface.co/datasets/sidd707/jewelry-design-dataset/img_001101.jpg,512,512
JW_000970,Img 001102,jewellery,data/catalogue/JW_001103.jpg,https://huggingface.co/datasets/sidd707/jewelry-design-dataset/img_001102.jpg,512,512
JW_000971,Img 001103,jewellery,data/catalogue/JW_001104.jpg,https://huggingface.co/datasets/sidd707/jewelry-design-dataset/img_001103.jpg,512,512
JW_000972,Img 001104,jewellery,data/catalogue/JW_001105.jpg,https://huggingface.co/datasets/sidd707/jewelry-design-dataset/img_001104.jpg,512,512
JW_000973,Img 001105,jewellery,data/catalogue/JW_001106.jpg,https://huggingface.co/datasets/sidd707/jewelry-design-dataset/img_001105.jpg,512,512
JW_000974,Img 001106,jewellery,data/catalogue/JW_001107.jpg,https://huggingface.co/datasets/sidd707/jewelry-design-dataset/img_001106.jpg,512,512
JW_000975,Img 001107,jewellery,data/catalogue/JW_001108.jpg,https://huggingface.co/datasets/sidd707/jewelry-design-dataset/img_001107.jpg,512,512
JW_000976,Img 001108,jewellery,data/catalogue/JW_001109.jpg,https://huggingface.co/datasets/sidd707/jewelry-design-dataset/img_001108.jpg,512,512
JW_000977,Img 001109,jewellery,data/catalogue/JW_001110.jpg,https://huggingface.co/datasets/sidd707/jewelry-design-dataset/img_001109.jpg,512,512
JW_000978,Img 001110,jewellery,data/catalogue/JW_001111.jpg,https://huggingface.co/datasets/sidd707/jewelry-design-dataset/img_001110.jpg,512,512
JW_000979,Img 001111,jewellery,data/catalogue/JW_001112.jpg,https://huggingface.co/datasets/sidd707/jewelry-design-dataset/img_001111.jpg,512,512
JW_000980,Img 001112,jewellery,data/catalogue/JW_001113.jpg,https://huggingface.co/datasets/sidd707/jewelry-design-dataset/img_001112.jpg,512,512
JW_000981,Img 001113,jewellery,data/catalogue/JW_001114.jpg,https://huggingface.co/datasets/sidd707/jewelry-design-dataset/img_001113.jpg,512,512
JW_000982,Img 001114,jewellery,data/catalogue/JW_001115.jpg,https://huggingface.co/datasets/sidd707/jewelry-design-dataset/img_001114.jpg,512,512
JW_000983,Img 001115,jewellery,data/catalogue/JW_001116.jpg,https://huggingface.co/datasets/sidd707/jewelry-design-dataset/img_001115.jpg,512,512
JW_000984,Img 001116,jewellery,data/catalogue/JW_001117.jpg,https://huggingface.co/datasets/sidd707/jewelry-design-dataset/img_001116.jpg,512,512
JW_000985,Img 001117,jewellery,data/catalogue/JW_001118.jpg,https://huggingface.co/datasets/sidd707/jewelry-design-dataset/img_001117.jpg,512,512
JW_000986,Img 001118,jewellery,data/catalogue/JW_001119.jpg,https://huggingface.co/datasets/sidd707/jewelry-design-dataset/img_001118.jpg,512,512
JW_000987,Img 001119,jewellery,data/catalogue/JW_001120.jpg,https://huggingface.co/datasets/sidd707/jewelry-design-dataset/img_001119.jpg,512,512
JW_000988,Img 001120,jewellery,data/catalogue/JW_001121.jpg,https://huggingface.co/datasets/sidd707/jewelry-design-dataset/img_001120.jpg,512,512
JW_000989,Img 001121,jewellery,data/catalogue/JW_001122.jpg,https://huggingface.co/datasets/sidd707/jewelry-design-dataset/img_001121.jpg,512,512
JW_000990,Img 001122,jewellery,data/catalogue/JW_001123.jpg,https://huggingface.co/datasets/sidd707/jewelry-design-dataset/img_001122.jpg,512,512
JW_000991,Img 001123,jewellery,data/catalogue/JW_001124.jpg,https://huggingface.co/datasets/sidd707/jewelry-design-dataset/img_001123.jpg,512,512
JW_000992,Img 001124,jewellery,data/catalogue/JW_001125.jpg,https://huggingface.co/datasets/sidd707/jewelry-design-dataset/img_001124.jpg,512,512
JW_000993,Img 001125,jewellery,data/catalogue/JW_001126.jpg,https://huggingface.co/datasets/sidd707/jewelry-design-dataset/img_001125.jpg,512,512
JW_000994,Img 001126,jewellery,data/catalogue/JW_001127.jpg,https://huggingface.co/datasets/sidd707/jewelry-design-dataset/img_001126.jpg,512,512
JW_000995,Img 001127,jewellery,data/catalogue/JW_001128.jpg,https://huggingface.co/datasets/sidd707/jewelry-design-dataset/img_001127.jpg,512,512
JW_000996,Img 001128,jewellery,data/catalogue/JW_001129.jpg,https://huggingface.co/datasets/sidd707/jewelry-design-dataset/img_001128.jpg,512,512
JW_000997,Img 001129,jewellery,data/catalogue/JW_001130.jpg,https://huggingface.co/datasets/sidd707/jewelry-design-dataset/img_001129.jpg,512,512
JW_000998,Img 001130,jewellery,data/catalogue/JW_001131.jpg,https://huggingface.co/datasets/sidd707/jewelry-design-dataset/img_001130.jpg,512,512
JW_000999,Img 001131,jewellery,data/catalogue/JW_001132.jpg,https://huggingface.co/datasets/sidd707/jewelry-design-dataset/img_001131.jpg,512,512
JW_001000,Img 001132,jewellery,data/catalogue/JW_001133.jpg,https://huggingface.co/datasets/sidd707/jewelry-design-dataset/img_001132.jpg,512,512
JW_001001,Img 001133,jewellery,data/catalogue/JW_001134.jpg,https://huggingface.co/datasets/sidd707/jewelry-design-dataset/img_001133.jpg,512,512
JW_001002,Img 001134,jewellery,data/catalogue/JW_001135.jpg,https://huggingface.co/datasets/sidd707/jewelry-design-dataset/img_001134.jpg,512,512
JW_001003,Img 001135,jewellery,data/catalogue/JW_001136.jpg,https://huggingface.co/datasets/sidd707/jewelry-design-dataset/img_001135.jpg,512,512
JW_001004,Img 001136,jewellery,data/catalogue/JW_001137.jpg,https://huggingface.co/datasets/sidd707/jewelry-design-dataset/img_001136.jpg,512,512
JW_001005,Img 001137,jewellery,data/catalogue/JW_001138.jpg,https://huggingface.co/datasets/sidd707/jewelry-design-dataset/img_001137.jpg,512,512
JW_001006,Img 001138,jewellery,data/catalogue/JW_001139.jpg,https://huggingface.co/datasets/sidd707/jewelry-design-dataset/img_001138.jpg,512,512
JW_001007,Img 001139,jewellery,data/catalogue/JW_001140.jpg,https://huggingface.co/datasets/sidd707/jewelry-design-dataset/img_001139.jpg,512,512
JW_001008,Img 001140,jewellery,data/catalogue/JW_001141.jpg,https://huggingface.co/datasets/sidd707/jewelry-design-dataset/img_001140.jpg,512,512
JW_001009,Img 001141,jewellery,data/catalogue/JW_001142.jpg,https://huggingface.co/datasets/sidd707/jewelry-design-dataset/img_001141.jpg,512,512
JW_001010,Img 001142,jewellery,data/catalogue/JW_001143.jpg,https://huggingface.co/datasets/sidd707/jewelry-design-dataset/img_001142.jpg,512,512
JW_001011,Img 001143,jewellery,data/catalogue/JW_001144.jpg,https://huggingface.co/datasets/sidd707/jewelry-design-dataset/img_001143.jpg,512,512
JW_001012,Img 001144,jewellery,data/catalogue/JW_001145.jpg,https://huggingface.co/datasets/sidd707/jewelry-design-dataset/img_001144.jpg,512,512
JW_001013,Img 001145,jewellery,data/catalogue/JW_001146.jpg,https://huggingface.co/datasets/sidd707/jewelry-design-dataset/img_001145.jpg,512,512
JW_001014,Img 001146,jewellery,data/catalogue/JW_001147.jpg,https://huggingface.co/datasets/sidd707/jewelry-design-dataset/img_001146.jpg,512,512
JW_001015,Img 001147,jewellery,data/catalogue/JW_001148.jpg,https://huggingface.co/datasets/sidd707/jewelry-design-dataset/img_001147.jpg,512,512
JW_001016,Img 001148,jewellery,data/catalogue/JW_001149.jpg,https://huggingface.co/datasets/sidd707/jewelry-design-dataset/img_001148.jpg,512,512
JW_001017,Img 001149,jewellery,data/catalogue/JW_001150.jpg,https://huggingface.co/datasets/sidd707/jewelry-design-dataset/img_001149.jpg,512,512
JW_001018,Img 001150,jewellery,data/catalogue/JW_001151.jpg,https://huggingface.co/datasets/sidd707/jewelry-design-dataset/img_001150.jpg,512,512
JW_001019,Img 001151,jewellery,data/catalogue/JW_001152.jpg,https://huggingface.co/datasets/sidd707/jewelry-design-dataset/img_001151.jpg,512,512
JW_001020,Img 001152,jewellery,data/catalogue/JW_001153.jpg,https://huggingface.co/datasets/sidd707/jewelry-design-dataset/img_001152.jpg,512,512
JW_001021,Img 001153,jewellery,data/catalogue/JW_001154.jpg,https://huggingface.co/datasets/sidd707/jewelry-design-dataset/img_001153.jpg,512,512
JW_001022,Img 001154,jewellery,data/catalogue/JW_001155.jpg,https://huggingface.co/datasets/sidd707/jewelry-design-dataset/img_001154.jpg,512,512
JW_001023,Img 001155,jewellery,data/catalogue/JW_001156.jpg,https://huggingface.co/datasets/sidd707/jewelry-design-dataset/img_001155.jpg,512,512
JW_001024,Img 001156,jewellery,data/catalogue/JW_001157.jpg,https://huggingface.co/datasets/sidd707/jewelry-design-dataset/img_001156.jpg,512,512
JW_001025,Img 001157,jewellery,data/catalogue/JW_001158.jpg,https://huggingface.co/datasets/sidd707/jewelry-design-dataset/img_001157.jpg,512,512
JW_001026,Img 001158,jewellery,data/catalogue/JW_001159.jpg,https://huggingface.co/datasets/sidd707/jewelry-design-dataset/img_001158.jpg,512,512
JW_001027,Img 001159,jewellery,data/catalogue/JW_001160.jpg,https://huggingface.co/datasets/sidd707/jewelry-design-dataset/img_001159.jpg,512,512
JW_001028,Img 001160,jewellery,data/catalogue/JW_001161.jpg,https://huggingface.co/datasets/sidd707/jewelry-design-dataset/img_001160.jpg,512,512
JW_001029,Img 001161,jewellery,data/catalogue/JW_001162.jpg,https://huggingface.co/datasets/sidd707/jewelry-design-dataset/img_001161.jpg,512,512
JW_001030,Img 001162,jewellery,data/catalogue/JW_001163.jpg,https://huggingface.co/datasets/sidd707/jewelry-design-dataset/img_001162.jpg,512,512
JW_001031,Img 001163,jewellery,data/catalogue/JW_001164.jpg,https://huggingface.co/datasets/sidd707/jewelry-design-dataset/img_001163.jpg,512,512
JW_001032,Img 001164,jewellery,data/catalogue/JW_001165.jpg,https://huggingface.co/datasets/sidd707/jewelry-design-dataset/img_001164.jpg,512,512
JW_001033,Img 001165,jewellery,data/catalogue/JW_001166.jpg,https://huggingface.co/datasets/sidd707/jewelry-design-dataset/img_001165.jpg,512,512
JW_001034,Img 001166,jewellery,data/catalogue/JW_001167.jpg,https://huggingface.co/datasets/sidd707/jewelry-design-dataset/img_001166.jpg,512,512
JW_001035,Img 001167,jewellery,data/catalogue/JW_001168.jpg,https://huggingface.co/datasets/sidd707/jewelry-design-dataset/img_001167.jpg,512,512
JW_001036,Img 001168,jewellery,data/catalogue/JW_001169.jpg,https://huggingface.co/datasets/sidd707/jewelry-design-dataset/img_001168.jpg,512,512
JW_001037,Img 001169,jewellery,data/catalogue/JW_001170.jpg,https://huggingface.co/datasets/sidd707/jewelry-design-dataset/img_001169.jpg,512,512
JW_001038,Img 001170,jewellery,data/catalogue/JW_001171.jpg,https://huggingface.co/datasets/sidd707/jewelry-design-dataset/img_001170.jpg,512,512
JW_001039,Img 001171,jewellery,data/catalogue/JW_001172.jpg,https://huggingface.co/datasets/sidd707/jewelry-design-dataset/img_001171.jpg,512,512
JW_001040,Img 001172,jewellery,data/catalogue/JW_001173.jpg,https://huggingface.co/datasets/sidd707/jewelry-design-dataset/img_001172.jpg,512,512
JW_001041,Img 001173,jewellery,data/catalogue/JW_001174.jpg,https://huggingface.co/datasets/sidd707/jewelry-design-dataset/img_001173.jpg,512,512
JW_001042,Img 001174,jewellery,data/catalogue/JW_001175.jpg,https://huggingface.co/datasets/sidd707/jewelry-design-dataset/img_001174.jpg,512,512
JW_001043,Img 001175,jewellery,data/catalogue/JW_001176.jpg,https://huggingface.co/datasets/sidd707/jewelry-design-dataset/img_001175.jpg,512,512
JW_001044,Img 001176,jewellery,data/catalogue/JW_001177.jpg,https://huggingface.co/datasets/sidd707/jewelry-design-dataset/img_001176.jpg,512,512
JW_001045,Img 001177,jewellery,data/catalogue/JW_001178.jpg,https://huggingface.co/datasets/sidd707/jewelry-design-dataset/img_001177.jpg,512,512
JW_001046,Img 001178,jewellery,data/catalogue/JW_001179.jpg,https://huggingface.co/datasets/sidd707/jewelry-design-dataset/img_001178.jpg,512,512
JW_001047,Img 001179,jewellery,data/catalogue/JW_001180.jpg,https://huggingface.co/datasets/sidd707/jewelry-design-dataset/img_001179.jpg,512,512
JW_001048,Img 001180,jewellery,data/catalogue/JW_001181.jpg,https://huggingface.co/datasets/sidd707/jewelry-design-dataset/img_001180.jpg,512,512
JW_001049,Img 001181,jewellery,data/catalogue/JW_001182.jpg,https://huggingface.co/datasets/sidd707/jewelry-design-dataset/img_001181.jpg,512,512
JW_001050,Img 001182,jewellery,data/catalogue/JW_001183.jpg,https://huggingface.co/datasets/sidd707/jewelry-design-dataset/img_001182.jpg,512,512
JW_001051,Img 001183,jewellery,data/catalogue/JW_001184.jpg,https://huggingface.co/datasets/sidd707/jewelry-design-dataset/img_001183.jpg,512,512
JW_001052,Img 001184,jewellery,data/catalogue/JW_001185.jpg,https://huggingface.co/datasets/sidd707/jewelry-design-dataset/img_001184.jpg,512,512
JW_001053,Img 001185,jewellery,data/catalogue/JW_001186.jpg,https://huggingface.co/datasets/sidd707/jewelry-design-dataset/img_001185.jpg,512,512
JW_001054,Img 001186,jewellery,data/catalogue/JW_001187.jpg,https://huggingface.co/datasets/sidd707/jewelry-design-dataset/img_001186.jpg,512,512
JW_001055,Img 001187,jewellery,data/catalogue/JW_001188.jpg,https://huggingface.co/datasets/sidd707/jewelry-design-dataset/img_001187.jpg,512,512
JW_001056,Img 001188,jewellery,data/catalogue/JW_001189.jpg,https://huggingface.co/datasets/sidd707/jewelry-design-dataset/img_001188.jpg,512,512
JW_001057,Img 001189,jewellery,data/catalogue/JW_001190.jpg,https://huggingface.co/datasets/sidd707/jewelry-design-dataset/img_001189.jpg,512,512
JW_001058,Img 001190,jewellery,data/catalogue/JW_001191.jpg,https://huggingface.co/datasets/sidd707/jewelry-design-dataset/img_001190.jpg,512,512
JW_001059,Img 001191,jewellery,data/catalogue/JW_001192.jpg,https://huggingface.co/datasets/sidd707/jewelry-design-dataset/img_001191.jpg,512,512
JW_001060,Img 001192,jewellery,data/catalogue/JW_001193.jpg,https://huggingface.co/datasets/sidd707/jewelry-design-dataset/img_001192.jpg,512,512
JW_001061,Img 001193,jewellery,data/catalogue/JW_001194.jpg,https://huggingface.co/datasets/sidd707/jewelry-design-dataset/img_001193.jpg,512,512
JW_001062,Img 001194,jewellery,data/catalogue/JW_001195.jpg,https://huggingface.co/datasets/sidd707/jewelry-design-dataset/img_001194.jpg,512,512
JW_001063,Img 001195,jewellery,data/catalogue/JW_001196.jpg,https://huggingface.co/datasets/sidd707/jewelry-design-dataset/img_001195.jpg,512,512
JW_001064,Img 001196,jewellery,data/catalogue/JW_001197.jpg,https://huggingface.co/datasets/sidd707/jewelry-design-dataset/img_001196.jpg,512,512
JW_001065,Img 001197,jewellery,data/catalogue/JW_001198.jpg,https://huggingface.co/datasets/sidd707/jewelry-design-dataset/img_001197.jpg,512,512
JW_001066,Img 001198,jewellery,data/catalogue/JW_001199.jpg,https://huggingface.co/datasets/sidd707/jewelry-design-dataset/img_001198.jpg,512,512
JW_001067,Img 001199,jewellery,data/catalogue/JW_001200.jpg,https://huggingface.co/datasets/sidd707/jewelry-design-dataset/img_001199.jpg,512,512
JW_001068,Img 001200,jewellery,data/catalogue/JW_001201.jpg,https://huggingface.co/datasets/sidd707/jewelry-design-dataset/img_001200.jpg,512,512
JW_001069,Img 001201,jewellery,data/catalogue/JW_001202.jpg,https://huggingface.co/datasets/sidd707/jewelry-design-dataset/img_001201.jpg,512,512
JW_001070,Img 001202,jewellery,data/catalogue/JW_001203.jpg,https://huggingface.co/datasets/sidd707/jewelry-design-dataset/img_001202.jpg,512,512
JW_001071,Img 001203,jewellery,data/catalogue/JW_001204.jpg,https://huggingface.co/datasets/sidd707/jewelry-design-dataset/img_001203.jpg,512,512
JW_001072,Img 001204,jewellery,data/catalogue/JW_001205.jpg,https://huggingface.co/datasets/sidd707/jewelry-design-dataset/img_001204.jpg,512,512
JW_001073,Img 001205,jewellery,data/catalogue/JW_001206.jpg,https://huggingface.co/datasets/sidd707/jewelry-design-dataset/img_001205.jpg,512,512
JW_001074,Img 001206,jewellery,data/catalogue/JW_001207.jpg,https://huggingface.co/datasets/sidd707/jewelry-design-dataset/img_001206.jpg,512,512
JW_001075,Img 001207,jewellery,data/catalogue/JW_001208.jpg,https://huggingface.co/datasets/sidd707/jewelry-design-dataset/img_001207.jpg,512,512
JW_001076,Img 001208,jewellery,data/catalogue/JW_001209.jpg,https://huggingface.co/datasets/sidd707/jewelry-design-dataset/img_001208.jpg,512,512
JW_001077,Img 001209,jewellery,data/catalogue/JW_001210.jpg,https://huggingface.co/datasets/sidd707/jewelry-design-dataset/img_001209.jpg,512,512
JW_001078,Img 001210,jewellery,data/catalogue/JW_001211.jpg,https://huggingface.co/datasets/sidd707/jewelry-design-dataset/img_001210.jpg,512,512
JW_001079,Img 001211,jewellery,data/catalogue/JW_001212.jpg,https://huggingface.co/datasets/sidd707/jewelry-design-dataset/img_001211.jpg,512,512
JW_001080,Img 001212,jewellery,data/catalogue/JW_001213.jpg,https://huggingface.co/datasets/sidd707/jewelry-design-dataset/img_001212.jpg,512,512
JW_001081,Img 001213,jewellery,data/catalogue/JW_001214.jpg,https://huggingface.co/datasets/sidd707/jewelry-design-dataset/img_001213.jpg,512,512
JW_001082,Img 001214,jewellery,data/catalogue/JW_001215.jpg,https://huggingface.co/datasets/sidd707/jewelry-design-dataset/img_001214.jpg,512,512
JW_001083,Img 001215,jewellery,data/catalogue/JW_001216.jpg,https://huggingface.co/datasets/sidd707/jewelry-design-dataset/img_001215.jpg,512,512
JW_001084,Img 001216,jewellery,data/catalogue/JW_001217.jpg,https://huggingface.co/datasets/sidd707/jewelry-design-dataset/img_001216.jpg,512,512
JW_001085,Img 001217,jewellery,data/catalogue/JW_001218.jpg,https://huggingface.co/datasets/sidd707/jewelry-design-dataset/img_001217.jpg,512,512
JW_001086,Img 001218,jewellery,data/catalogue/JW_001219.jpg,https://huggingface.co/datasets/sidd707/jewelry-design-dataset/img_001218.jpg,512,512
JW_001087,Img 001219,jewellery,data/catalogue/JW_001220.jpg,https://huggingface.co/datasets/sidd707/jewelry-design-dataset/img_001219.jpg,512,512
JW_001088,Img 001220,jewellery,data/catalogue/JW_001221.jpg,https://huggingface.co/datasets/sidd707/jewelry-design-dataset/img_001220.jpg,512,512
JW_001089,Img 001221,jewellery,data/catalogue/JW_001222.jpg,https://huggingface.co/datasets/sidd707/jewelry-design-dataset/img_001221.jpg,512,512
JW_001090,Img 001222,jewellery,data/catalogue/JW_001223.jpg,https://huggingface.co/datasets/sidd707/jewelry-design-dataset/img_001222.jpg,512,512
JW_001091,Img 001223,jewellery,data/catalogue/JW_001224.jpg,https://huggingface.co/datasets/sidd707/jewelry-design-dataset/img_001223.jpg,512,512
JW_001092,Img 001224,jewellery,data/catalogue/JW_001225.jpg,https://huggingface.co/datasets/sidd707/jewelry-design-dataset/img_001224.jpg,512,512
JW_001093,Img 001225,jewellery,data/catalogue/JW_001226.jpg,https://huggingface.co/datasets/sidd707/jewelry-design-dataset/img_001225.jpg,512,512
JW_001094,Img 001226,jewellery,data/catalogue/JW_001227.jpg,https://huggingface.co/datasets/sidd707/jewelry-design-dataset/img_001226.jpg,512,512
JW_001095,Img 001227,jewellery,data/catalogue/JW_001228.jpg,https://huggingface.co/datasets/sidd707/jewelry-design-dataset/img_001227.jpg,512,512
JW_001096,Img 001228,jewellery,data/catalogue/JW_001229.jpg,https://huggingface.co/datasets/sidd707/jewelry-design-dataset/img_001228.jpg,512,512
JW_001097,Img 001229,jewellery,data/catalogue/JW_001230.jpg,https://huggingface.co/datasets/sidd707/jewelry-design-dataset/img_001229.jpg,512,512
JW_001098,Img 001230,jewellery,data/catalogue/JW_001231.jpg,https://huggingface.co/datasets/sidd707/jewelry-design-dataset/img_001230.jpg,512,512
JW_001099,Img 001231,jewellery,data/catalogue/JW_001232.jpg,https://huggingface.co/datasets/sidd707/jewelry-design-dataset/img_001231.jpg,512,512
JW_001100,Img 001232,jewellery,data/catalogue/JW_001233.jpg,https://huggingface.co/datasets/sidd707/jewelry-design-dataset/img_001232.jpg,512,512
JW_001101,Img 001233,jewellery,data/catalogue/JW_001234.jpg,https://huggingface.co/datasets/sidd707/jewelry-design-dataset/img_001233.jpg,512,512
JW_001102,Img 001234,jewellery,data/catalogue/JW_001235.jpg,https://huggingface.co/datasets/sidd707/jewelry-design-dataset/img_001234.jpg,512,512
JW_001103,Img 001235,jewellery,data/catalogue/JW_001236.jpg,https://huggingface.co/datasets/sidd707/jewelry-design-dataset/img_001235.jpg,512,512
JW_001104,Img 001236,jewellery,data/catalogue/JW_001237.jpg,https://huggingface.co/datasets/sidd707/jewelry-design-dataset/img_001236.jpg,512,512
JW_001105,Img 001237,jewellery,data/catalogue/JW_001238.jpg,https://huggingface.co/datasets/sidd707/jewelry-design-dataset/img_001237.jpg,512,512
JW_001106,Img 001238,jewellery,data/catalogue/JW_001239.jpg,https://huggingface.co/datasets/sidd707/jewelry-design-dataset/img_001238.jpg,512,512
JW_001107,Img 001239,jewellery,data/catalogue/JW_001240.jpg,https://huggingface.co/datasets/sidd707/jewelry-design-dataset/img_001239.jpg,512,512
JW_001108,Img 001240,jewellery,data/catalogue/JW_001241.jpg,https://huggingface.co/datasets/sidd707/jewelry-design-dataset/img_001240.jpg,512,512
JW_001109,Img 001241,jewellery,data/catalogue/JW_001242.jpg,https://huggingface.co/datasets/sidd707/jewelry-design-dataset/img_001241.jpg,512,512
JW_001110,Img 001242,jewellery,data/catalogue/JW_001243.jpg,https://huggingface.co/datasets/sidd707/jewelry-design-dataset/img_001242.jpg,512,512
JW_001111,Img 001243,jewellery,data/catalogue/JW_001244.jpg,https://huggingface.co/datasets/sidd707/jewelry-design-dataset/img_001243.jpg,512,512
JW_001112,Img 001244,jewellery,data/catalogue/JW_001245.jpg,https://huggingface.co/datasets/sidd707/jewelry-design-dataset/img_001244.jpg,512,512
JW_001113,Img 001245,jewellery,data/catalogue/JW_001246.jpg,https://huggingface.co/datasets/sidd707/jewelry-design-dataset/img_001245.jpg,512,512
JW_001114,Img 001246,jewellery,data/catalogue/JW_001247.jpg,https://huggingface.co/datasets/sidd707/jewelry-design-dataset/img_001246.jpg,512,512
JW_001115,Img 001247,jewellery,data/catalogue/JW_001248.jpg,https://huggingface.co/datasets/sidd707/jewelry-design-dataset/img_001247.jpg,512,512
JW_001116,Img 001248,jewellery,data/catalogue/JW_001249.jpg,https://huggingface.co/datasets/sidd707/jewelry-design-dataset/img_001248.jpg,512,512
JW_001117,Img 001249,jewellery,data/catalogue/JW_001250.jpg,https://huggingface.co/datasets/sidd707/jewelry-design-dataset/img_001249.jpg,512,512
JW_001118,Img 001250,jewellery,data/catalogue/JW_001251.jpg,https://huggingface.co/datasets/sidd707/jewelry-design-dataset/img_001250.jpg,512,512
JW_001119,Img 001251,jewellery,data/catalogue/JW_001252.jpg,https://huggingface.co/datasets/sidd707/jewelry-design-dataset/img_001251.jpg,512,512
JW_001120,Img 001252,jewellery,data/catalogue/JW_001253.jpg,https://huggingface.co/datasets/sidd707/jewelry-design-dataset/img_001252.jpg,512,512
JW_001121,Img 001253,jewellery,data/catalogue/JW_001254.jpg,https://huggingface.co/datasets/sidd707/jewelry-design-dataset/img_001253.jpg,512,512
JW_001122,Img 001254,jewellery,data/catalogue/JW_001255.jpg,https://huggingface.co/datasets/sidd707/jewelry-design-dataset/img_001254.jpg,512,512
JW_001123,Img 001255,jewellery,data/catalogue/JW_001256.jpg,https://huggingface.co/datasets/sidd707/jewelry-design-dataset/img_001255.jpg,512,512
JW_001124,Img 001256,jewellery,data/catalogue/JW_001257.jpg,https://huggingface.co/datasets/sidd707/jewelry-design-dataset/img_001256.jpg,512,512
JW_001125,Img 001257,jewellery,data/catalogue/JW_001258.jpg,https://huggingface.co/datasets/sidd707/jewelry-design-dataset/img_001257.jpg,512,512
JW_001126,Img 001258,jewellery,data/catalogue/JW_001259.jpg,https://huggingface.co/datasets/sidd707/jewelry-design-dataset/img_001258.jpg,512,512
JW_001127,Img 001259,jewellery,data/catalogue/JW_001260.jpg,https://huggingface.co/datasets/sidd707/jewelry-design-dataset/img_001259.jpg,512,512
JW_001128,Img 001260,jewellery,data/catalogue/JW_001261.jpg,https://huggingface.co/datasets/sidd707/jewelry-design-dataset/img_001260.jpg,512,512
JW_001129,Img 001261,jewellery,data/catalogue/JW_001262.jpg,https://huggingface.co/datasets/sidd707/jewelry-design-dataset/img_001261.jpg,512,512
JW_001130,Img 001262,jewellery,data/catalogue/JW_001263.jpg,https://huggingface.co/datasets/sidd707/jewelry-design-dataset/img_001262.jpg,512,512
JW_001131,Img 001263,jewellery,data/catalogue/JW_001264.jpg,https://huggingface.co/datasets/sidd707/jewelry-design-dataset/img_001263.jpg,512,512
JW_001132,Img 001264,jewellery,data/catalogue/JW_001265.jpg,https://huggingface.co/datasets/sidd707/jewelry-design-dataset/img_001264.jpg,512,512
JW_001133,Img 001265,jewellery,data/catalogue/JW_001266.jpg,https://huggingface.co/datasets/sidd707/jewelry-design-dataset/img_001265.jpg,512,512
JW_001134,Img 001266,jewellery,data/catalogue/JW_001267.jpg,https://huggingface.co/datasets/sidd707/jewelry-design-dataset/img_001266.jpg,512,512
JW_001135,Img 001267,jewellery,data/catalogue/JW_001268.jpg,https://huggingface.co/datasets/sidd707/jewelry-design-dataset/img_001267.jpg,512,512
JW_001136,Img 001268,jewellery,data/catalogue/JW_001269.jpg,https://huggingface.co/datasets/sidd707/jewelry-design-dataset/img_001268.jpg,512,512
JW_001137,Img 001269,jewellery,data/catalogue/JW_001270.jpg,https://huggingface.co/datasets/sidd707/jewelry-design-dataset/img_001269.jpg,512,512
JW_001138,Img 001270,jewellery,data/catalogue/JW_001271.jpg,https://huggingface.co/datasets/sidd707/jewelry-design-dataset/img_001270.jpg,512,512
JW_001139,Img 001271,jewellery,data/catalogue/JW_001272.jpg,https://huggingface.co/datasets/sidd707/jewelry-design-dataset/img_001271.jpg,512,512
JW_001140,Img 001272,jewellery,data/catalogue/JW_001273.jpg,https://huggingface.co/datasets/sidd707/jewelry-design-dataset/img_001272.jpg,512,512
JW_001141,Img 001273,jewellery,data/catalogue/JW_001274.jpg,https://huggingface.co/datasets/sidd707/jewelry-design-dataset/img_001273.jpg,512,512
JW_001142,Img 001274,jewellery,data/catalogue/JW_001275.jpg,https://huggingface.co/datasets/sidd707/jewelry-design-dataset/img_001274.jpg,512,512
JW_001143,Img 001275,jewellery,data/catalogue/JW_001276.jpg,https://huggingface.co/datasets/sidd707/jewelry-design-dataset/img_001275.jpg,512,512
JW_001144,Img 001276,jewellery,data/catalogue/JW_001277.jpg,https://huggingface.co/datasets/sidd707/jewelry-design-dataset/img_001276.jpg,512,512
JW_001145,Img 001277,jewellery,data/catalogue/JW_001278.jpg,https://huggingface.co/datasets/sidd707/jewelry-design-dataset/img_001277.jpg,512,512
JW_001146,Img 001278,jewellery,data/catalogue/JW_001279.jpg,https://huggingface.co/datasets/sidd707/jewelry-design-dataset/img_001278.jpg,512,512
JW_001147,Img 001279,jewellery,data/catalogue/JW_001280.jpg,https://huggingface.co/datasets/sidd707/jewelry-design-dataset/img_001279.jpg,512,512
JW_001148,Img 001280,jewellery,data/catalogue/JW_001281.jpg,https://huggingface.co/datasets/sidd707/jewelry-design-dataset/img_001280.jpg,512,512
JW_001149,Img 001281,jewellery,data/catalogue/JW_001282.jpg,https://huggingface.co/datasets/sidd707/jewelry-design-dataset/img_001281.jpg,512,512
JW_001150,Img 001282,jewellery,data/catalogue/JW_001283.jpg,https://huggingface.co/datasets/sidd707/jewelry-design-dataset/img_001282.jpg,512,512
JW_001151,Img 001283,jewellery,data/catalogue/JW_001284.jpg,https://huggingface.co/datasets/sidd707/jewelry-design-dataset/img_001283.jpg,512,512
JW_001152,Img 001284,jewellery,data/catalogue/JW_001285.jpg,https://huggingface.co/datasets/sidd707/jewelry-design-dataset/img_001284.jpg,512,512
JW_001153,Img 001285,jewellery,data/catalogue/JW_001286.jpg,https://huggingface.co/datasets/sidd707/jewelry-design-dataset/img_001285.jpg,512,512
JW_001154,Img 001286,jewellery,data/catalogue/JW_001287.jpg,https://huggingface.co/datasets/sidd707/jewelry-design-dataset/img_001286.jpg,512,512
JW_001155,Img 001287,jewellery,data/catalogue/JW_001288.jpg,https://huggingface.co/datasets/sidd707/jewelry-design-dataset/img_001287.jpg,512,512
JW_001156,Img 001288,jewellery,data/catalogue/JW_001289.jpg,https://huggingface.co/datasets/sidd707/jewelry-design-dataset/img_001288.jpg,512,512
JW_001157,Img 001289,jewellery,data/catalogue/JW_001290.jpg,https://huggingface.co/datasets/sidd707/jewelry-design-dataset/img_001289.jpg,512,512
JW_001158,Img 001290,jewellery,data/catalogue/JW_001291.jpg,https://huggingface.co/datasets/sidd707/jewelry-design-dataset/img_001290.jpg,512,512
JW_001159,Img 001291,jewellery,data/catalogue/JW_001292.jpg,https://huggingface.co/datasets/sidd707/jewelry-design-dataset/img_001291.jpg,512,512
JW_001160,Img 001292,jewellery,data/catalogue/JW_001293.jpg,https://huggingface.co/datasets/sidd707/jewelry-design-dataset/img_001292.jpg,512,512
JW_001161,Img 001293,jewellery,data/catalogue/JW_001294.jpg,https://huggingface.co/datasets/sidd707/jewelry-design-dataset/img_001293.jpg,512,512
JW_001162,Img 001294,jewellery,data/catalogue/JW_001295.jpg,https://huggingface.co/datasets/sidd707/jewelry-design-dataset/img_001294.jpg,512,512
JW_001163,Img 001295,jewellery,data/catalogue/JW_001296.jpg,https://huggingface.co/datasets/sidd707/jewelry-design-dataset/img_001295.jpg,512,512
JW_001164,Img 001296,jewellery,data/catalogue/JW_001297.jpg,https://huggingface.co/datasets/sidd707/jewelry-design-dataset/img_001296.jpg,512,512
JW_001165,Img 001297,jewellery,data/catalogue/JW_001298.jpg,https://huggingface.co/datasets/sidd707/jewelry-design-dataset/img_001297.jpg,512,512
JW_001166,Img 001298,jewellery,data/catalogue/JW_001299.jpg,https://huggingface.co/datasets/sidd707/jewelry-design-dataset/img_001298.jpg,512,512
JW_001167,Img 001299,jewellery,data/catalogue/JW_001300.jpg,https://huggingface.co/datasets/sidd707/jewelry-design-dataset/img_001299.jpg,512,512
JW_001168,Img 001300,jewellery,data/catalogue/JW_001301.jpg,https://huggingface.co/datasets/sidd707/jewelry-design-dataset/img_001300.jpg,512,512
JW_001169,Img 001301,jewellery,data/catalogue/JW_001302.jpg,https://huggingface.co/datasets/sidd707/jewelry-design-dataset/img_001301.jpg,512,512
JW_001170,Img 001302,jewellery,data/catalogue/JW_001303.jpg,https://huggingface.co/datasets/sidd707/jewelry-design-dataset/img_001302.jpg,512,512
JW_001171,Img 001303,jewellery,data/catalogue/JW_001304.jpg,https://huggingface.co/datasets/sidd707/jewelry-design-dataset/img_001303.jpg,512,512
JW_001172,Img 001304,jewellery,data/catalogue/JW_001305.jpg,https://huggingface.co/datasets/sidd707/jewelry-design-dataset/img_001304.jpg,512,512
JW_001173,Img 001305,jewellery,data/catalogue/JW_001306.jpg,https://huggingface.co/datasets/sidd707/jewelry-design-dataset/img_001305.jpg,512,512
JW_001174,Img 001306,jewellery,data/catalogue/JW_001307.jpg,https://huggingface.co/datasets/sidd707/jewelry-design-dataset/img_001306.jpg,512,512
JW_001175,Img 001307,jewellery,data/catalogue/JW_001308.jpg,https://huggingface.co/datasets/sidd707/jewelry-design-dataset/img_001307.jpg,512,512
JW_001176,Img 001308,jewellery,data/catalogue/JW_001309.jpg,https://huggingface.co/datasets/sidd707/jewelry-design-dataset/img_001308.jpg,512,512
JW_001177,Img 001309,jewellery,data/catalogue/JW_001310.jpg,https://huggingface.co/datasets/sidd707/jewelry-design-dataset/img_001309.jpg,512,512
JW_001178,Img 001310,jewellery,data/catalogue/JW_001311.jpg,https://huggingface.co/datasets/sidd707/jewelry-design-dataset/img_001310.jpg,512,512
JW_001179,Img 001311,jewellery,data/catalogue/JW_001312.jpg,https://huggingface.co/datasets/sidd707/jewelry-design-dataset/img_001311.jpg,512,512
JW_001180,Img 001312,jewellery,data/catalogue/JW_001313.jpg,https://huggingface.co/datasets/sidd707/jewelry-design-dataset/img_001312.jpg,512,512
JW_001181,Img 001313,jewellery,data/catalogue/JW_001314.jpg,https://huggingface.co/datasets/sidd707/jewelry-design-dataset/img_001313.jpg,512,512
JW_001182,Img 001314,jewellery,data/catalogue/JW_001315.jpg,https://huggingface.co/datasets/sidd707/jewelry-design-dataset/img_001314.jpg,512,512
JW_001183,Img 001315,jewellery,data/catalogue/JW_001316.jpg,https://huggingface.co/datasets/sidd707/jewelry-design-dataset/img_001315.jpg,512,512
JW_001184,Img 001316,jewellery,data/catalogue/JW_001317.jpg,https://huggingface.co/datasets/sidd707/jewelry-design-dataset/img_001316.jpg,512,512
JW_001185,Img 001317,jewellery,data/catalogue/JW_001318.jpg,https://huggingface.co/datasets/sidd707/jewelry-design-dataset/img_001317.jpg,512,512
JW_001186,Img 001318,jewellery,data/catalogue/JW_001319.jpg,https://huggingface.co/datasets/sidd707/jewelry-design-dataset/img_001318.jpg,512,512
JW_001187,Img 001319,jewellery,data/catalogue/JW_001320.jpg,https://huggingface.co/datasets/sidd707/jewelry-design-dataset/img_001319.jpg,512,512
JW_001188,Img 001320,jewellery,data/catalogue/JW_001321.jpg,https://huggingface.co/datasets/sidd707/jewelry-design-dataset/img_001320.jpg,512,512
JW_001189,Img 001321,jewellery,data/catalogue/JW_001322.jpg,https://huggingface.co/datasets/sidd707/jewelry-design-dataset/img_001321.jpg,512,512
JW_001190,Img 001322,jewellery,data/catalogue/JW_001323.jpg,https://huggingface.co/datasets/sidd707/jewelry-design-dataset/img_001322.jpg,512,512
JW_001191,Img 001323,jewellery,data/catalogue/JW_001324.jpg,https://huggingface.co/datasets/sidd707/jewelry-design-dataset/img_001323.jpg,512,512
JW_001192,Img 001324,jewellery,data/catalogue/JW_001325.jpg,https://huggingface.co/datasets/sidd707/jewelry-design-dataset/img_001324.jpg,512,512
JW_001193,Img 001325,jewellery,data/catalogue/JW_001326.jpg,https://huggingface.co/datasets/sidd707/jewelry-design-dataset/img_001325.jpg,512,512
JW_001194,Img 001326,jewellery,data/catalogue/JW_001327.jpg,https://huggingface.co/datasets/sidd707/jewelry-design-dataset/img_001326.jpg,512,512
JW_001195,Img 001327,jewellery,data/catalogue/JW_001328.jpg,https://huggingface.co/datasets/sidd707/jewelry-design-dataset/img_001327.jpg,512,512
JW_001196,Img 001328,jewellery,data/catalogue/JW_001329.jpg,https://huggingface.co/datasets/sidd707/jewelry-design-dataset/img_001328.jpg,512,512
JW_001197,Img 001329,jewellery,data/catalogue/JW_001330.jpg,https://huggingface.co/datasets/sidd707/jewelry-design-dataset/img_001329.jpg,512,512
JW_001198,Img 001330,jewellery,data/catalogue/JW_001331.jpg,https://huggingface.co/datasets/sidd707/jewelry-design-dataset/img_001330.jpg,512,512
JW_001199,Img 001331,jewellery,data/catalogue/JW_001332.jpg,https://huggingface.co/datasets/sidd707/jewelry-design-dataset/img_001331.jpg,512,512
JW_001200,Img 001332,jewellery,data/catalogue/JW_001333.jpg,https://huggingface.co/datasets/sidd707/jewelry-design-dataset/img_001332.jpg,512,512
JW_001201,Img 001333,jewellery,data/catalogue/JW_001334.jpg,https://huggingface.co/datasets/sidd707/jewelry-design-dataset/img_001333.jpg,512,512
JW_001202,Img 001334,jewellery,data/catalogue/JW_001335.jpg,https://huggingface.co/datasets/sidd707/jewelry-design-dataset/img_001334.jpg,512,512
JW_001203,Img 001335,jewellery,data/catalogue/JW_001336.jpg,https://huggingface.co/datasets/sidd707/jewelry-design-dataset/img_001335.jpg,512,512
JW_001204,Img 001336,jewellery,data/catalogue/JW_001337.jpg,https://huggingface.co/datasets/sidd707/jewelry-design-dataset/img_001336.jpg,512,512
JW_001205,Img 001337,jewellery,data/catalogue/JW_001338.jpg,https://huggingface.co/datasets/sidd707/jewelry-design-dataset/img_001337.jpg,512,512
JW_001206,Img 001338,jewellery,data/catalogue/JW_001339.jpg,https://huggingface.co/datasets/sidd707/jewelry-design-dataset/img_001338.jpg,512,512
JW_001207,Img 001339,jewellery,data/catalogue/JW_001340.jpg,https://huggingface.co/datasets/sidd707/jewelry-design-dataset/img_001339.jpg,512,512
JW_001208,Img 001340,jewellery,data/catalogue/JW_001341.jpg,https://huggingface.co/datasets/sidd707/jewelry-design-dataset/img_001340.jpg,512,512
JW_001209,Img 001341,jewellery,data/catalogue/JW_001342.jpg,https://huggingface.co/datasets/sidd707/jewelry-design-dataset/img_001341.jpg,512,512
JW_001210,Img 001342,jewellery,data/catalogue/JW_001343.jpg,https://huggingface.co/datasets/sidd707/jewelry-design-dataset/img_001342.jpg,512,512
JW_001211,Img 001343,jewellery,data/catalogue/JW_001344.jpg,https://huggingface.co/datasets/sidd707/jewelry-design-dataset/img_001343.jpg,512,512
JW_001212,Img 001344,jewellery,data/catalogue/JW_001345.jpg,https://huggingface.co/datasets/sidd707/jewelry-design-dataset/img_001344.jpg,512,512
JW_001213,Img 001345,jewellery,data/catalogue/JW_001346.jpg,https://huggingface.co/datasets/sidd707/jewelry-design-dataset/img_001345.jpg,512,512
JW_001214,Img 001346,jewellery,data/catalogue/JW_001347.jpg,https://huggingface.co/datasets/sidd707/jewelry-design-dataset/img_001346.jpg,512,512
JW_001215,Img 001347,jewellery,data/catalogue/JW_001348.jpg,https://huggingface.co/datasets/sidd707/jewelry-design-dataset/img_001347.jpg,512,512
JW_001216,Img 001348,jewellery,data/catalogue/JW_001349.jpg,https://huggingface.co/datasets/sidd707/jewelry-design-dataset/img_001348.jpg,512,512
JW_001217,Img 001349,jewellery,data/catalogue/JW_001350.jpg,https://huggingface.co/datasets/sidd707/jewelry-design-dataset/img_001349.jpg,512,512
JW_001218,Img 001351,jewellery,data/catalogue/JW_001352.jpg,https://huggingface.co/datasets/sidd707/jewelry-design-dataset/img_001351.jpg,512,512
JW_001219,Img 001353,jewellery,data/catalogue/JW_001354.jpg,https://huggingface.co/datasets/sidd707/jewelry-design-dataset/img_001353.jpg,512,512
JW_001220,Img 001355,jewellery,data/catalogue/JW_001356.jpg,https://huggingface.co/datasets/sidd707/jewelry-design-dataset/img_001355.jpg,512,512
JW_001221,Img 001356,jewellery,data/catalogue/JW_001357.jpg,https://huggingface.co/datasets/sidd707/jewelry-design-dataset/img_001356.jpg,512,512
JW_001222,Img 001357,jewellery,data/catalogue/JW_001358.jpg,https://huggingface.co/datasets/sidd707/jewelry-design-dataset/img_001357.jpg,512,512
JW_001223,Img 001359,jewellery,data/catalogue/JW_001360.jpg,https://huggingface.co/datasets/sidd707/jewelry-design-dataset/img_001359.jpg,512,512
JW_001224,Img 001360,jewellery,data/catalogue/JW_001361.jpg,https://huggingface.co/datasets/sidd707/jewelry-design-dataset/img_001360.jpg,512,512
JW_001225,Img 001363,jewellery,data/catalogue/JW_001364.jpg,https://huggingface.co/datasets/sidd707/jewelry-design-dataset/img_001363.jpg,512,512
JW_001226,Img 001365,jewellery,data/catalogue/JW_001366.jpg,https://huggingface.co/datasets/sidd707/jewelry-design-dataset/img_001365.jpg,512,512
JW_001227,Img 001366,jewellery,data/catalogue/JW_001367.jpg,https://huggingface.co/datasets/sidd707/jewelry-design-dataset/img_001366.jpg,512,512
JW_001228,Img 001367,jewellery,data/catalogue/JW_001368.jpg,https://huggingface.co/datasets/sidd707/jewelry-design-dataset/img_001367.jpg,512,512
JW_001229,Img 001368,jewellery,data/catalogue/JW_001369.jpg,https://huggingface.co/datasets/sidd707/jewelry-design-dataset/img_001368.jpg,512,512
JW_001230,Img 001369,jewellery,data/catalogue/JW_001370.jpg,https://huggingface.co/datasets/sidd707/jewelry-design-dataset/img_001369.jpg,512,512
JW_001231,Img 001370,jewellery,data/catalogue/JW_001371.jpg,https://huggingface.co/datasets/sidd707/jewelry-design-dataset/img_001370.jpg,512,512
JW_001232,Img 001371,jewellery,data/catalogue/JW_001372.jpg,https://huggingface.co/datasets/sidd707/jewelry-design-dataset/img_001371.jpg,512,512
JW_001233,Img 001372,jewellery,data/catalogue/JW_001373.jpg,https://huggingface.co/datasets/sidd707/jewelry-design-dataset/img_001372.jpg,512,512
JW_001234,Img 001373,jewellery,data/catalogue/JW_001374.jpg,https://huggingface.co/datasets/sidd707/jewelry-design-dataset/img_001373.jpg,512,512
JW_001235,Img 001376,jewellery,data/catalogue/JW_001377.jpg,https://huggingface.co/datasets/sidd707/jewelry-design-dataset/img_001376.jpg,512,512
JW_001236,Img 001377,jewellery,data/catalogue/JW_001378.jpg,https://huggingface.co/datasets/sidd707/jewelry-design-dataset/img_001377.jpg,512,512
JW_001237,Img 001378,jewellery,data/catalogue/JW_001379.jpg,https://huggingface.co/datasets/sidd707/jewelry-design-dataset/img_001378.jpg,512,512
JW_001238,Img 001381,jewellery,data/catalogue/JW_001382.jpg,https://huggingface.co/datasets/sidd707/jewelry-design-dataset/img_001381.jpg,512,512
JW_001239,Img 001382,jewellery,data/catalogue/JW_001383.jpg,https://huggingface.co/datasets/sidd707/jewelry-design-dataset/img_001382.jpg,512,512
JW_001240,Img 001384,jewellery,data/catalogue/JW_001385.jpg,https://huggingface.co/datasets/sidd707/jewelry-design-dataset/img_001384.jpg,512,512
JW_001241,Img 001387,jewellery,data/catalogue/JW_001388.jpg,https://huggingface.co/datasets/sidd707/jewelry-design-dataset/img_001387.jpg,512,512
JW_001242,Img 001388,jewellery,data/catalogue/JW_001389.jpg,https://huggingface.co/datasets/sidd707/jewelry-design-dataset/img_001388.jpg,512,512
JW_001243,Img 001389,jewellery,data/catalogue/JW_001390.jpg,https://huggingface.co/datasets/sidd707/jewelry-design-dataset/img_001389.jpg,512,512
JW_001244,Img 001390,jewellery,data/catalogue/JW_001391.jpg,https://huggingface.co/datasets/sidd707/jewelry-design-dataset/img_001390.jpg,512,512
JW_001245,Img 001391,jewellery,data/catalogue/JW_001392.jpg,https://huggingface.co/datasets/sidd707/jewelry-design-dataset/img_001391.jpg,512,512
JW_001246,Img 001392,jewellery,data/catalogue/JW_001393.jpg,https://huggingface.co/datasets/sidd707/jewelry-design-dataset/img_001392.jpg,512,512
JW_001247,Img 001393,jewellery,data/catalogue/JW_001394.jpg,https://huggingface.co/datasets/sidd707/jewelry-design-dataset/img_001393.jpg,512,512
JW_001248,Img 001395,jewellery,data/catalogue/JW_001396.jpg,https://huggingface.co/datasets/sidd707/jewelry-design-dataset/img_001395.jpg,512,512
JW_001249,Img 001398,jewellery,data/catalogue/JW_001399.jpg,https://huggingface.co/datasets/sidd707/jewelry-design-dataset/img_001398.jpg,512,512
JW_001250,Img 001400,jewellery,data/catalogue/JW_001401.jpg,https://huggingface.co/datasets/sidd707/jewelry-design-dataset/img_001400.jpg,512,512
JW_001251,Img 001401,jewellery,data/catalogue/JW_001402.jpg,https://huggingface.co/datasets/sidd707/jewelry-design-dataset/img_001401.jpg,512,512
JW_001252,Img 001402,jewellery,data/catalogue/JW_001403.jpg,https://huggingface.co/datasets/sidd707/jewelry-design-dataset/img_001402.jpg,512,512
JW_001253,Img 001403,jewellery,data/catalogue/JW_001404.jpg,https://huggingface.co/datasets/sidd707/jewelry-design-dataset/img_001403.jpg,512,512
JW_001254,Img 001405,jewellery,data/catalogue/JW_001406.jpg,https://huggingface.co/datasets/sidd707/jewelry-design-dataset/img_001405.jpg,512,512
JW_001255,Img 001406,jewellery,data/catalogue/JW_001407.jpg,https://huggingface.co/datasets/sidd707/jewelry-design-dataset/img_001406.jpg,512,512
JW_001256,Img 001407,jewellery,data/catalogue/JW_001408.jpg,https://huggingface.co/datasets/sidd707/jewelry-design-dataset/img_001407.jpg,512,512
JW_001257,Img 001408,jewellery,data/catalogue/JW_001409.jpg,https://huggingface.co/datasets/sidd707/jewelry-design-dataset/img_001408.jpg,512,512
JW_001258,Img 001409,jewellery,data/catalogue/JW_001410.jpg,https://huggingface.co/datasets/sidd707/jewelry-design-dataset/img_001409.jpg,512,512
JW_001259,Img 001410,jewellery,data/catalogue/JW_001411.jpg,https://huggingface.co/datasets/sidd707/jewelry-design-dataset/img_001410.jpg,512,512
JW_001260,Img 001411,jewellery,data/catalogue/JW_001412.jpg,https://huggingface.co/datasets/sidd707/jewelry-design-dataset/img_001411.jpg,512,512
JW_001261,Img 001412,jewellery,data/catalogue/JW_001413.jpg,https://huggingface.co/datasets/sidd707/jewelry-design-dataset/img_001412.jpg,512,512
JW_001262,Img 001413,jewellery,data/catalogue/JW_001414.jpg,https://huggingface.co/datasets/sidd707/jewelry-design-dataset/img_001413.jpg,512,512
JW_001263,Img 001414,jewellery,data/catalogue/JW_001415.jpg,https://huggingface.co/datasets/sidd707/jewelry-design-dataset/img_001414.jpg,512,512
JW_001264,Img 001415,jewellery,data/catalogue/JW_001416.jpg,https://huggingface.co/datasets/sidd707/jewelry-design-dataset/img_001415.jpg,512,512
JW_001265,Img 001416,jewellery,data/catalogue/JW_001417.jpg,https://huggingface.co/datasets/sidd707/jewelry-design-dataset/img_001416.jpg,512,512
JW_001266,Img 001418,jewellery,data/catalogue/JW_001419.jpg,https://huggingface.co/datasets/sidd707/jewelry-design-dataset/img_001418.jpg,512,512
JW_001267,Img 001419,jewellery,data/catalogue/JW_001420.jpg,https://huggingface.co/datasets/sidd707/jewelry-design-dataset/img_001419.jpg,512,512
JW_001268,Img 001420,jewellery,data/catalogue/JW_001421.jpg,https://huggingface.co/datasets/sidd707/jewelry-design-dataset/img_001420.jpg,512,512
JW_001269,Img 001421,jewellery,data/catalogue/JW_001422.jpg,https://huggingface.co/datasets/sidd707/jewelry-design-dataset/img_001421.jpg,512,512
JW_001270,Img 001422,jewellery,data/catalogue/JW_001423.jpg,https://huggingface.co/datasets/sidd707/jewelry-design-dataset/img_001422.jpg,512,512
JW_001271,Img 001424,jewellery,data/catalogue/JW_001425.jpg,https://huggingface.co/datasets/sidd707/jewelry-design-dataset/img_001424.jpg,512,512
JW_001272,Img 001426,jewellery,data/catalogue/JW_001427.jpg,https://huggingface.co/datasets/sidd707/jewelry-design-dataset/img_001426.jpg,512,512
JW_001273,Img 001427,jewellery,data/catalogue/JW_001428.jpg,https://huggingface.co/datasets/sidd707/jewelry-design-dataset/img_001427.jpg,512,512
JW_001274,Img 001428,jewellery,data/catalogue/JW_001429.jpg,https://huggingface.co/datasets/sidd707/jewelry-design-dataset/img_001428.jpg,512,512
JW_001275,Img 001429,jewellery,data/catalogue/JW_001430.jpg,https://huggingface.co/datasets/sidd707/jewelry-design-dataset/img_001429.jpg,512,512
JW_001276,Img 001430,jewellery,data/catalogue/JW_001431.jpg,https://huggingface.co/datasets/sidd707/jewelry-design-dataset/img_001430.jpg,512,512
JW_001277,Img 001431,jewellery,data/catalogue/JW_001432.jpg,https://huggingface.co/datasets/sidd707/jewelry-design-dataset/img_001431.jpg,512,512
JW_001278,Img 001432,jewellery,data/catalogue/JW_001433.jpg,https://huggingface.co/datasets/sidd707/jewelry-design-dataset/img_001432.jpg,512,512
JW_001279,Img 001433,jewellery,data/catalogue/JW_001434.jpg,https://huggingface.co/datasets/sidd707/jewelry-design-dataset/img_001433.jpg,512,512
JW_001280,Img 001434,jewellery,data/catalogue/JW_001435.jpg,https://huggingface.co/datasets/sidd707/jewelry-design-dataset/img_001434.jpg,512,512
JW_001281,Img 001435,jewellery,data/catalogue/JW_001436.jpg,https://huggingface.co/datasets/sidd707/jewelry-design-dataset/img_001435.jpg,512,512
JW_001282,Img 001436,jewellery,data/catalogue/JW_001437.jpg,https://huggingface.co/datasets/sidd707/jewelry-design-dataset/img_001436.jpg,512,512
JW_001283,Img 001438,jewellery,data/catalogue/JW_001439.jpg,https://huggingface.co/datasets/sidd707/jewelry-design-dataset/img_001438.jpg,512,512
JW_001284,Img 001439,jewellery,data/catalogue/JW_001440.jpg,https://huggingface.co/datasets/sidd707/jewelry-design-dataset/img_001439.jpg,512,512
JW_001285,Img 001440,jewellery,data/catalogue/JW_001441.jpg,https://huggingface.co/datasets/sidd707/jewelry-design-dataset/img_001440.jpg,512,512
JW_001286,Img 001441,jewellery,data/catalogue/JW_001442.jpg,https://huggingface.co/datasets/sidd707/jewelry-design-dataset/img_001441.jpg,512,512
JW_001287,Img 001442,jewellery,data/catalogue/JW_001443.jpg,https://huggingface.co/datasets/sidd707/jewelry-design-dataset/img_001442.jpg,512,512
JW_001288,Img 001443,jewellery,data/catalogue/JW_001444.jpg,https://huggingface.co/datasets/sidd707/jewelry-design-dataset/img_001443.jpg,512,512
JW_001289,Img 001444,jewellery,data/catalogue/JW_001445.jpg,https://huggingface.co/datasets/sidd707/jewelry-design-dataset/img_001444.jpg,512,512
JW_001290,Img 001445,jewellery,data/catalogue/JW_001446.jpg,https://huggingface.co/datasets/sidd707/jewelry-design-dataset/img_001445.jpg,512,512
JW_001291,Img 001446,jewellery,data/catalogue/JW_001447.jpg,https://huggingface.co/datasets/sidd707/jewelry-design-dataset/img_001446.jpg,512,512
JW_001292,Img 001447,jewellery,data/catalogue/JW_001448.jpg,https://huggingface.co/datasets/sidd707/jewelry-design-dataset/img_001447.jpg,512,512
JW_001293,Img 001448,jewellery,data/catalogue/JW_001449.jpg,https://huggingface.co/datasets/sidd707/jewelry-design-dataset/img_001448.jpg,512,512
JW_001294,Img 001449,jewellery,data/catalogue/JW_001450.jpg,https://huggingface.co/datasets/sidd707/jewelry-design-dataset/img_001449.jpg,512,512
JW_001295,Img 001450,jewellery,data/catalogue/JW_001451.jpg,https://huggingface.co/datasets/sidd707/jewelry-design-dataset/img_001450.jpg,512,512
JW_001296,Img 001451,jewellery,data/catalogue/JW_001452.jpg,https://huggingface.co/datasets/sidd707/jewelry-design-dataset/img_001451.jpg,512,512
JW_001297,Img 001452,jewellery,data/catalogue/JW_001453.jpg,https://huggingface.co/datasets/sidd707/jewelry-design-dataset/img_001452.jpg,512,512
JW_001298,Img 001453,jewellery,data/catalogue/JW_001454.jpg,https://huggingface.co/datasets/sidd707/jewelry-design-dataset/img_001453.jpg,512,512
JW_001299,Img 001454,jewellery,data/catalogue/JW_001455.jpg,https://huggingface.co/datasets/sidd707/jewelry-design-dataset/img_001454.jpg,512,512
JW_001300,Img 001455,jewellery,data/catalogue/JW_001456.jpg,https://huggingface.co/datasets/sidd707/jewelry-design-dataset/img_001455.jpg,512,512
JW_001301,Img 001456,jewellery,data/catalogue/JW_001457.jpg,https://huggingface.co/datasets/sidd707/jewelry-design-dataset/img_001456.jpg,512,512
JW_001302,Img 001457,jewellery,data/catalogue/JW_001458.jpg,https://huggingface.co/datasets/sidd707/jewelry-design-dataset/img_001457.jpg,512,512
JW_001303,Img 001458,jewellery,data/catalogue/JW_001459.jpg,https://huggingface.co/datasets/sidd707/jewelry-design-dataset/img_001458.jpg,512,512
JW_001304,Img 001459,jewellery,data/catalogue/JW_001460.jpg,https://huggingface.co/datasets/sidd707/jewelry-design-dataset/img_001459.jpg,512,512
JW_001305,Img 001460,jewellery,data/catalogue/JW_001461.jpg,https://huggingface.co/datasets/sidd707/jewelry-design-dataset/img_001460.jpg,512,512
JW_001306,Img 001461,jewellery,data/catalogue/JW_001462.jpg,https://huggingface.co/datasets/sidd707/jewelry-design-dataset/img_001461.jpg,512,512
JW_001307,Img 001462,jewellery,data/catalogue/JW_001463.jpg,https://huggingface.co/datasets/sidd707/jewelry-design-dataset/img_001462.jpg,512,512
JW_001308,Img 001463,jewellery,data/catalogue/JW_001464.jpg,https://huggingface.co/datasets/sidd707/jewelry-design-dataset/img_001463.jpg,512,512
JW_001309,Img 001464,jewellery,data/catalogue/JW_001465.jpg,https://huggingface.co/datasets/sidd707/jewelry-design-dataset/img_001464.jpg,512,512
JW_001310,Img 001465,jewellery,data/catalogue/JW_001466.jpg,https://huggingface.co/datasets/sidd707/jewelry-design-dataset/img_001465.jpg,512,512
JW_001311,Img 001466,jewellery,data/catalogue/JW_001467.jpg,https://huggingface.co/datasets/sidd707/jewelry-design-dataset/img_001466.jpg,512,512
JW_001312,Img 001467,jewellery,data/catalogue/JW_001468.jpg,https://huggingface.co/datasets/sidd707/jewelry-design-dataset/img_001467.jpg,512,512
JW_001313,Img 001468,jewellery,data/catalogue/JW_001469.jpg,https://huggingface.co/datasets/sidd707/jewelry-design-dataset/img_001468.jpg,512,512
JW_001314,Img 001469,jewellery,data/catalogue/JW_001470.jpg,https://huggingface.co/datasets/sidd707/jewelry-design-dataset/img_001469.jpg,512,512
JW_001315,Img 001470,jewellery,data/catalogue/JW_001471.jpg,https://huggingface.co/datasets/sidd707/jewelry-design-dataset/img_001470.jpg,512,512
JW_001316,Img 001471,jewellery,data/catalogue/JW_001472.jpg,https://huggingface.co/datasets/sidd707/jewelry-design-dataset/img_001471.jpg,512,512
JW_001317,Img 001472,jewellery,data/catalogue/JW_001473.jpg,https://huggingface.co/datasets/sidd707/jewelry-design-dataset/img_001472.jpg,512,512
JW_001318,Img 001473,jewellery,data/catalogue/JW_001474.jpg,https://huggingface.co/datasets/sidd707/jewelry-design-dataset/img_001473.jpg,512,512
JW_001319,Img 001474,jewellery,data/catalogue/JW_001475.jpg,https://huggingface.co/datasets/sidd707/jewelry-design-dataset/img_001474.jpg,512,512
JW_001320,Img 001475,jewellery,data/catalogue/JW_001476.jpg,https://huggingface.co/datasets/sidd707/jewelry-design-dataset/img_001475.jpg,512,512
JW_001321,Img 001476,jewellery,data/catalogue/JW_001477.jpg,https://huggingface.co/datasets/sidd707/jewelry-design-dataset/img_001476.jpg,512,512
JW_001322,Img 001477,jewellery,data/catalogue/JW_001478.jpg,https://huggingface.co/datasets/sidd707/jewelry-design-dataset/img_001477.jpg,512,512
JW_001323,Img 001478,jewellery,data/catalogue/JW_001479.jpg,https://huggingface.co/datasets/sidd707/jewelry-design-dataset/img_001478.jpg,512,512
JW_001324,Img 001479,jewellery,data/catalogue/JW_001480.jpg,https://huggingface.co/datasets/sidd707/jewelry-design-dataset/img_001479.jpg,512,512
JW_001325,Img 001480,jewellery,data/catalogue/JW_001481.jpg,https://huggingface.co/datasets/sidd707/jewelry-design-dataset/img_001480.jpg,512,512
JW_001326,Img 001481,jewellery,data/catalogue/JW_001482.jpg,https://huggingface.co/datasets/sidd707/jewelry-design-dataset/img_001481.jpg,512,512
JW_001327,Img 001483,jewellery,data/catalogue/JW_001484.jpg,https://huggingface.co/datasets/sidd707/jewelry-design-dataset/img_001483.jpg,512,512
JW_001328,Img 001484,jewellery,data/catalogue/JW_001485.jpg,https://huggingface.co/datasets/sidd707/jewelry-design-dataset/img_001484.jpg,512,512
JW_001329,Img 001485,jewellery,data/catalogue/JW_001486.jpg,https://huggingface.co/datasets/sidd707/jewelry-design-dataset/img_001485.jpg,512,512
JW_001330,Img 001486,jewellery,data/catalogue/JW_001487.jpg,https://huggingface.co/datasets/sidd707/jewelry-design-dataset/img_001486.jpg,512,512
JW_001331,Img 001487,jewellery,data/catalogue/JW_001488.jpg,https://huggingface.co/datasets/sidd707/jewelry-design-dataset/img_001487.jpg,512,512
JW_001332,Img 001488,jewellery,data/catalogue/JW_001489.jpg,https://huggingface.co/datasets/sidd707/jewelry-design-dataset/img_001488.jpg,512,512
JW_001333,Img 001489,jewellery,data/catalogue/JW_001490.jpg,https://huggingface.co/datasets/sidd707/jewelry-design-dataset/img_001489.jpg,512,512
JW_001334,Img 001490,jewellery,data/catalogue/JW_001491.jpg,https://huggingface.co/datasets/sidd707/jewelry-design-dataset/img_001490.jpg,512,512
JW_001335,Img 001491,jewellery,data/catalogue/JW_001492.jpg,https://huggingface.co/datasets/sidd707/jewelry-design-dataset/img_001491.jpg,512,512
JW_001336,Img 001492,jewellery,data/catalogue/JW_001493.jpg,https://huggingface.co/datasets/sidd707/jewelry-design-dataset/img_001492.jpg,512,512
JW_001337,Img 001493,jewellery,data/catalogue/JW_001494.jpg,https://huggingface.co/datasets/sidd707/jewelry-design-dataset/img_001493.jpg,512,512
JW_001338,Img 001494,jewellery,data/catalogue/JW_001495.jpg,https://huggingface.co/datasets/sidd707/jewelry-design-dataset/img_001494.jpg,512,512
JW_001339,Img 001495,jewellery,data/catalogue/JW_001496.jpg,https://huggingface.co/datasets/sidd707/jewelry-design-dataset/img_001495.jpg,512,512
JW_001340,Img 001496,jewellery,data/catalogue/JW_001497.jpg,https://huggingface.co/datasets/sidd707/jewelry-design-dataset/img_001496.jpg,512,512
JW_001341,Img 001497,jewellery,data/catalogue/JW_001498.jpg,https://huggingface.co/datasets/sidd707/jewelry-design-dataset/img_001497.jpg,512,512
JW_001342,Img 001498,jewellery,data/catalogue/JW_001499.jpg,https://huggingface.co/datasets/sidd707/jewelry-design-dataset/img_001498.jpg,512,512
JW_001343,Img 001499,jewellery,data/catalogue/JW_001500.jpg,https://huggingface.co/datasets/sidd707/jewelry-design-dataset/img_001499.jpg,512,512
JW_001344,Img 001500,jewellery,data/catalogue/JW_001501.jpg,https://huggingface.co/datasets/sidd707/jewelry-design-dataset/img_001500.jpg,512,512
JW_001345,Img 001501,jewellery,data/catalogue/JW_001502.jpg,https://huggingface.co/datasets/sidd707/jewelry-design-dataset/img_001501.jpg,512,512
JW_001346,Img 001502,jewellery,data/catalogue/JW_001503.jpg,https://huggingface.co/datasets/sidd707/jewelry-design-dataset/img_001502.jpg,512,512
JW_001347,Img 001503,jewellery,data/catalogue/JW_001504.jpg,https://huggingface.co/datasets/sidd707/jewelry-design-dataset/img_001503.jpg,512,512
JW_001348,Img 001504,jewellery,data/catalogue/JW_001505.jpg,https://huggingface.co/datasets/sidd707/jewelry-design-dataset/img_001504.jpg,512,512
JW_001349,Img 001506,jewellery,data/catalogue/JW_001507.jpg,https://huggingface.co/datasets/sidd707/jewelry-design-dataset/img_001506.jpg,512,512
JW_001350,Img 001507,jewellery,data/catalogue/JW_001508.jpg,https://huggingface.co/datasets/sidd707/jewelry-design-dataset/img_001507.jpg,512,512
JW_001351,Img 001508,jewellery,data/catalogue/JW_001509.jpg,https://huggingface.co/datasets/sidd707/jewelry-design-dataset/img_001508.jpg,512,512
JW_001352,Img 001509,jewellery,data/catalogue/JW_001510.jpg,https://huggingface.co/datasets/sidd707/jewelry-design-dataset/img_001509.jpg,512,512
JW_001353,Img 001510,jewellery,data/catalogue/JW_001511.jpg,https://huggingface.co/datasets/sidd707/jewelry-design-dataset/img_001510.jpg,512,512
JW_001354,Img 001511,jewellery,data/catalogue/JW_001512.jpg,https://huggingface.co/datasets/sidd707/jewelry-design-dataset/img_001511.jpg,512,512
JW_001355,Img 001512,jewellery,data/catalogue/JW_001513.jpg,https://huggingface.co/datasets/sidd707/jewelry-design-dataset/img_001512.jpg,512,512
JW_001356,Img 001513,jewellery,data/catalogue/JW_001514.jpg,https://huggingface.co/datasets/sidd707/jewelry-design-dataset/img_001513.jpg,512,512
JW_001357,Img 001514,jewellery,data/catalogue/JW_001515.jpg,https://huggingface.co/datasets/sidd707/jewelry-design-dataset/img_001514.jpg,512,512
JW_001358,Img 001515,jewellery,data/catalogue/JW_001516.jpg,https://huggingface.co/datasets/sidd707/jewelry-design-dataset/img_001515.jpg,512,512
JW_001359,Img 001516,jewellery,data/catalogue/JW_001517.jpg,https://huggingface.co/datasets/sidd707/jewelry-design-dataset/img_001516.jpg,512,512
JW_001360,Img 001517,jewellery,data/catalogue/JW_001518.jpg,https://huggingface.co/datasets/sidd707/jewelry-design-dataset/img_001517.jpg,512,512
JW_001361,Img 001518,jewellery,data/catalogue/JW_001519.jpg,https://huggingface.co/datasets/sidd707/jewelry-design-dataset/img_001518.jpg,512,512
JW_001362,Img 001519,jewellery,data/catalogue/JW_001520.jpg,https://huggingface.co/datasets/sidd707/jewelry-design-dataset/img_001519.jpg,512,512
JW_001363,Img 001520,jewellery,data/catalogue/JW_001521.jpg,https://huggingface.co/datasets/sidd707/jewelry-design-dataset/img_001520.jpg,512,512
JW_001364,Img 001521,jewellery,data/catalogue/JW_001522.jpg,https://huggingface.co/datasets/sidd707/jewelry-design-dataset/img_001521.jpg,512,512
JW_001365,Img 001522,jewellery,data/catalogue/JW_001523.jpg,https://huggingface.co/datasets/sidd707/jewelry-design-dataset/img_001522.jpg,512,512
JW_001366,Img 001523,jewellery,data/catalogue/JW_001524.jpg,https://huggingface.co/datasets/sidd707/jewelry-design-dataset/img_001523.jpg,512,512
JW_001367,Img 001524,jewellery,data/catalogue/JW_001525.jpg,https://huggingface.co/datasets/sidd707/jewelry-design-dataset/img_001524.jpg,512,512
JW_001368,Img 001525,jewellery,data/catalogue/JW_001526.jpg,https://huggingface.co/datasets/sidd707/jewelry-design-dataset/img_001525.jpg,512,512
JW_001369,Img 001526,jewellery,data/catalogue/JW_001527.jpg,https://huggingface.co/datasets/sidd707/jewelry-design-dataset/img_001526.jpg,512,512
JW_001370,Img 001527,jewellery,data/catalogue/JW_001528.jpg,https://huggingface.co/datasets/sidd707/jewelry-design-dataset/img_001527.jpg,512,512
JW_001371,Img 001528,jewellery,data/catalogue/JW_001529.jpg,https://huggingface.co/datasets/sidd707/jewelry-design-dataset/img_001528.jpg,512,512
JW_001372,Img 001529,jewellery,data/catalogue/JW_001530.jpg,https://huggingface.co/datasets/sidd707/jewelry-design-dataset/img_001529.jpg,512,512
JW_001373,Img 001530,jewellery,data/catalogue/JW_001531.jpg,https://huggingface.co/datasets/sidd707/jewelry-design-dataset/img_001530.jpg,512,512
JW_001374,Img 001531,jewellery,data/catalogue/JW_001532.jpg,https://huggingface.co/datasets/sidd707/jewelry-design-dataset/img_001531.jpg,512,512
JW_001375,Img 001532,jewellery,data/catalogue/JW_001533.jpg,https://huggingface.co/datasets/sidd707/jewelry-design-dataset/img_001532.jpg,512,512
JW_001376,Img 001533,jewellery,data/catalogue/JW_001534.jpg,https://huggingface.co/datasets/sidd707/jewelry-design-dataset/img_001533.jpg,512,512
JW_001377,Img 001534,jewellery,data/catalogue/JW_001535.jpg,https://huggingface.co/datasets/sidd707/jewelry-design-dataset/img_001534.jpg,512,512
JW_001378,Img 001535,jewellery,data/catalogue/JW_001536.jpg,https://huggingface.co/datasets/sidd707/jewelry-design-dataset/img_001535.jpg,512,512
JW_001379,Img 001536,jewellery,data/catalogue/JW_001537.jpg,https://huggingface.co/datasets/sidd707/jewelry-design-dataset/img_001536.jpg,512,512
JW_001380,Img 001537,jewellery,data/catalogue/JW_001538.jpg,https://huggingface.co/datasets/sidd707/jewelry-design-dataset/img_001537.jpg,512,512
JW_001381,Img 001538,jewellery,data/catalogue/JW_001539.jpg,https://huggingface.co/datasets/sidd707/jewelry-design-dataset/img_001538.jpg,512,512
JW_001382,Img 001539,jewellery,data/catalogue/JW_001540.jpg,https://huggingface.co/datasets/sidd707/jewelry-design-dataset/img_001539.jpg,512,512
JW_001383,Img 001540,jewellery,data/catalogue/JW_001541.jpg,https://huggingface.co/datasets/sidd707/jewelry-design-dataset/img_001540.jpg,512,512
JW_001384,Img 001541,jewellery,data/catalogue/JW_001542.jpg,https://huggingface.co/datasets/sidd707/jewelry-design-dataset/img_001541.jpg,512,512
JW_001385,Img 001542,jewellery,data/catalogue/JW_001543.jpg,https://huggingface.co/datasets/sidd707/jewelry-design-dataset/img_001542.jpg,512,512
JW_001386,Img 001543,jewellery,data/catalogue/JW_001544.jpg,https://huggingface.co/datasets/sidd707/jewelry-design-dataset/img_001543.jpg,512,512
JW_001387,Img 001544,jewellery,data/catalogue/JW_001545.jpg,https://huggingface.co/datasets/sidd707/jewelry-design-dataset/img_001544.jpg,512,512
JW_001388,Img 001545,jewellery,data/catalogue/JW_001546.jpg,https://huggingface.co/datasets/sidd707/jewelry-design-dataset/img_001545.jpg,512,512
JW_001389,Img 001546,jewellery,data/catalogue/JW_001547.jpg,https://huggingface.co/datasets/sidd707/jewelry-design-dataset/img_001546.jpg,512,512
JW_001390,Img 001547,jewellery,data/catalogue/JW_001548.jpg,https://huggingface.co/datasets/sidd707/jewelry-design-dataset/img_001547.jpg,512,512
JW_001391,Img 001548,jewellery,data/catalogue/JW_001549.jpg,https://huggingface.co/datasets/sidd707/jewelry-design-dataset/img_001548.jpg,512,512
JW_001392,Img 001549,jewellery,data/catalogue/JW_001550.jpg,https://huggingface.co/datasets/sidd707/jewelry-design-dataset/img_001549.jpg,512,512
JW_001393,Img 001550,jewellery,data/catalogue/JW_001551.jpg,https://huggingface.co/datasets/sidd707/jewelry-design-dataset/img_001550.jpg,512,512
JW_001394,Img 001551,jewellery,data/catalogue/JW_001552.jpg,https://huggingface.co/datasets/sidd707/jewelry-design-dataset/img_001551.jpg,512,512
JW_001395,Img 001552,jewellery,data/catalogue/JW_001553.jpg,https://huggingface.co/datasets/sidd707/jewelry-design-dataset/img_001552.jpg,512,512
JW_001396,Img 001553,jewellery,data/catalogue/JW_001554.jpg,https://huggingface.co/datasets/sidd707/jewelry-design-dataset/img_001553.jpg,512,512
JW_001397,Img 001554,jewellery,data/catalogue/JW_001555.jpg,https://huggingface.co/datasets/sidd707/jewelry-design-dataset/img_001554.jpg,512,512
JW_001398,Img 001555,jewellery,data/catalogue/JW_001556.jpg,https://huggingface.co/datasets/sidd707/jewelry-design-dataset/img_001555.jpg,512,512
JW_001399,Img 001556,jewellery,data/catalogue/JW_001557.jpg,https://huggingface.co/datasets/sidd707/jewelry-design-dataset/img_001556.jpg,512,512
JW_001400,Img 001557,jewellery,data/catalogue/JW_001558.jpg,https://huggingface.co/datasets/sidd707/jewelry-design-dataset/img_001557.jpg,512,512
JW_001401,Img 001558,jewellery,data/catalogue/JW_001559.jpg,https://huggingface.co/datasets/sidd707/jewelry-design-dataset/img_001558.jpg,512,512
JW_001402,Img 001559,jewellery,data/catalogue/JW_001560.jpg,https://huggingface.co/datasets/sidd707/jewelry-design-dataset/img_001559.jpg,512,512
JW_001403,Img 001560,jewellery,data/catalogue/JW_001561.jpg,https://huggingface.co/datasets/sidd707/jewelry-design-dataset/img_001560.jpg,512,512
JW_001404,Img 001561,jewellery,data/catalogue/JW_001562.jpg,https://huggingface.co/datasets/sidd707/jewelry-design-dataset/img_001561.jpg,512,512
JW_001405,Img 001562,jewellery,data/catalogue/JW_001563.jpg,https://huggingface.co/datasets/sidd707/jewelry-design-dataset/img_001562.jpg,512,512
JW_001406,Img 001563,jewellery,data/catalogue/JW_001564.jpg,https://huggingface.co/datasets/sidd707/jewelry-design-dataset/img_001563.jpg,512,512
JW_001407,Img 001564,jewellery,data/catalogue/JW_001565.jpg,https://huggingface.co/datasets/sidd707/jewelry-design-dataset/img_001564.jpg,512,512
JW_001408,Img 001565,jewellery,data/catalogue/JW_001566.jpg,https://huggingface.co/datasets/sidd707/jewelry-design-dataset/img_001565.jpg,512,512
JW_001409,Img 001566,jewellery,data/catalogue/JW_001567.jpg,https://huggingface.co/datasets/sidd707/jewelry-design-dataset/img_001566.jpg,512,512
JW_001410,Img 001567,jewellery,data/catalogue/JW_001568.jpg,https://huggingface.co/datasets/sidd707/jewelry-design-dataset/img_001567.jpg,512,512
JW_001411,Img 001568,jewellery,data/catalogue/JW_001569.jpg,https://huggingface.co/datasets/sidd707/jewelry-design-dataset/img_001568.jpg,512,512
JW_001412,Img 001569,jewellery,data/catalogue/JW_001570.jpg,https://huggingface.co/datasets/sidd707/jewelry-design-dataset/img_001569.jpg,512,512
JW_001413,Img 001570,jewellery,data/catalogue/JW_001571.jpg,https://huggingface.co/datasets/sidd707/jewelry-design-dataset/img_001570.jpg,512,512
JW_001414,Img 001571,jewellery,data/catalogue/JW_001572.jpg,https://huggingface.co/datasets/sidd707/jewelry-design-dataset/img_001571.jpg,512,512
JW_001415,Img 001572,jewellery,data/catalogue/JW_001573.jpg,https://huggingface.co/datasets/sidd707/jewelry-design-dataset/img_001572.jpg,512,512
JW_001416,Img 001573,jewellery,data/catalogue/JW_001574.jpg,https://huggingface.co/datasets/sidd707/jewelry-design-dataset/img_001573.jpg,512,512
JW_001417,Img 001574,jewellery,data/catalogue/JW_001575.jpg,https://huggingface.co/datasets/sidd707/jewelry-design-dataset/img_001574.jpg,512,512
JW_001418,Img 001575,jewellery,data/catalogue/JW_001576.jpg,https://huggingface.co/datasets/sidd707/jewelry-design-dataset/img_001575.jpg,512,512
JW_001419,Img 001576,jewellery,data/catalogue/JW_001577.jpg,https://huggingface.co/datasets/sidd707/jewelry-design-dataset/img_001576.jpg,512,512
JW_001420,Img 001577,jewellery,data/catalogue/JW_001578.jpg,https://huggingface.co/datasets/sidd707/jewelry-design-dataset/img_001577.jpg,512,512
JW_001421,Img 001578,jewellery,data/catalogue/JW_001579.jpg,https://huggingface.co/datasets/sidd707/jewelry-design-dataset/img_001578.jpg,512,512
JW_001422,Img 001579,jewellery,data/catalogue/JW_001580.jpg,https://huggingface.co/datasets/sidd707/jewelry-design-dataset/img_001579.jpg,512,512
JW_001423,Img 001580,jewellery,data/catalogue/JW_001581.jpg,https://huggingface.co/datasets/sidd707/jewelry-design-dataset/img_001580.jpg,512,512
JW_001424,Img 001581,jewellery,data/catalogue/JW_001582.jpg,https://huggingface.co/datasets/sidd707/jewelry-design-dataset/img_001581.jpg,512,512
JW_001425,Img 001582,jewellery,data/catalogue/JW_001583.jpg,https://huggingface.co/datasets/sidd707/jewelry-design-dataset/img_001582.jpg,512,512
JW_001426,Img 001583,jewellery,data/catalogue/JW_001584.jpg,https://huggingface.co/datasets/sidd707/jewelry-design-dataset/img_001583.jpg,512,512
JW_001427,Img 001584,jewellery,data/catalogue/JW_001585.jpg,https://huggingface.co/datasets/sidd707/jewelry-design-dataset/img_001584.jpg,512,512
JW_001428,Img 001585,jewellery,data/catalogue/JW_001586.jpg,https://huggingface.co/datasets/sidd707/jewelry-design-dataset/img_001585.jpg,512,512
JW_001429,Img 001586,jewellery,data/catalogue/JW_001587.jpg,https://huggingface.co/datasets/sidd707/jewelry-design-dataset/img_001586.jpg,512,512
JW_001430,Img 001587,jewellery,data/catalogue/JW_001588.jpg,https://huggingface.co/datasets/sidd707/jewelry-design-dataset/img_001587.jpg,512,512
JW_001431,Img 001589,jewellery,data/catalogue/JW_001590.jpg,https://huggingface.co/datasets/sidd707/jewelry-design-dataset/img_001589.jpg,512,512
JW_001432,Img 001591,jewellery,data/catalogue/JW_001592.jpg,https://huggingface.co/datasets/sidd707/jewelry-design-dataset/img_001591.jpg,512,512
JW_001433,Img 001592,jewellery,data/catalogue/JW_001593.jpg,https://huggingface.co/datasets/sidd707/jewelry-design-dataset/img_001592.jpg,512,512
JW_001434,Img 001593,jewellery,data/catalogue/JW_001594.jpg,https://huggingface.co/datasets/sidd707/jewelry-design-dataset/img_001593.jpg,512,512
JW_001435,Img 001594,jewellery,data/catalogue/JW_001595.jpg,https://huggingface.co/datasets/sidd707/jewelry-design-dataset/img_001594.jpg,512,512
JW_001436,Img 001595,jewellery,data/catalogue/JW_001596.jpg,https://huggingface.co/datasets/sidd707/jewelry-design-dataset/img_001595.jpg,512,512
JW_001437,Img 001596,jewellery,data/catalogue/JW_001597.jpg,https://huggingface.co/datasets/sidd707/jewelry-design-dataset/img_001596.jpg,512,512
JW_001438,Img 001597,jewellery,data/catalogue/JW_001598.jpg,https://huggingface.co/datasets/sidd707/jewelry-design-dataset/img_001597.jpg,512,512
JW_001439,Img 001598,jewellery,data/catalogue/JW_001599.jpg,https://huggingface.co/datasets/sidd707/jewelry-design-dataset/img_001598.jpg,512,512
JW_001440,Img 001599,jewellery,data/catalogue/JW_001600.jpg,https://huggingface.co/datasets/sidd707/jewelry-design-dataset/img_001599.jpg,512,512
JW_001441,Img 001600,jewellery,data/catalogue/JW_001601.jpg,https://huggingface.co/datasets/sidd707/jewelry-design-dataset/img_001600.jpg,512,512
JW_001442,Img 001601,jewellery,data/catalogue/JW_001602.jpg,https://huggingface.co/datasets/sidd707/jewelry-design-dataset/img_001601.jpg,512,512
JW_001443,Img 001602,jewellery,data/catalogue/JW_001603.jpg,https://huggingface.co/datasets/sidd707/jewelry-design-dataset/img_001602.jpg,512,512
JW_001444,Img 001603,jewellery,data/catalogue/JW_001604.jpg,https://huggingface.co/datasets/sidd707/jewelry-design-dataset/img_001603.jpg,512,512
JW_001445,Img 001604,jewellery,data/catalogue/JW_001605.jpg,https://huggingface.co/datasets/sidd707/jewelry-design-dataset/img_001604.jpg,512,512
JW_001446,Img 001605,jewellery,data/catalogue/JW_001606.jpg,https://huggingface.co/datasets/sidd707/jewelry-design-dataset/img_001605.jpg,512,512
JW_001447,Img 001606,jewellery,data/catalogue/JW_001607.jpg,https://huggingface.co/datasets/sidd707/jewelry-design-dataset/img_001606.jpg,512,512
JW_001448,Img 001607,jewellery,data/catalogue/JW_001608.jpg,https://huggingface.co/datasets/sidd707/jewelry-design-dataset/img_001607.jpg,512,512
JW_001449,Img 001608,jewellery,data/catalogue/JW_001609.jpg,https://huggingface.co/datasets/sidd707/jewelry-design-dataset/img_001608.jpg,512,512
JW_001450,Img 001609,jewellery,data/catalogue/JW_001610.jpg,https://huggingface.co/datasets/sidd707/jewelry-design-dataset/img_001609.jpg,512,512
JW_001451,Img 001610,jewellery,data/catalogue/JW_001611.jpg,https://huggingface.co/datasets/sidd707/jewelry-design-dataset/img_001610.jpg,512,512
JW_001452,Img 001611,jewellery,data/catalogue/JW_001612.jpg,https://huggingface.co/datasets/sidd707/jewelry-design-dataset/img_001611.jpg,512,512
JW_001453,Img 001612,jewellery,data/catalogue/JW_001613.jpg,https://huggingface.co/datasets/sidd707/jewelry-design-dataset/img_001612.jpg,512,512
JW_001454,Img 001613,jewellery,data/catalogue/JW_001614.jpg,https://huggingface.co/datasets/sidd707/jewelry-design-dataset/img_001613.jpg,512,512
JW_001455,Img 001614,jewellery,data/catalogue/JW_001615.jpg,https://huggingface.co/datasets/sidd707/jewelry-design-dataset/img_001614.jpg,512,512
JW_001456,Img 001615,jewellery,data/catalogue/JW_001616.jpg,https://huggingface.co/datasets/sidd707/jewelry-design-dataset/img_001615.jpg,512,512
JW_001457,Img 001616,jewellery,data/catalogue/JW_001617.jpg,https://huggingface.co/datasets/sidd707/jewelry-design-dataset/img_001616.jpg,512,512
JW_001458,Img 001617,jewellery,data/catalogue/JW_001618.jpg,https://huggingface.co/datasets/sidd707/jewelry-design-dataset/img_001617.jpg,512,512
JW_001459,Img 001618,jewellery,data/catalogue/JW_001619.jpg,https://huggingface.co/datasets/sidd707/jewelry-design-dataset/img_001618.jpg,512,512
JW_001460,Img 001619,jewellery,data/catalogue/JW_001620.jpg,https://huggingface.co/datasets/sidd707/jewelry-design-dataset/img_001619.jpg,512,512
JW_001461,Img 001620,jewellery,data/catalogue/JW_001621.jpg,https://huggingface.co/datasets/sidd707/jewelry-design-dataset/img_001620.jpg,512,512
JW_001462,Img 001621,jewellery,data/catalogue/JW_001622.jpg,https://huggingface.co/datasets/sidd707/jewelry-design-dataset/img_001621.jpg,512,512
JW_001463,Img 001622,jewellery,data/catalogue/JW_001623.jpg,https://huggingface.co/datasets/sidd707/jewelry-design-dataset/img_001622.jpg,512,512
JW_001464,Img 001623,jewellery,data/catalogue/JW_001624.jpg,https://huggingface.co/datasets/sidd707/jewelry-design-dataset/img_001623.jpg,512,512
JW_001465,Img 001624,jewellery,data/catalogue/JW_001625.jpg,https://huggingface.co/datasets/sidd707/jewelry-design-dataset/img_001624.jpg,512,512
JW_001466,Img 001625,jewellery,data/catalogue/JW_001626.jpg,https://huggingface.co/datasets/sidd707/jewelry-design-dataset/img_001625.jpg,512,512
JW_001467,Img 001626,jewellery,data/catalogue/JW_001627.jpg,https://huggingface.co/datasets/sidd707/jewelry-design-dataset/img_001626.jpg,512,512
JW_001468,Img 001627,jewellery,data/catalogue/JW_001628.jpg,https://huggingface.co/datasets/sidd707/jewelry-design-dataset/img_001627.jpg,512,512
JW_001469,Img 001628,jewellery,data/catalogue/JW_001629.jpg,https://huggingface.co/datasets/sidd707/jewelry-design-dataset/img_001628.jpg,512,512
JW_001470,Img 001629,jewellery,data/catalogue/JW_001630.jpg,https://huggingface.co/datasets/sidd707/jewelry-design-dataset/img_001629.jpg,512,512
JW_001471,Img 001630,jewellery,data/catalogue/JW_001631.jpg,https://huggingface.co/datasets/sidd707/jewelry-design-dataset/img_001630.jpg,512,512
JW_001472,Img 001631,jewellery,data/catalogue/JW_001632.jpg,https://huggingface.co/datasets/sidd707/jewelry-design-dataset/img_001631.jpg,512,512
JW_001473,Img 001632,jewellery,data/catalogue/JW_001633.jpg,https://huggingface.co/datasets/sidd707/jewelry-design-dataset/img_001632.jpg,512,512
JW_001474,Img 001633,jewellery,data/catalogue/JW_001634.jpg,https://huggingface.co/datasets/sidd707/jewelry-design-dataset/img_001633.jpg,512,512
JW_001475,Img 001634,jewellery,data/catalogue/JW_001635.jpg,https://huggingface.co/datasets/sidd707/jewelry-design-dataset/img_001634.jpg,512,512
JW_001476,Img 001635,jewellery,data/catalogue/JW_001636.jpg,https://huggingface.co/datasets/sidd707/jewelry-design-dataset/img_001635.jpg,512,512
JW_001477,Img 001636,jewellery,data/catalogue/JW_001637.jpg,https://huggingface.co/datasets/sidd707/jewelry-design-dataset/img_001636.jpg,512,512
JW_001478,Img 001637,jewellery,data/catalogue/JW_001638.jpg,https://huggingface.co/datasets/sidd707/jewelry-design-dataset/img_001637.jpg,512,512
JW_001479,Img 001638,jewellery,data/catalogue/JW_001639.jpg,https://huggingface.co/datasets/sidd707/jewelry-design-dataset/img_001638.jpg,512,512
JW_001480,Img 001639,jewellery,data/catalogue/JW_001640.jpg,https://huggingface.co/datasets/sidd707/jewelry-design-dataset/img_001639.jpg,512,512
JW_001481,Img 001640,jewellery,data/catalogue/JW_001641.jpg,https://huggingface.co/datasets/sidd707/jewelry-design-dataset/img_001640.jpg,512,512
JW_001482,Img 001641,jewellery,data/catalogue/JW_001642.jpg,https://huggingface.co/datasets/sidd707/jewelry-design-dataset/img_001641.jpg,512,512
JW_001483,Img 001642,jewellery,data/catalogue/JW_001643.jpg,https://huggingface.co/datasets/sidd707/jewelry-design-dataset/img_001642.jpg,512,512
JW_001484,Img 001643,jewellery,data/catalogue/JW_001644.jpg,https://huggingface.co/datasets/sidd707/jewelry-design-dataset/img_001643.jpg,512,512
JW_001485,Img 001644,jewellery,data/catalogue/JW_001645.jpg,https://huggingface.co/datasets/sidd707/jewelry-design-dataset/img_001644.jpg,512,512
JW_001486,Img 001645,jewellery,data/catalogue/JW_001646.jpg,https://huggingface.co/datasets/sidd707/jewelry-design-dataset/img_001645.jpg,512,512
JW_001487,Img 001646,jewellery,data/catalogue/JW_001647.jpg,https://huggingface.co/datasets/sidd707/jewelry-design-dataset/img_001646.jpg,512,512
JW_001488,Img 001647,jewellery,data/catalogue/JW_001648.jpg,https://huggingface.co/datasets/sidd707/jewelry-design-dataset/img_001647.jpg,512,512
JW_001489,Img 001648,jewellery,data/catalogue/JW_001649.jpg,https://huggingface.co/datasets/sidd707/jewelry-design-dataset/img_001648.jpg,512,512
JW_001490,Img 001649,jewellery,data/catalogue/JW_001650.jpg,https://huggingface.co/datasets/sidd707/jewelry-design-dataset/img_001649.jpg,512,512
JW_001491,Img 001651,jewellery,data/catalogue/JW_001652.jpg,https://huggingface.co/datasets/sidd707/jewelry-design-dataset/img_001651.jpg,512,512
JW_001492,Img 001652,jewellery,data/catalogue/JW_001653.jpg,https://huggingface.co/datasets/sidd707/jewelry-design-dataset/img_001652.jpg,512,512
JW_001493,Img 001653,jewellery,data/catalogue/JW_001654.jpg,https://huggingface.co/datasets/sidd707/jewelry-design-dataset/img_001653.jpg,512,512
JW_001494,Img 001654,jewellery,data/catalogue/JW_001655.jpg,https://huggingface.co/datasets/sidd707/jewelry-design-dataset/img_001654.jpg,512,512
JW_001495,Img 001655,jewellery,data/catalogue/JW_001656.jpg,https://huggingface.co/datasets/sidd707/jewelry-design-dataset/img_001655.jpg,512,512
JW_001496,Img 001656,jewellery,data/catalogue/JW_001657.jpg,https://huggingface.co/datasets/sidd707/jewelry-design-dataset/img_001656.jpg,512,512
JW_001497,Img 001657,jewellery,data/catalogue/JW_001658.jpg,https://huggingface.co/datasets/sidd707/jewelry-design-dataset/img_001657.jpg,512,512
JW_001498,Img 001658,jewellery,data/catalogue/JW_001659.jpg,https://huggingface.co/datasets/sidd707/jewelry-design-dataset/img_001658.jpg,512,512
JW_001499,Img 001659,jewellery,data/catalogue/JW_001660.jpg,https://huggingface.co/datasets/sidd707/jewelry-design-dataset/img_001659.jpg,512,512
JW_001500,Img 001660,jewellery,data/catalogue/JW_001661.jpg,https://huggingface.co/datasets/sidd707/jewelry-design-dataset/img_001660.jpg,512,512
JW_001501,Img 001661,jewellery,data/catalogue/JW_001662.jpg,https://huggingface.co/datasets/sidd707/jewelry-design-dataset/img_001661.jpg,512,512
JW_001502,Img 001662,jewellery,data/catalogue/JW_001663.jpg,https://huggingface.co/datasets/sidd707/jewelry-design-dataset/img_001662.jpg,512,512
JW_001503,Img 001663,jewellery,data/catalogue/JW_001664.jpg,https://huggingface.co/datasets/sidd707/jewelry-design-dataset/img_001663.jpg,512,512
JW_001504,Img 001664,jewellery,data/catalogue/JW_001665.jpg,https://huggingface.co/datasets/sidd707/jewelry-design-dataset/img_001664.jpg,512,512
JW_001505,Img 001665,jewellery,data/catalogue/JW_001666.jpg,https://huggingface.co/datasets/sidd707/jewelry-design-dataset/img_001665.jpg,512,512
JW_001506,Img 001666,jewellery,data/catalogue/JW_001667.jpg,https://huggingface.co/datasets/sidd707/jewelry-design-dataset/img_001666.jpg,512,512
JW_001507,Img 001667,jewellery,data/catalogue/JW_001668.jpg,https://huggingface.co/datasets/sidd707/jewelry-design-dataset/img_001667.jpg,512,512
JW_001508,Img 001668,jewellery,data/catalogue/JW_001669.jpg,https://huggingface.co/datasets/sidd707/jewelry-design-dataset/img_001668.jpg,512,512
JW_001509,Img 001669,jewellery,data/catalogue/JW_001670.jpg,https://huggingface.co/datasets/sidd707/jewelry-design-dataset/img_001669.jpg,512,512
JW_001510,Img 001670,jewellery,data/catalogue/JW_001671.jpg,https://huggingface.co/datasets/sidd707/jewelry-design-dataset/img_001670.jpg,512,512
JW_001511,Img 001671,jewellery,data/catalogue/JW_001672.jpg,https://huggingface.co/datasets/sidd707/jewelry-design-dataset/img_001671.jpg,512,512
JW_001512,Img 001672,jewellery,data/catalogue/JW_001673.jpg,https://huggingface.co/datasets/sidd707/jewelry-design-dataset/img_001672.jpg,512,512
JW_001513,Img 001673,jewellery,data/catalogue/JW_001674.jpg,https://huggingface.co/datasets/sidd707/jewelry-design-dataset/img_001673.jpg,512,512
JW_001514,Img 001674,jewellery,data/catalogue/JW_001675.jpg,https://huggingface.co/datasets/sidd707/jewelry-design-dataset/img_001674.jpg,512,512
JW_001515,Img 001675,jewellery,data/catalogue/JW_001676.jpg,https://huggingface.co/datasets/sidd707/jewelry-design-dataset/img_001675.jpg,512,512
JW_001516,Img 001676,jewellery,data/catalogue/JW_001677.jpg,https://huggingface.co/datasets/sidd707/jewelry-design-dataset/img_001676.jpg,512,512
JW_001517,Img 001677,jewellery,data/catalogue/JW_001678.jpg,https://huggingface.co/datasets/sidd707/jewelry-design-dataset/img_001677.jpg,512,512
JW_001518,Img 001678,jewellery,data/catalogue/JW_001679.jpg,https://huggingface.co/datasets/sidd707/jewelry-design-dataset/img_001678.jpg,512,512
JW_001519,Img 001679,jewellery,data/catalogue/JW_001680.jpg,https://huggingface.co/datasets/sidd707/jewelry-design-dataset/img_001679.jpg,512,512
JW_001520,Img 001680,jewellery,data/catalogue/JW_001681.jpg,https://huggingface.co/datasets/sidd707/jewelry-design-dataset/img_001680.jpg,512,512
JW_001521,Img 001681,jewellery,data/catalogue/JW_001682.jpg,https://huggingface.co/datasets/sidd707/jewelry-design-dataset/img_001681.jpg,512,512
JW_001522,Img 001682,jewellery,data/catalogue/JW_001683.jpg,https://huggingface.co/datasets/sidd707/jewelry-design-dataset/img_001682.jpg,512,512
JW_001523,Img 001683,jewellery,data/catalogue/JW_001684.jpg,https://huggingface.co/datasets/sidd707/jewelry-design-dataset/img_001683.jpg,512,512
JW_001524,Img 001684,jewellery,data/catalogue/JW_001685.jpg,https://huggingface.co/datasets/sidd707/jewelry-design-dataset/img_001684.jpg,512,512
JW_001525,Img 001685,jewellery,data/catalogue/JW_001686.jpg,https://huggingface.co/datasets/sidd707/jewelry-design-dataset/img_001685.jpg,512,512
JW_001526,Img 001686,jewellery,data/catalogue/JW_001687.jpg,https://huggingface.co/datasets/sidd707/jewelry-design-dataset/img_001686.jpg,512,512
JW_001527,Img 001687,jewellery,data/catalogue/JW_001688.jpg,https://huggingface.co/datasets/sidd707/jewelry-design-dataset/img_001687.jpg,512,512
JW_001528,Img 001688,jewellery,data/catalogue/JW_001689.jpg,https://huggingface.co/datasets/sidd707/jewelry-design-dataset/img_001688.jpg,512,512
JW_001529,Img 001689,jewellery,data/catalogue/JW_001690.jpg,https://huggingface.co/datasets/sidd707/jewelry-design-dataset/img_001689.jpg,512,512
JW_001530,Img 001690,jewellery,data/catalogue/JW_001691.jpg,https://huggingface.co/datasets/sidd707/jewelry-design-dataset/img_001690.jpg,512,512
JW_001531,Img 001691,jewellery,data/catalogue/JW_001692.jpg,https://huggingface.co/datasets/sidd707/jewelry-design-dataset/img_001691.jpg,512,512
JW_001532,Img 001692,jewellery,data/catalogue/JW_001693.jpg,https://huggingface.co/datasets/sidd707/jewelry-design-dataset/img_001692.jpg,512,512
JW_001533,Img 001693,jewellery,data/catalogue/JW_001694.jpg,https://huggingface.co/datasets/sidd707/jewelry-design-dataset/img_001693.jpg,512,512
JW_001534,Img 001694,jewellery,data/catalogue/JW_001695.jpg,https://huggingface.co/datasets/sidd707/jewelry-design-dataset/img_001694.jpg,512,512
JW_001535,Img 001695,jewellery,data/catalogue/JW_001696.jpg,https://huggingface.co/datasets/sidd707/jewelry-design-dataset/img_001695.jpg,512,512
JW_001536,Img 001696,jewellery,data/catalogue/JW_001697.jpg,https://huggingface.co/datasets/sidd707/jewelry-design-dataset/img_001696.jpg,512,512
JW_001537,Img 001697,jewellery,data/catalogue/JW_001698.jpg,https://huggingface.co/datasets/sidd707/jewelry-design-dataset/img_001697.jpg,512,512
JW_001538,Img 001698,jewellery,data/catalogue/JW_001699.jpg,https://huggingface.co/datasets/sidd707/jewelry-design-dataset/img_001698.jpg,512,512
JW_001539,Img 001700,jewellery,data/catalogue/JW_001701.jpg,https://huggingface.co/datasets/sidd707/jewelry-design-dataset/img_001700.jpg,512,512
JW_001540,Img 001701,jewellery,data/catalogue/JW_001702.jpg,https://huggingface.co/datasets/sidd707/jewelry-design-dataset/img_001701.jpg,512,512
JW_001541,Img 001702,jewellery,data/catalogue/JW_001703.jpg,https://huggingface.co/datasets/sidd707/jewelry-design-dataset/img_001702.jpg,512,512
JW_001542,Img 001703,jewellery,data/catalogue/JW_001704.jpg,https://huggingface.co/datasets/sidd707/jewelry-design-dataset/img_001703.jpg,512,512
JW_001543,Img 001704,jewellery,data/catalogue/JW_001705.jpg,https://huggingface.co/datasets/sidd707/jewelry-design-dataset/img_001704.jpg,512,512
JW_001544,Img 001705,jewellery,data/catalogue/JW_001706.jpg,https://huggingface.co/datasets/sidd707/jewelry-design-dataset/img_001705.jpg,512,512
JW_001545,Img 001706,jewellery,data/catalogue/JW_001707.jpg,https://huggingface.co/datasets/sidd707/jewelry-design-dataset/img_001706.jpg,512,512
JW_001546,Img 001707,jewellery,data/catalogue/JW_001708.jpg,https://huggingface.co/datasets/sidd707/jewelry-design-dataset/img_001707.jpg,512,512
JW_001547,Img 001708,jewellery,data/catalogue/JW_001709.jpg,https://huggingface.co/datasets/sidd707/jewelry-design-dataset/img_001708.jpg,512,512
JW_001548,Img 001709,jewellery,data/catalogue/JW_001710.jpg,https://huggingface.co/datasets/sidd707/jewelry-design-dataset/img_001709.jpg,512,512
JW_001549,Img 001710,jewellery,data/catalogue/JW_001711.jpg,https://huggingface.co/datasets/sidd707/jewelry-design-dataset/img_001710.jpg,512,512
JW_001550,Img 001711,jewellery,data/catalogue/JW_001712.jpg,https://huggingface.co/datasets/sidd707/jewelry-design-dataset/img_001711.jpg,512,512
JW_001551,Img 001712,jewellery,data/catalogue/JW_001713.jpg,https://huggingface.co/datasets/sidd707/jewelry-design-dataset/img_001712.jpg,512,512
JW_001552,Img 001713,jewellery,data/catalogue/JW_001714.jpg,https://huggingface.co/datasets/sidd707/jewelry-design-dataset/img_001713.jpg,512,512
JW_001553,Img 001714,jewellery,data/catalogue/JW_001715.jpg,https://huggingface.co/datasets/sidd707/jewelry-design-dataset/img_001714.jpg,512,512
JW_001554,Img 001715,jewellery,data/catalogue/JW_001716.jpg,https://huggingface.co/datasets/sidd707/jewelry-design-dataset/img_001715.jpg,512,512
JW_001555,Img 001716,jewellery,data/catalogue/JW_001717.jpg,https://huggingface.co/datasets/sidd707/jewelry-design-dataset/img_001716.jpg,512,512
JW_001556,Img 001717,jewellery,data/catalogue/JW_001718.jpg,https://huggingface.co/datasets/sidd707/jewelry-design-dataset/img_001717.jpg,512,512
JW_001557,Img 001718,jewellery,data/catalogue/JW_001719.jpg,https://huggingface.co/datasets/sidd707/jewelry-design-dataset/img_001718.jpg,512,512
JW_001558,Img 001719,jewellery,data/catalogue/JW_001720.jpg,https://huggingface.co/datasets/sidd707/jewelry-design-dataset/img_001719.jpg,512,512
JW_001559,Img 001720,jewellery,data/catalogue/JW_001721.jpg,https://huggingface.co/datasets/sidd707/jewelry-design-dataset/img_001720.jpg,512,512
JW_001560,Img 001721,jewellery,data/catalogue/JW_001722.jpg,https://huggingface.co/datasets/sidd707/jewelry-design-dataset/img_001721.jpg,512,512
JW_001561,Img 001722,jewellery,data/catalogue/JW_001723.jpg,https://huggingface.co/datasets/sidd707/jewelry-design-dataset/img_001722.jpg,512,512
JW_001562,Img 001723,jewellery,data/catalogue/JW_001724.jpg,https://huggingface.co/datasets/sidd707/jewelry-design-dataset/img_001723.jpg,512,512
JW_001563,Img 001724,jewellery,data/catalogue/JW_001725.jpg,https://huggingface.co/datasets/sidd707/jewelry-design-dataset/img_001724.jpg,900,900
JW_001564,Img 001725,jewellery,data/catalogue/JW_001726.jpg,https://huggingface.co/datasets/sidd707/jewelry-design-dataset/img_001725.jpg,512,512
JW_001565,Img 001726,jewellery,data/catalogue/JW_001727.jpg,https://huggingface.co/datasets/sidd707/jewelry-design-dataset/img_001726.jpg,512,512
JW_001566,Img 001727,jewellery,data/catalogue/JW_001728.jpg,https://huggingface.co/datasets/sidd707/jewelry-design-dataset/img_001727.jpg,512,512
JW_001567,Img 001728,jewellery,data/catalogue/JW_001729.jpg,https://huggingface.co/datasets/sidd707/jewelry-design-dataset/img_001728.jpg,512,512
JW_001568,Img 001729,jewellery,data/catalogue/JW_001730.jpg,https://huggingface.co/datasets/sidd707/jewelry-design-dataset/img_001729.jpg,512,512
JW_001569,Img 001730,jewellery,data/catalogue/JW_001731.jpg,https://huggingface.co/datasets/sidd707/jewelry-design-dataset/img_001730.jpg,512,512
JW_001570,Img 001731,jewellery,data/catalogue/JW_001732.jpg,https://huggingface.co/datasets/sidd707/jewelry-design-dataset/img_001731.jpg,512,512
JW_001571,Img 001732,jewellery,data/catalogue/JW_001733.jpg,https://huggingface.co/datasets/sidd707/jewelry-design-dataset/img_001732.jpg,512,512
JW_001572,Img 001733,jewellery,data/catalogue/JW_001734.jpg,https://huggingface.co/datasets/sidd707/jewelry-design-dataset/img_001733.jpg,512,512
JW_001573,Img 001734,jewellery,data/catalogue/JW_001735.jpg,https://huggingface.co/datasets/sidd707/jewelry-design-dataset/img_001734.jpg,512,512
JW_001574,Img 001735,jewellery,data/catalogue/JW_001736.jpg,https://huggingface.co/datasets/sidd707/jewelry-design-dataset/img_001735.jpg,512,512
JW_001575,Img 001736,jewellery,data/catalogue/JW_001737.jpg,https://huggingface.co/datasets/sidd707/jewelry-design-dataset/img_001736.jpg,512,512
JW_001576,Img 001737,jewellery,data/catalogue/JW_001738.jpg,https://huggingface.co/datasets/sidd707/jewelry-design-dataset/img_001737.jpg,512,512
JW_001577,Img 001738,jewellery,data/catalogue/JW_001739.jpg,https://huggingface.co/datasets/sidd707/jewelry-design-dataset/img_001738.jpg,512,512
JW_001578,Img 001739,jewellery,data/catalogue/JW_001740.jpg,https://huggingface.co/datasets/sidd707/jewelry-design-dataset/img_001739.jpg,512,512
JW_001579,Img 001741,jewellery,data/catalogue/JW_001742.jpg,https://huggingface.co/datasets/sidd707/jewelry-design-dataset/img_001741.jpg,512,512
JW_001580,Img 001742,jewellery,data/catalogue/JW_001743.jpg,https://huggingface.co/datasets/sidd707/jewelry-design-dataset/img_001742.jpg,512,512
JW_001581,Img 001744,jewellery,data/catalogue/JW_001745.jpg,https://huggingface.co/datasets/sidd707/jewelry-design-dataset/img_001744.jpg,512,512
JW_001582,Img 001745,jewellery,data/catalogue/JW_001746.jpg,https://huggingface.co/datasets/sidd707/jewelry-design-dataset/img_001745.jpg,512,512
JW_001583,Img 001746,jewellery,data/catalogue/JW_001747.jpg,https://huggingface.co/datasets/sidd707/jewelry-design-dataset/img_001746.jpg,512,512
JW_001584,Img 001747,jewellery,data/catalogue/JW_001748.jpg,https://huggingface.co/datasets/sidd707/jewelry-design-dataset/img_001747.jpg,512,512
JW_001585,Img 001748,jewellery,data/catalogue/JW_001749.jpg,https://huggingface.co/datasets/sidd707/jewelry-design-dataset/img_001748.jpg,512,512
JW_001586,Img 001749,jewellery,data/catalogue/JW_001750.jpg,https://huggingface.co/datasets/sidd707/jewelry-design-dataset/img_001749.jpg,512,512
JW_001587,Img 001750,jewellery,data/catalogue/JW_001751.jpg,https://huggingface.co/datasets/sidd707/jewelry-design-dataset/img_001750.jpg,512,512
JW_001588,Img 001751,jewellery,data/catalogue/JW_001752.jpg,https://huggingface.co/datasets/sidd707/jewelry-design-dataset/img_001751.jpg,512,512
JW_001589,Img 001752,jewellery,data/catalogue/JW_001753.jpg,https://huggingface.co/datasets/sidd707/jewelry-design-dataset/img_001752.jpg,512,512
JW_001590,Img 001753,jewellery,data/catalogue/JW_001754.jpg,https://huggingface.co/datasets/sidd707/jewelry-design-dataset/img_001753.jpg,512,512
JW_001591,Img 001754,jewellery,data/catalogue/JW_001755.jpg,https://huggingface.co/datasets/sidd707/jewelry-design-dataset/img_001754.jpg,512,512
JW_001592,Img 001755,jewellery,data/catalogue/JW_001756.jpg,https://huggingface.co/datasets/sidd707/jewelry-design-dataset/img_001755.jpg,512,512
JW_001593,Img 001756,jewellery,data/catalogue/JW_001757.jpg,https://huggingface.co/datasets/sidd707/jewelry-design-dataset/img_001756.jpg,512,512
JW_001594,Img 001757,jewellery,data/catalogue/JW_001758.jpg,https://huggingface.co/datasets/sidd707/jewelry-design-dataset/img_001757.jpg,512,512
JW_001595,Img 001758,jewellery,data/catalogue/JW_001759.jpg,https://huggingface.co/datasets/sidd707/jewelry-design-dataset/img_001758.jpg,512,512
JW_001596,Img 001759,jewellery,data/catalogue/JW_001760.jpg,https://huggingface.co/datasets/sidd707/jewelry-design-dataset/img_001759.jpg,512,512
JW_001597,Img 001760,jewellery,data/catalogue/JW_001761.jpg,https://huggingface.co/datasets/sidd707/jewelry-design-dataset/img_001760.jpg,512,512
JW_001598,Img 001761,jewellery,data/catalogue/JW_001762.jpg,https://huggingface.co/datasets/sidd707/jewelry-design-dataset/img_001761.jpg,512,512
JW_001599,Img 001762,jewellery,data/catalogue/JW_001763.jpg,https://huggingface.co/datasets/sidd707/jewelry-design-dataset/img_001762.jpg,512,512
JW_001600,Img 001763,jewellery,data/catalogue/JW_001764.jpg,https://huggingface.co/datasets/sidd707/jewelry-design-dataset/img_001763.jpg,512,512
JW_001601,Img 001764,jewellery,data/catalogue/JW_001765.jpg,https://huggingface.co/datasets/sidd707/jewelry-design-dataset/img_001764.jpg,512,512
JW_001602,Img 001765,jewellery,data/catalogue/JW_001766.jpg,https://huggingface.co/datasets/sidd707/jewelry-design-dataset/img_001765.jpg,512,512
JW_001603,Img 001766,jewellery,data/catalogue/JW_001767.jpg,https://huggingface.co/datasets/sidd707/jewelry-design-dataset/img_001766.jpg,512,512
JW_001604,Img 001767,jewellery,data/catalogue/JW_001768.jpg,https://huggingface.co/datasets/sidd707/jewelry-design-dataset/img_001767.jpg,512,512
JW_001605,Img 001768,jewellery,data/catalogue/JW_001769.jpg,https://huggingface.co/datasets/sidd707/jewelry-design-dataset/img_001768.jpg,512,512
JW_001606,Img 001769,jewellery,data/catalogue/JW_001770.jpg,https://huggingface.co/datasets/sidd707/jewelry-design-dataset/img_001769.jpg,512,512
JW_001607,Img 001770,jewellery,data/catalogue/JW_001771.jpg,https://huggingface.co/datasets/sidd707/jewelry-design-dataset/img_001770.jpg,512,512
JW_001608,Img 001771,jewellery,data/catalogue/JW_001772.jpg,https://huggingface.co/datasets/sidd707/jewelry-design-dataset/img_001771.jpg,512,512
JW_001609,Img 001772,jewellery,data/catalogue/JW_001773.jpg,https://huggingface.co/datasets/sidd707/jewelry-design-dataset/img_001772.jpg,512,512
JW_001610,Img 001773,jewellery,data/catalogue/JW_001774.jpg,https://huggingface.co/datasets/sidd707/jewelry-design-dataset/img_001773.jpg,512,512
JW_001611,Img 001774,jewellery,data/catalogue/JW_001775.jpg,https://huggingface.co/datasets/sidd707/jewelry-design-dataset/img_001774.jpg,512,512
JW_001612,Img 001775,jewellery,data/catalogue/JW_001776.jpg,https://huggingface.co/datasets/sidd707/jewelry-design-dataset/img_001775.jpg,512,512
JW_001613,Img 001776,jewellery,data/catalogue/JW_001777.jpg,https://huggingface.co/datasets/sidd707/jewelry-design-dataset/img_001776.jpg,512,512
JW_001614,Img 001777,jewellery,data/catalogue/JW_001778.jpg,https://huggingface.co/datasets/sidd707/jewelry-design-dataset/img_001777.jpg,512,512
JW_001615,Img 001778,jewellery,data/catalogue/JW_001779.jpg,https://huggingface.co/datasets/sidd707/jewelry-design-dataset/img_001778.jpg,512,512
JW_001616,Img 001779,jewellery,data/catalogue/JW_001780.jpg,https://huggingface.co/datasets/sidd707/jewelry-design-dataset/img_001779.jpg,512,512
JW_001617,Img 001780,jewellery,data/catalogue/JW_001781.jpg,https://huggingface.co/datasets/sidd707/jewelry-design-dataset/img_001780.jpg,512,512
JW_001618,Img 001782,jewellery,data/catalogue/JW_001783.jpg,https://huggingface.co/datasets/sidd707/jewelry-design-dataset/img_001782.jpg,512,512
JW_001619,Img 001783,jewellery,data/catalogue/JW_001784.jpg,https://huggingface.co/datasets/sidd707/jewelry-design-dataset/img_001783.jpg,512,512
JW_001620,Img 001784,jewellery,data/catalogue/JW_001785.jpg,https://huggingface.co/datasets/sidd707/jewelry-design-dataset/img_001784.jpg,512,512
JW_001621,Img 001785,jewellery,data/catalogue/JW_001786.jpg,https://huggingface.co/datasets/sidd707/jewelry-design-dataset/img_001785.jpg,512,512
JW_001622,Img 001786,jewellery,data/catalogue/JW_001787.jpg,https://huggingface.co/datasets/sidd707/jewelry-design-dataset/img_001786.jpg,512,512
JW_001623,Img 001787,jewellery,data/catalogue/JW_001788.jpg,https://huggingface.co/datasets/sidd707/jewelry-design-dataset/img_001787.jpg,512,512
JW_001624,Img 001788,jewellery,data/catalogue/JW_001789.jpg,https://huggingface.co/datasets/sidd707/jewelry-design-dataset/img_001788.jpg,512,512
JW_001625,Img 001789,jewellery,data/catalogue/JW_001790.jpg,https://huggingface.co/datasets/sidd707/jewelry-design-dataset/img_001789.jpg,512,512
JW_001626,Img 001790,jewellery,data/catalogue/JW_001791.jpg,https://huggingface.co/datasets/sidd707/jewelry-design-dataset/img_001790.jpg,512,512
JW_001627,Img 001791,jewellery,data/catalogue/JW_001792.jpg,https://huggingface.co/datasets/sidd707/jewelry-design-dataset/img_001791.jpg,512,512
JW_001628,Img 001792,jewellery,data/catalogue/JW_001793.jpg,https://huggingface.co/datasets/sidd707/jewelry-design-dataset/img_001792.jpg,512,512
JW_001629,Img 001793,jewellery,data/catalogue/JW_001794.jpg,https://huggingface.co/datasets/sidd707/jewelry-design-dataset/img_001793.jpg,512,512
JW_001630,Img 001794,jewellery,data/catalogue/JW_001795.jpg,https://huggingface.co/datasets/sidd707/jewelry-design-dataset/img_001794.jpg,512,512
JW_001631,Img 001795,jewellery,data/catalogue/JW_001796.jpg,https://huggingface.co/datasets/sidd707/jewelry-design-dataset/img_001795.jpg,512,512
JW_001632,Img 001796,jewellery,data/catalogue/JW_001797.jpg,https://huggingface.co/datasets/sidd707/jewelry-design-dataset/img_001796.jpg,512,512
JW_001633,Img 001797,jewellery,data/catalogue/JW_001798.jpg,https://huggingface.co/datasets/sidd707/jewelry-design-dataset/img_001797.jpg,512,512
JW_001634,Img 001798,jewellery,data/catalogue/JW_001799.jpg,https://huggingface.co/datasets/sidd707/jewelry-design-dataset/img_001798.jpg,512,512
JW_001635,Img 001799,jewellery,data/catalogue/JW_001800.jpg,https://huggingface.co/datasets/sidd707/jewelry-design-dataset/img_001799.jpg,512,512
JW_001636,Img 001800,jewellery,data/catalogue/JW_001801.jpg,https://huggingface.co/datasets/sidd707/jewelry-design-dataset/img_001800.jpg,512,512
JW_001637,Img 001801,jewellery,data/catalogue/JW_001802.jpg,https://huggingface.co/datasets/sidd707/jewelry-design-dataset/img_001801.jpg,512,512
JW_001638,Img 001802,jewellery,data/catalogue/JW_001803.jpg,https://huggingface.co/datasets/sidd707/jewelry-design-dataset/img_001802.jpg,512,512
JW_001639,Img 001803,jewellery,data/catalogue/JW_001804.jpg,https://huggingface.co/datasets/sidd707/jewelry-design-dataset/img_001803.jpg,512,512
JW_001640,Img 001804,jewellery,data/catalogue/JW_001805.jpg,https://huggingface.co/datasets/sidd707/jewelry-design-dataset/img_001804.jpg,512,512
JW_001641,Img 001805,jewellery,data/catalogue/JW_001806.jpg,https://huggingface.co/datasets/sidd707/jewelry-design-dataset/img_001805.jpg,512,512
JW_001642,Img 001806,jewellery,data/catalogue/JW_001807.jpg,https://huggingface.co/datasets/sidd707/jewelry-design-dataset/img_001806.jpg,512,512
JW_001643,Img 001807,jewellery,data/catalogue/JW_001808.jpg,https://huggingface.co/datasets/sidd707/jewelry-design-dataset/img_001807.jpg,512,512
JW_001644,Img 001808,jewellery,data/catalogue/JW_001809.jpg,https://huggingface.co/datasets/sidd707/jewelry-design-dataset/img_001808.jpg,512,512
JW_001645,Img 001809,jewellery,data/catalogue/JW_001810.jpg,https://huggingface.co/datasets/sidd707/jewelry-design-dataset/img_001809.jpg,512,512
JW_001646,Img 001810,jewellery,data/catalogue/JW_001811.jpg,https://huggingface.co/datasets/sidd707/jewelry-design-dataset/img_001810.jpg,512,512
JW_001647,Img 001811,jewellery,data/catalogue/JW_001812.jpg,https://huggingface.co/datasets/sidd707/jewelry-design-dataset/img_001811.jpg,512,512
JW_001648,Img 001812,jewellery,data/catalogue/JW_001813.jpg,https://huggingface.co/datasets/sidd707/jewelry-design-dataset/img_001812.jpg,512,512
JW_001649,Img 001813,jewellery,data/catalogue/JW_001814.jpg,https://huggingface.co/datasets/sidd707/jewelry-design-dataset/img_001813.jpg,512,512
JW_001650,Img 001814,jewellery,data/catalogue/JW_001815.jpg,https://huggingface.co/datasets/sidd707/jewelry-design-dataset/img_001814.jpg,512,512
JW_001651,Img 001815,jewellery,data/catalogue/JW_001816.jpg,https://huggingface.co/datasets/sidd707/jewelry-design-dataset/img_001815.jpg,512,512
JW_001652,Img 001816,jewellery,data/catalogue/JW_001817.jpg,https://huggingface.co/datasets/sidd707/jewelry-design-dataset/img_001816.jpg,512,512
JW_001653,Img 001817,jewellery,data/catalogue/JW_001818.jpg,https://huggingface.co/datasets/sidd707/jewelry-design-dataset/img_001817.jpg,512,512
JW_001654,Img 001818,jewellery,data/catalogue/JW_001819.jpg,https://huggingface.co/datasets/sidd707/jewelry-design-dataset/img_001818.jpg,512,512
JW_001655,Img 001819,jewellery,data/catalogue/JW_001820.jpg,https://huggingface.co/datasets/sidd707/jewelry-design-dataset/img_001819.jpg,512,512
JW_001656,Img 001820,jewellery,data/catalogue/JW_001821.jpg,https://huggingface.co/datasets/sidd707/jewelry-design-dataset/img_001820.jpg,512,512
JW_001657,Img 001821,jewellery,data/catalogue/JW_001822.jpg,https://huggingface.co/datasets/sidd707/jewelry-design-dataset/img_001821.jpg,512,512
JW_001658,Img 001822,jewellery,data/catalogue/JW_001823.jpg,https://huggingface.co/datasets/sidd707/jewelry-design-dataset/img_001822.jpg,512,512
JW_001659,Img 001823,jewellery,data/catalogue/JW_001824.jpg,https://huggingface.co/datasets/sidd707/jewelry-design-dataset/img_001823.jpg,512,512
JW_001660,Img 001824,jewellery,data/catalogue/JW_001825.jpg,https://huggingface.co/datasets/sidd707/jewelry-design-dataset/img_001824.jpg,512,512
JW_001661,Img 001825,jewellery,data/catalogue/JW_001826.jpg,https://huggingface.co/datasets/sidd707/jewelry-design-dataset/img_001825.jpg,512,512
JW_001662,Img 001826,jewellery,data/catalogue/JW_001827.jpg,https://huggingface.co/datasets/sidd707/jewelry-design-dataset/img_001826.jpg,512,512
JW_001663,Img 001827,jewellery,data/catalogue/JW_001828.jpg,https://huggingface.co/datasets/sidd707/jewelry-design-dataset/img_001827.jpg,512,512
JW_001664,Img 001828,jewellery,data/catalogue/JW_001829.jpg,https://huggingface.co/datasets/sidd707/jewelry-design-dataset/img_001828.jpg,512,512
JW_001665,Img 001829,jewellery,data/catalogue/JW_001830.jpg,https://huggingface.co/datasets/sidd707/jewelry-design-dataset/img_001829.jpg,512,512
JW_001666,Img 001830,jewellery,data/catalogue/JW_001831.jpg,https://huggingface.co/datasets/sidd707/jewelry-design-dataset/img_001830.jpg,512,512
JW_001667,Img 001831,jewellery,data/catalogue/JW_001832.jpg,https://huggingface.co/datasets/sidd707/jewelry-design-dataset/img_001831.jpg,512,512
JW_001668,Img 001832,jewellery,data/catalogue/JW_001833.jpg,https://huggingface.co/datasets/sidd707/jewelry-design-dataset/img_001832.jpg,512,512
JW_001669,Img 001833,jewellery,data/catalogue/JW_001834.jpg,https://huggingface.co/datasets/sidd707/jewelry-design-dataset/img_001833.jpg,512,512
JW_001670,Img 001834,jewellery,data/catalogue/JW_001835.jpg,https://huggingface.co/datasets/sidd707/jewelry-design-dataset/img_001834.jpg,512,512
JW_001671,Img 001835,jewellery,data/catalogue/JW_001836.jpg,https://huggingface.co/datasets/sidd707/jewelry-design-dataset/img_001835.jpg,512,512
JW_001672,Img 001836,jewellery,data/catalogue/JW_001837.jpg,https://huggingface.co/datasets/sidd707/jewelry-design-dataset/img_001836.jpg,512,512
JW_001673,Img 001837,jewellery,data/catalogue/JW_001838.jpg,https://huggingface.co/datasets/sidd707/jewelry-design-dataset/img_001837.jpg,512,512
JW_001674,Img 001838,jewellery,data/catalogue/JW_001839.jpg,https://huggingface.co/datasets/sidd707/jewelry-design-dataset/img_001838.jpg,512,512
JW_001675,Img 001839,jewellery,data/catalogue/JW_001840.jpg,https://huggingface.co/datasets/sidd707/jewelry-design-dataset/img_001839.jpg,512,512
JW_001676,Img 001840,jewellery,data/catalogue/JW_001841.jpg,https://huggingface.co/datasets/sidd707/jewelry-design-dataset/img_001840.jpg,512,512
JW_001677,Img 001841,jewellery,data/catalogue/JW_001842.jpg,https://huggingface.co/datasets/sidd707/jewelry-design-dataset/img_001841.jpg,512,512
JW_001678,Img 001842,jewellery,data/catalogue/JW_001843.jpg,https://huggingface.co/datasets/sidd707/jewelry-design-dataset/img_001842.jpg,512,512
JW_001679,Img 001843,jewellery,data/catalogue/JW_001844.jpg,https://huggingface.co/datasets/sidd707/jewelry-design-dataset/img_001843.jpg,512,512
JW_001680,Img 001844,jewellery,data/catalogue/JW_001845.jpg,https://huggingface.co/datasets/sidd707/jewelry-design-dataset/img_001844.jpg,512,512
JW_001681,Img 001845,jewellery,data/catalogue/JW_001846.jpg,https://huggingface.co/datasets/sidd707/jewelry-design-dataset/img_001845.jpg,512,512
JW_001682,Img 001846,jewellery,data/catalogue/JW_001847.jpg,https://huggingface.co/datasets/sidd707/jewelry-design-dataset/img_001846.jpg,512,512
JW_001683,Img 001847,jewellery,data/catalogue/JW_001848.jpg,https://huggingface.co/datasets/sidd707/jewelry-design-dataset/img_001847.jpg,512,512
JW_001684,Img 001848,jewellery,data/catalogue/JW_001849.jpg,https://huggingface.co/datasets/sidd707/jewelry-design-dataset/img_001848.jpg,512,512
JW_001685,Img 001849,jewellery,data/catalogue/JW_001850.jpg,https://huggingface.co/datasets/sidd707/jewelry-design-dataset/img_001849.jpg,512,512
JW_001686,Img 001850,jewellery,data/catalogue/JW_001851.jpg,https://huggingface.co/datasets/sidd707/jewelry-design-dataset/img_001850.jpg,512,512
JW_001687,Img 001851,jewellery,data/catalogue/JW_001852.jpg,https://huggingface.co/datasets/sidd707/jewelry-design-dataset/img_001851.jpg,512,512
JW_001688,Img 001852,jewellery,data/catalogue/JW_001853.jpg,https://huggingface.co/datasets/sidd707/jewelry-design-dataset/img_001852.jpg,512,512
JW_001689,Img 001853,jewellery,data/catalogue/JW_001854.jpg,https://huggingface.co/datasets/sidd707/jewelry-design-dataset/img_001853.jpg,512,512
JW_001690,Img 001854,jewellery,data/catalogue/JW_001855.jpg,https://huggingface.co/datasets/sidd707/jewelry-design-dataset/img_001854.jpg,512,512
JW_001691,Img 001855,jewellery,data/catalogue/JW_001856.jpg,https://huggingface.co/datasets/sidd707/jewelry-design-dataset/img_001855.jpg,512,512
JW_001692,Img 001856,jewellery,data/catalogue/JW_001857.jpg,https://huggingface.co/datasets/sidd707/jewelry-design-dataset/img_001856.jpg,512,512
JW_001693,Img 001857,jewellery,data/catalogue/JW_001858.jpg,https://huggingface.co/datasets/sidd707/jewelry-design-dataset/img_001857.jpg,512,512
JW_001694,Img 001858,jewellery,data/catalogue/JW_001859.jpg,https://huggingface.co/datasets/sidd707/jewelry-design-dataset/img_001858.jpg,512,512
JW_001695,Img 001859,jewellery,data/catalogue/JW_001860.jpg,https://huggingface.co/datasets/sidd707/jewelry-design-dataset/img_001859.jpg,512,512
JW_001696,Img 001860,jewellery,data/catalogue/JW_001861.jpg,https://huggingface.co/datasets/sidd707/jewelry-design-dataset/img_001860.jpg,512,512
JW_001697,Img 001861,jewellery,data/catalogue/JW_001862.jpg,https://huggingface.co/datasets/sidd707/jewelry-design-dataset/img_001861.jpg,512,512
JW_001698,Img 001862,jewellery,data/catalogue/JW_001863.jpg,https://huggingface.co/datasets/sidd707/jewelry-design-dataset/img_001862.jpg,512,512
JW_001699,Img 001863,jewellery,data/catalogue/JW_001864.jpg,https://huggingface.co/datasets/sidd707/jewelry-design-dataset/img_001863.jpg,512,512
JW_001700,Img 001864,jewellery,data/catalogue/JW_001865.jpg,https://huggingface.co/datasets/sidd707/jewelry-design-dataset/img_001864.jpg,512,512
JW_001701,Img 001865,jewellery,data/catalogue/JW_001866.jpg,https://huggingface.co/datasets/sidd707/jewelry-design-dataset/img_001865.jpg,512,512
JW_001702,Img 001866,jewellery,data/catalogue/JW_001867.jpg,https://huggingface.co/datasets/sidd707/jewelry-design-dataset/img_001866.jpg,512,512
JW_001703,Img 001867,jewellery,data/catalogue/JW_001868.jpg,https://huggingface.co/datasets/sidd707/jewelry-design-dataset/img_001867.jpg,512,512
JW_001704,Img 001868,jewellery,data/catalogue/JW_001869.jpg,https://huggingface.co/datasets/sidd707/jewelry-design-dataset/img_001868.jpg,512,512
JW_001705,Img 001869,jewellery,data/catalogue/JW_001870.jpg,https://huggingface.co/datasets/sidd707/jewelry-design-dataset/img_001869.jpg,512,512
JW_001706,Img 001870,jewellery,data/catalogue/JW_001871.jpg,https://huggingface.co/datasets/sidd707/jewelry-design-dataset/img_001870.jpg,512,512
JW_001707,Img 001871,jewellery,data/catalogue/JW_001872.jpg,https://huggingface.co/datasets/sidd707/jewelry-design-dataset/img_001871.jpg,512,512
JW_001708,Img 001872,jewellery,data/catalogue/JW_001873.jpg,https://huggingface.co/datasets/sidd707/jewelry-design-dataset/img_001872.jpg,512,512
JW_001709,Img 001873,jewellery,data/catalogue/JW_001874.jpg,https://huggingface.co/datasets/sidd707/jewelry-design-dataset/img_001873.jpg,512,512
JW_001710,Img 001874,jewellery,data/catalogue/JW_001875.jpg,https://huggingface.co/datasets/sidd707/jewelry-design-dataset/img_001874.jpg,512,512
JW_001711,Img 001875,jewellery,data/catalogue/JW_001876.jpg,https://huggingface.co/datasets/sidd707/jewelry-design-dataset/img_001875.jpg,512,512
JW_001712,Img 001876,jewellery,data/catalogue/JW_001877.jpg,https://huggingface.co/datasets/sidd707/jewelry-design-dataset/img_001876.jpg,512,512
JW_001713,Img 001877,jewellery,data/catalogue/JW_001878.jpg,https://huggingface.co/datasets/sidd707/jewelry-design-dataset/img_001877.jpg,512,512
JW_001714,Img 001878,jewellery,data/catalogue/JW_001879.jpg,https://huggingface.co/datasets/sidd707/jewelry-design-dataset/img_001878.jpg,512,512
JW_001715,Img 001879,jewellery,data/catalogue/JW_001880.jpg,https://huggingface.co/datasets/sidd707/jewelry-design-dataset/img_001879.jpg,512,512
JW_001716,Img 001880,jewellery,data/catalogue/JW_001881.jpg,https://huggingface.co/datasets/sidd707/jewelry-design-dataset/img_001880.jpg,512,512
JW_001717,Img 001881,jewellery,data/catalogue/JW_001882.jpg,https://huggingface.co/datasets/sidd707/jewelry-design-dataset/img_001881.jpg,512,512
JW_001718,Img 001882,jewellery,data/catalogue/JW_001883.jpg,https://huggingface.co/datasets/sidd707/jewelry-design-dataset/img_001882.jpg,512,512
JW_001719,Img 001883,jewellery,data/catalogue/JW_001884.jpg,https://huggingface.co/datasets/sidd707/jewelry-design-dataset/img_001883.jpg,512,512
JW_001720,Img 001884,jewellery,data/catalogue/JW_001885.jpg,https://huggingface.co/datasets/sidd707/jewelry-design-dataset/img_001884.jpg,512,512
JW_001721,Img 001885,jewellery,data/catalogue/JW_001886.jpg,https://huggingface.co/datasets/sidd707/jewelry-design-dataset/img_001885.jpg,512,512
JW_001722,Img 001886,jewellery,data/catalogue/JW_001887.jpg,https://huggingface.co/datasets/sidd707/jewelry-design-dataset/img_001886.jpg,512,512
JW_001723,Img 001887,jewellery,data/catalogue/JW_001888.jpg,https://huggingface.co/datasets/sidd707/jewelry-design-dataset/img_001887.jpg,512,512
JW_001724,Img 001888,jewellery,data/catalogue/JW_001889.jpg,https://huggingface.co/datasets/sidd707/jewelry-design-dataset/img_001888.jpg,512,512
JW_001725,Img 001889,jewellery,data/catalogue/JW_001890.jpg,https://huggingface.co/datasets/sidd707/jewelry-design-dataset/img_001889.jpg,512,512
JW_001726,Img 001890,jewellery,data/catalogue/JW_001891.jpg,https://huggingface.co/datasets/sidd707/jewelry-design-dataset/img_001890.jpg,512,512
JW_001727,Img 001891,jewellery,data/catalogue/JW_001892.jpg,https://huggingface.co/datasets/sidd707/jewelry-design-dataset/img_001891.jpg,512,512
JW_001728,Img 001892,jewellery,data/catalogue/JW_001893.jpg,https://huggingface.co/datasets/sidd707/jewelry-design-dataset/img_001892.jpg,512,512
JW_001729,Img 001893,jewellery,data/catalogue/JW_001894.jpg,https://huggingface.co/datasets/sidd707/jewelry-design-dataset/img_001893.jpg,512,512
JW_001730,Img 001894,jewellery,data/catalogue/JW_001895.jpg,https://huggingface.co/datasets/sidd707/jewelry-design-dataset/img_001894.jpg,512,512
JW_001731,Img 001895,jewellery,data/catalogue/JW_001896.jpg,https://huggingface.co/datasets/sidd707/jewelry-design-dataset/img_001895.jpg,512,512
JW_001732,Img 001896,jewellery,data/catalogue/JW_001897.jpg,https://huggingface.co/datasets/sidd707/jewelry-design-dataset/img_001896.jpg,512,512
JW_001733,Img 001897,jewellery,data/catalogue/JW_001898.jpg,https://huggingface.co/datasets/sidd707/jewelry-design-dataset/img_001897.jpg,512,512
JW_001734,Img 001898,jewellery,data/catalogue/JW_001899.jpg,https://huggingface.co/datasets/sidd707/jewelry-design-dataset/img_001898.jpg,512,512
JW_001735,Img 001899,jewellery,data/catalogue/JW_001900.jpg,https://huggingface.co/datasets/sidd707/jewelry-design-dataset/img_001899.jpg,512,512
JW_001736,Img 001900,jewellery,data/catalogue/JW_001901.jpg,https://huggingface.co/datasets/sidd707/jewelry-design-dataset/img_001900.jpg,512,512
JW_001737,Img 001901,jewellery,data/catalogue/JW_001902.jpg,https://huggingface.co/datasets/sidd707/jewelry-design-dataset/img_001901.jpg,512,512
JW_001738,Img 001902,jewellery,data/catalogue/JW_001903.jpg,https://huggingface.co/datasets/sidd707/jewelry-design-dataset/img_001902.jpg,512,512
JW_001739,Img 001903,jewellery,data/catalogue/JW_001904.jpg,https://huggingface.co/datasets/sidd707/jewelry-design-dataset/img_001903.jpg,512,512
JW_001740,Img 001904,jewellery,data/catalogue/JW_001905.jpg,https://huggingface.co/datasets/sidd707/jewelry-design-dataset/img_001904.jpg,512,512
JW_001741,Img 001905,jewellery,data/catalogue/JW_001906.jpg,https://huggingface.co/datasets/sidd707/jewelry-design-dataset/img_001905.jpg,512,512
JW_001742,Img 001906,jewellery,data/catalogue/JW_001907.jpg,https://huggingface.co/datasets/sidd707/jewelry-design-dataset/img_001906.jpg,512,512
JW_001743,Img 001907,jewellery,data/catalogue/JW_001908.jpg,https://huggingface.co/datasets/sidd707/jewelry-design-dataset/img_001907.jpg,512,512
JW_001744,Img 001908,jewellery,data/catalogue/JW_001909.jpg,https://huggingface.co/datasets/sidd707/jewelry-design-dataset/img_001908.jpg,512,512
JW_001745,Img 001909,jewellery,data/catalogue/JW_001910.jpg,https://huggingface.co/datasets/sidd707/jewelry-design-dataset/img_001909.jpg,512,512
JW_001746,Img 001910,jewellery,data/catalogue/JW_001911.jpg,https://huggingface.co/datasets/sidd707/jewelry-design-dataset/img_001910.jpg,512,512
JW_001747,Img 001911,jewellery,data/catalogue/JW_001912.jpg,https://huggingface.co/datasets/sidd707/jewelry-design-dataset/img_001911.jpg,512,512
JW_001748,Img 001913,jewellery,data/catalogue/JW_001914.jpg,https://huggingface.co/datasets/sidd707/jewelry-design-dataset/img_001913.jpg,512,512
JW_001749,Img 001914,jewellery,data/catalogue/JW_001915.jpg,https://huggingface.co/datasets/sidd707/jewelry-design-dataset/img_001914.jpg,512,512
JW_001750,Img 001915,jewellery,data/catalogue/JW_001916.jpg,https://huggingface.co/datasets/sidd707/jewelry-design-dataset/img_001915.jpg,512,512
JW_001751,Img 001916,jewellery,data/catalogue/JW_001917.jpg,https://huggingface.co/datasets/sidd707/jewelry-design-dataset/img_001916.jpg,512,512
JW_001752,Img 001917,jewellery,data/catalogue/JW_001918.jpg,https://huggingface.co/datasets/sidd707/jewelry-design-dataset/img_001917.jpg,512,512
JW_001753,Img 001918,jewellery,data/catalogue/JW_001919.jpg,https://huggingface.co/datasets/sidd707/jewelry-design-dataset/img_001918.jpg,512,512
JW_001754,Img 001919,jewellery,data/catalogue/JW_001920.jpg,https://huggingface.co/datasets/sidd707/jewelry-design-dataset/img_001919.jpg,512,512
JW_001755,Img 001920,jewellery,data/catalogue/JW_001921.jpg,https://huggingface.co/datasets/sidd707/jewelry-design-dataset/img_001920.jpg,512,512
JW_001756,Img 001921,jewellery,data/catalogue/JW_001922.jpg,https://huggingface.co/datasets/sidd707/jewelry-design-dataset/img_001921.jpg,512,512
JW_001757,Img 001923,jewellery,data/catalogue/JW_001924.jpg,https://huggingface.co/datasets/sidd707/jewelry-design-dataset/img_001923.jpg,512,512
JW_001758,Img 001924,jewellery,data/catalogue/JW_001925.jpg,https://huggingface.co/datasets/sidd707/jewelry-design-dataset/img_001924.jpg,512,512
JW_001759,Img 001925,jewellery,data/catalogue/JW_001926.jpg,https://huggingface.co/datasets/sidd707/jewelry-design-dataset/img_001925.jpg,512,512
JW_001760,Img 001926,jewellery,data/catalogue/JW_001927.jpg,https://huggingface.co/datasets/sidd707/jewelry-design-dataset/img_001926.jpg,512,512
JW_001761,Img 001927,jewellery,data/catalogue/JW_001928.jpg,https://huggingface.co/datasets/sidd707/jewelry-design-dataset/img_001927.jpg,512,512
JW_001762,Img 001928,jewellery,data/catalogue/JW_001929.jpg,https://huggingface.co/datasets/sidd707/jewelry-design-dataset/img_001928.jpg,512,512
JW_001763,Img 001929,jewellery,data/catalogue/JW_001930.jpg,https://huggingface.co/datasets/sidd707/jewelry-design-dataset/img_001929.jpg,512,512
JW_001764,Img 001930,jewellery,data/catalogue/JW_001931.jpg,https://huggingface.co/datasets/sidd707/jewelry-design-dataset/img_001930.jpg,512,512
JW_001765,Img 001931,jewellery,data/catalogue/JW_001932.jpg,https://huggingface.co/datasets/sidd707/jewelry-design-dataset/img_001931.jpg,512,512
JW_001766,Img 001932,jewellery,data/catalogue/JW_001933.jpg,https://huggingface.co/datasets/sidd707/jewelry-design-dataset/img_001932.jpg,512,512
JW_001767,Img 001933,jewellery,data/catalogue/JW_001934.jpg,https://huggingface.co/datasets/sidd707/jewelry-design-dataset/img_001933.jpg,512,512
JW_001768,Img 001934,jewellery,data/catalogue/JW_001935.jpg,https://huggingface.co/datasets/sidd707/jewelry-design-dataset/img_001934.jpg,512,512
JW_001769,Img 001935,jewellery,data/catalogue/JW_001936.jpg,https://huggingface.co/datasets/sidd707/jewelry-design-dataset/img_001935.jpg,512,512
JW_001770,Img 001936,jewellery,data/catalogue/JW_001937.jpg,https://huggingface.co/datasets/sidd707/jewelry-design-dataset/img_001936.jpg,512,512
JW_001771,Img 001937,jewellery,data/catalogue/JW_001938.jpg,https://huggingface.co/datasets/sidd707/jewelry-design-dataset/img_001937.jpg,512,512
JW_001772,Img 001938,jewellery,data/catalogue/JW_001939.jpg,https://huggingface.co/datasets/sidd707/jewelry-design-dataset/img_001938.jpg,512,512
JW_001773,Img 001939,jewellery,data/catalogue/JW_001940.jpg,https://huggingface.co/datasets/sidd707/jewelry-design-dataset/img_001939.jpg,512,512
JW_001774,Img 001940,jewellery,data/catalogue/JW_001941.jpg,https://huggingface.co/datasets/sidd707/jewelry-design-dataset/img_001940.jpg,512,512
JW_001775,Img 001941,jewellery,data/catalogue/JW_001942.jpg,https://huggingface.co/datasets/sidd707/jewelry-design-dataset/img_001941.jpg,512,512
JW_001776,Img 001942,jewellery,data/catalogue/JW_001943.jpg,https://huggingface.co/datasets/sidd707/jewelry-design-dataset/img_001942.jpg,512,512
JW_001777,Img 001943,jewellery,data/catalogue/JW_001944.jpg,https://huggingface.co/datasets/sidd707/jewelry-design-dataset/img_001943.jpg,512,512
JW_001778,Img 001944,jewellery,data/catalogue/JW_001945.jpg,https://huggingface.co/datasets/sidd707/jewelry-design-dataset/img_001944.jpg,512,512
JW_001779,Img 001945,jewellery,data/catalogue/JW_001946.jpg,https://huggingface.co/datasets/sidd707/jewelry-design-dataset/img_001945.jpg,512,512
JW_001780,Img 001947,jewellery,data/catalogue/JW_001948.jpg,https://huggingface.co/datasets/sidd707/jewelry-design-dataset/img_001947.jpg,512,512
JW_001781,Img 001948,jewellery,data/catalogue/JW_001949.jpg,https://huggingface.co/datasets/sidd707/jewelry-design-dataset/img_001948.jpg,512,512
JW_001782,Img 001949,jewellery,data/catalogue/JW_001950.jpg,https://huggingface.co/datasets/sidd707/jewelry-design-dataset/img_001949.jpg,512,512
JW_001783,Img 001950,jewellery,data/catalogue/JW_001951.jpg,https://huggingface.co/datasets/sidd707/jewelry-design-dataset/img_001950.jpg,512,512
JW_001784,Img 001951,jewellery,data/catalogue/JW_001952.jpg,https://huggingface.co/datasets/sidd707/jewelry-design-dataset/img_001951.jpg,512,512
JW_001785,Img 001952,jewellery,data/catalogue/JW_001953.jpg,https://huggingface.co/datasets/sidd707/jewelry-design-dataset/img_001952.jpg,512,512
JW_001786,Img 001953,jewellery,data/catalogue/JW_001954.jpg,https://huggingface.co/datasets/sidd707/jewelry-design-dataset/img_001953.jpg,512,512
JW_001787,Img 001956,jewellery,data/catalogue/JW_001957.jpg,https://huggingface.co/datasets/sidd707/jewelry-design-dataset/img_001956.jpg,512,512
JW_001788,Img 001957,jewellery,data/catalogue/JW_001958.jpg,https://huggingface.co/datasets/sidd707/jewelry-design-dataset/img_001957.jpg,512,512
JW_001789,Img 001958,jewellery,data/catalogue/JW_001959.jpg,https://huggingface.co/datasets/sidd707/jewelry-design-dataset/img_001958.jpg,512,512
JW_001790,Img 001960,jewellery,data/catalogue/JW_001961.jpg,https://huggingface.co/datasets/sidd707/jewelry-design-dataset/img_001960.jpg,512,512
JW_001791,Img 001961,jewellery,data/catalogue/JW_001962.jpg,https://huggingface.co/datasets/sidd707/jewelry-design-dataset/img_001961.jpg,512,512
JW_001792,Img 001962,jewellery,data/catalogue/JW_001963.jpg,https://huggingface.co/datasets/sidd707/jewelry-design-dataset/img_001962.jpg,512,512
JW_001793,Img 001963,jewellery,data/catalogue/JW_001964.jpg,https://huggingface.co/datasets/sidd707/jewelry-design-dataset/img_001963.jpg,512,512
JW_001794,Img 001964,jewellery,data/catalogue/JW_001965.jpg,https://huggingface.co/datasets/sidd707/jewelry-design-dataset/img_001964.jpg,512,512
JW_001795,Img 001971,jewellery,data/catalogue/JW_001972.jpg,https://huggingface.co/datasets/sidd707/jewelry-design-dataset/img_001971.jpg,512,512
JW_001796,Img 001972,jewellery,data/catalogue/JW_001973.jpg,https://huggingface.co/datasets/sidd707/jewelry-design-dataset/img_001972.jpg,512,512
JW_001797,Img 001976,jewellery,data/catalogue/JW_001977.jpg,https://huggingface.co/datasets/sidd707/jewelry-design-dataset/img_001976.jpg,512,512
JW_001798,Img 001977,jewellery,data/catalogue/JW_001978.jpg,https://huggingface.co/datasets/sidd707/jewelry-design-dataset/img_001977.jpg,512,512
JW_001799,Img 001978,jewellery,data/catalogue/JW_001979.jpg,https://huggingface.co/datasets/sidd707/jewelry-design-dataset/img_001978.jpg,512,512
JW_001800,Img 001979,jewellery,data/catalogue/JW_001980.jpg,https://huggingface.co/datasets/sidd707/jewelry-design-dataset/img_001979.jpg,512,512
JW_001801,Img 001980,jewellery,data/catalogue/JW_001981.jpg,https://huggingface.co/datasets/sidd707/jewelry-design-dataset/img_001980.jpg,512,512
JW_001802,Img 001981,jewellery,data/catalogue/JW_001982.jpg,https://huggingface.co/datasets/sidd707/jewelry-design-dataset/img_001981.jpg,512,512
JW_001803,Img 001982,jewellery,data/catalogue/JW_001983.jpg,https://huggingface.co/datasets/sidd707/jewelry-design-dataset/img_001982.jpg,512,512
JW_001804,Img 001983,jewellery,data/catalogue/JW_001984.jpg,https://huggingface.co/datasets/sidd707/jewelry-design-dataset/img_001983.jpg,512,512
JW_001805,Img 001984,jewellery,data/catalogue/JW_001985.jpg,https://huggingface.co/datasets/sidd707/jewelry-design-dataset/img_001984.jpg,512,512
JW_001806,Img 001985,jewellery,data/catalogue/JW_001986.jpg,https://huggingface.co/datasets/sidd707/jewelry-design-dataset/img_001985.jpg,512,512
JW_001807,Img 001986,jewellery,data/catalogue/JW_001987.jpg,https://huggingface.co/datasets/sidd707/jewelry-design-dataset/img_001986.jpg,512,512
JW_001808,Img 001987,jewellery,data/catalogue/JW_001988.jpg,https://huggingface.co/datasets/sidd707/jewelry-design-dataset/img_001987.jpg,512,512
JW_001809,Img 001989,jewellery,data/catalogue/JW_001990.jpg,https://huggingface.co/datasets/sidd707/jewelry-design-dataset/img_001989.jpg,512,512
JW_001810,Img 001990,jewellery,data/catalogue/JW_001991.jpg,https://huggingface.co/datasets/sidd707/jewelry-design-dataset/img_001990.jpg,512,512
JW_001811,Img 001991,jewellery,data/catalogue/JW_001992.jpg,https://huggingface.co/datasets/sidd707/jewelry-design-dataset/img_001991.jpg,512,512
JW_001812,Img 001992,jewellery,data/catalogue/JW_001993.jpg,https://huggingface.co/datasets/sidd707/jewelry-design-dataset/img_001992.jpg,512,512
JW_001813,Img 001994,jewellery,data/catalogue/JW_001995.jpg,https://huggingface.co/datasets/sidd707/jewelry-design-dataset/img_001994.jpg,512,512
JW_001814,Img 001996,jewellery,data/catalogue/JW_001997.jpg,https://huggingface.co/datasets/sidd707/jewelry-design-dataset/img_001996.jpg,512,512
JW_001815,Img 001997,jewellery,data/catalogue/JW_001998.jpg,https://huggingface.co/datasets/sidd707/jewelry-design-dataset/img_001997.jpg,512,512
JW_001816,Img 001998,jewellery,data/catalogue/JW_001999.jpg,https://huggingface.co/datasets/sidd707/jewelry-design-dataset/img_001998.jpg,512,512
JW_001817,Img 001999,jewellery,data/catalogue/JW_002000.jpg,https://huggingface.co/datasets/sidd707/jewelry-design-dataset/img_001999.jpg,512,512
JW_001818,Img 002000,jewellery,data/catalogue/JW_002001.jpg,https://huggingface.co/datasets/sidd707/jewelry-design-dataset/img_002000.jpg,512,512
JW_001819,Img 002002,jewellery,data/catalogue/JW_002003.jpg,https://huggingface.co/datasets/sidd707/jewelry-design-dataset/img_002002.jpg,512,512
JW_001820,Img 002003,jewellery,data/catalogue/JW_002004.jpg,https://huggingface.co/datasets/sidd707/jewelry-design-dataset/img_002003.jpg,512,512
JW_001821,Img 002004,jewellery,data/catalogue/JW_002005.jpg,https://huggingface.co/datasets/sidd707/jewelry-design-dataset/img_002004.jpg,512,512
JW_001822,Img 002006,jewellery,data/catalogue/JW_002007.jpg,https://huggingface.co/datasets/sidd707/jewelry-design-dataset/img_002006.jpg,512,512
JW_001823,Img 002008,jewellery,data/catalogue/JW_002009.jpg,https://huggingface.co/datasets/sidd707/jewelry-design-dataset/img_002008.jpg,512,512
JW_001824,Img 002009,jewellery,data/catalogue/JW_002010.jpg,https://huggingface.co/datasets/sidd707/jewelry-design-dataset/img_002009.jpg,512,512
JW_001825,Img 002010,jewellery,data/catalogue/JW_002011.jpg,https://huggingface.co/datasets/sidd707/jewelry-design-dataset/img_002010.jpg,512,512
JW_001826,Img 002011,jewellery,data/catalogue/JW_002012.jpg,https://huggingface.co/datasets/sidd707/jewelry-design-dataset/img_002011.jpg,512,512
JW_001827,Img 002012,jewellery,data/catalogue/JW_002013.jpg,https://huggingface.co/datasets/sidd707/jewelry-design-dataset/img_002012.jpg,512,512
JW_001828,Img 002013,jewellery,data/catalogue/JW_002014.jpg,https://huggingface.co/datasets/sidd707/jewelry-design-dataset/img_002013.jpg,512,512
JW_001829,Img 002014,jewellery,data/catalogue/JW_002015.jpg,https://huggingface.co/datasets/sidd707/jewelry-design-dataset/img_002014.jpg,512,512
JW_001830,Img 002015,jewellery,data/catalogue/JW_002016.jpg,https://huggingface.co/datasets/sidd707/jewelry-design-dataset/img_002015.jpg,512,512
JW_001831,Img 002016,jewellery,data/catalogue/JW_002017.jpg,https://huggingface.co/datasets/sidd707/jewelry-design-dataset/img_002016.jpg,512,512
JW_001832,Img 002017,jewellery,data/catalogue/JW_002018.jpg,https://huggingface.co/datasets/sidd707/jewelry-design-dataset/img_002017.jpg,512,512
JW_001833,Img 002018,jewellery,data/catalogue/JW_002019.jpg,https://huggingface.co/datasets/sidd707/jewelry-design-dataset/img_002018.jpg,512,512
JW_001834,Img 002020,jewellery,data/catalogue/JW_002021.jpg,https://huggingface.co/datasets/sidd707/jewelry-design-dataset/img_002020.jpg,512,512
JW_001835,Img 002021,jewellery,data/catalogue/JW_002022.jpg,https://huggingface.co/datasets/sidd707/jewelry-design-dataset/img_002021.jpg,512,512
JW_001836,Img 002022,jewellery,data/catalogue/JW_002023.jpg,https://huggingface.co/datasets/sidd707/jewelry-design-dataset/img_002022.jpg,512,512
JW_001837,Img 002023,jewellery,data/catalogue/JW_002024.jpg,https://huggingface.co/datasets/sidd707/jewelry-design-dataset/img_002023.jpg,512,512
JW_001838,Img 002024,jewellery,data/catalogue/JW_002025.jpg,https://huggingface.co/datasets/sidd707/jewelry-design-dataset/img_002024.jpg,512,512
JW_001839,Img 002025,jewellery,data/catalogue/JW_002026.jpg,https://huggingface.co/datasets/sidd707/jewelry-design-dataset/img_002025.jpg,512,512
JW_001840,Img 002026,jewellery,data/catalogue/JW_002027.jpg,https://huggingface.co/datasets/sidd707/jewelry-design-dataset/img_002026.jpg,512,512
JW_001841,Img 002027,jewellery,data/catalogue/JW_002028.jpg,https://huggingface.co/datasets/sidd707/jewelry-design-dataset/img_002027.jpg,512,512
JW_001842,Img 002029,jewellery,data/catalogue/JW_002030.jpg,https://huggingface.co/datasets/sidd707/jewelry-design-dataset/img_002029.jpg,512,512
JW_001843,Img 002032,jewellery,data/catalogue/JW_002033.jpg,https://huggingface.co/datasets/sidd707/jewelry-design-dataset/img_002032.jpg,512,512
JW_001844,Img 002033,jewellery,data/catalogue/JW_002034.jpg,https://huggingface.co/datasets/sidd707/jewelry-design-dataset/img_002033.jpg,512,512
JW_001845,Img 002034,jewellery,data/catalogue/JW_002035.jpg,https://huggingface.co/datasets/sidd707/jewelry-design-dataset/img_002034.jpg,512,512
JW_001846,Img 002035,jewellery,data/catalogue/JW_002036.jpg,https://huggingface.co/datasets/sidd707/jewelry-design-dataset/img_002035.jpg,512,512
JW_001847,Img 002036,jewellery,data/catalogue/JW_002037.jpg,https://huggingface.co/datasets/sidd707/jewelry-design-dataset/img_002036.jpg,512,512
JW_001848,Img 002037,jewellery,data/catalogue/JW_002038.jpg,https://huggingface.co/datasets/sidd707/jewelry-design-dataset/img_002037.jpg,512,512
JW_001849,Img 002038,jewellery,data/catalogue/JW_002039.jpg,https://huggingface.co/datasets/sidd707/jewelry-design-dataset/img_002038.jpg,512,512
JW_001850,Img 002039,jewellery,data/catalogue/JW_002040.jpg,https://huggingface.co/datasets/sidd707/jewelry-design-dataset/img_002039.jpg,512,512
JW_001851,Img 002040,jewellery,data/catalogue/JW_002041.jpg,https://huggingface.co/datasets/sidd707/jewelry-design-dataset/img_002040.jpg,512,512
JW_001852,Img 002041,jewellery,data/catalogue/JW_002042.jpg,https://huggingface.co/datasets/sidd707/jewelry-design-dataset/img_002041.jpg,512,512
JW_001853,Img 002042,jewellery,data/catalogue/JW_002043.jpg,https://huggingface.co/datasets/sidd707/jewelry-design-dataset/img_002042.jpg,512,512
JW_001854,Img 002043,jewellery,data/catalogue/JW_002044.jpg,https://huggingface.co/datasets/sidd707/jewelry-design-dataset/img_002043.jpg,512,512
JW_001855,Img 002044,jewellery,data/catalogue/JW_002045.jpg,https://huggingface.co/datasets/sidd707/jewelry-design-dataset/img_002044.jpg,512,512
JW_001856,Img 002046,jewellery,data/catalogue/JW_002047.jpg,https://huggingface.co/datasets/sidd707/jewelry-design-dataset/img_002046.jpg,512,512
JW_001857,Img 002047,jewellery,data/catalogue/JW_002048.jpg,https://huggingface.co/datasets/sidd707/jewelry-design-dataset/img_002047.jpg,512,512
JW_001858,Img 002048,jewellery,data/catalogue/JW_002049.jpg,https://huggingface.co/datasets/sidd707/jewelry-design-dataset/img_002048.jpg,512,512
JW_001859,Img 002049,jewellery,data/catalogue/JW_002050.jpg,https://huggingface.co/datasets/sidd707/jewelry-design-dataset/img_002049.jpg,512,512
JW_001860,Img 002050,jewellery,data/catalogue/JW_002051.jpg,https://huggingface.co/datasets/sidd707/jewelry-design-dataset/img_002050.jpg,512,512
JW_001861,Img 002051,jewellery,data/catalogue/JW_002052.jpg,https://huggingface.co/datasets/sidd707/jewelry-design-dataset/img_002051.jpg,512,512
JW_001862,Img 002052,jewellery,data/catalogue/JW_002053.jpg,https://huggingface.co/datasets/sidd707/jewelry-design-dataset/img_002052.jpg,512,512
JW_001863,Img 002053,jewellery,data/catalogue/JW_002054.jpg,https://huggingface.co/datasets/sidd707/jewelry-design-dataset/img_002053.jpg,512,512
JW_001864,Img 002054,jewellery,data/catalogue/JW_002055.jpg,https://huggingface.co/datasets/sidd707/jewelry-design-dataset/img_002054.jpg,512,512
JW_001865,Img 002056,jewellery,data/catalogue/JW_002057.jpg,https://huggingface.co/datasets/sidd707/jewelry-design-dataset/img_002056.jpg,512,512
JW_001866,Img 002057,jewellery,data/catalogue/JW_002058.jpg,https://huggingface.co/datasets/sidd707/jewelry-design-dataset/img_002057.jpg,512,512
JW_001867,Img 002059,jewellery,data/catalogue/JW_002060.jpg,https://huggingface.co/datasets/sidd707/jewelry-design-dataset/img_002059.jpg,512,512
JW_001868,Img 002067,jewellery,data/catalogue/JW_002068.jpg,https://huggingface.co/datasets/sidd707/jewelry-design-dataset/img_002067.jpg,512,512
JW_001869,Img 002069,jewellery,data/catalogue/JW_002070.jpg,https://huggingface.co/datasets/sidd707/jewelry-design-dataset/img_002069.jpg,512,512
JW_001870,Img 002071,jewellery,data/catalogue/JW_002072.jpg,https://huggingface.co/datasets/sidd707/jewelry-design-dataset/img_002071.jpg,512,512
JW_001871,Img 002073,jewellery,data/catalogue/JW_002074.jpg,https://huggingface.co/datasets/sidd707/jewelry-design-dataset/img_002073.jpg,512,512
JW_001872,Img 002074,jewellery,data/catalogue/JW_002075.jpg,https://huggingface.co/datasets/sidd707/jewelry-design-dataset/img_002074.jpg,512,512
JW_001873,Img 002075,jewellery,data/catalogue/JW_002076.jpg,https://huggingface.co/datasets/sidd707/jewelry-design-dataset/img_002075.jpg,512,512
JW_001874,Img 002077,jewellery,data/catalogue/JW_002078.jpg,https://huggingface.co/datasets/sidd707/jewelry-design-dataset/img_002077.jpg,512,512
JW_001875,Img 002078,jewellery,data/catalogue/JW_002079.jpg,https://huggingface.co/datasets/sidd707/jewelry-design-dataset/img_002078.jpg,512,512
JW_001876,Img 002079,jewellery,data/catalogue/JW_002080.jpg,https://huggingface.co/datasets/sidd707/jewelry-design-dataset/img_002079.jpg,512,512
JW_001877,Img 002080,jewellery,data/catalogue/JW_002081.jpg,https://huggingface.co/datasets/sidd707/jewelry-design-dataset/img_002080.jpg,512,512
JW_001878,Img 002082,jewellery,data/catalogue/JW_002083.jpg,https://huggingface.co/datasets/sidd707/jewelry-design-dataset/img_002082.jpg,512,512
JW_001879,Img 002084,jewellery,data/catalogue/JW_002085.jpg,https://huggingface.co/datasets/sidd707/jewelry-design-dataset/img_002084.jpg,512,512
JW_001880,Img 002086,jewellery,data/catalogue/JW_002087.jpg,https://huggingface.co/datasets/sidd707/jewelry-design-dataset/img_002086.jpg,512,512
JW_001881,Img 002088,jewellery,data/catalogue/JW_002089.jpg,https://huggingface.co/datasets/sidd707/jewelry-design-dataset/img_002088.jpg,512,512
JW_001882,Img 002089,jewellery,data/catalogue/JW_002090.jpg,https://huggingface.co/datasets/sidd707/jewelry-design-dataset/img_002089.jpg,512,512
JW_001883,Img 002092,jewellery,data/catalogue/JW_002093.jpg,https://huggingface.co/datasets/sidd707/jewelry-design-dataset/img_002092.jpg,512,512
JW_001884,Img 002093,jewellery,data/catalogue/JW_002094.jpg,https://huggingface.co/datasets/sidd707/jewelry-design-dataset/img_002093.jpg,512,512
JW_001885,Img 002094,jewellery,data/catalogue/JW_002095.jpg,https://huggingface.co/datasets/sidd707/jewelry-design-dataset/img_002094.jpg,512,512
JW_001886,Img 002095,jewellery,data/catalogue/JW_002096.jpg,https://huggingface.co/datasets/sidd707/jewelry-design-dataset/img_002095.jpg,512,512
JW_001887,Img 002096,jewellery,data/catalogue/JW_002097.jpg,https://huggingface.co/datasets/sidd707/jewelry-design-dataset/img_002096.jpg,512,512
JW_001888,Img 002097,jewellery,data/catalogue/JW_002098.jpg,https://huggingface.co/datasets/sidd707/jewelry-design-dataset/img_002097.jpg,512,512
JW_001889,Img 002098,jewellery,data/catalogue/JW_002099.jpg,https://huggingface.co/datasets/sidd707/jewelry-design-dataset/img_002098.jpg,512,512
JW_001890,Img 002099,jewellery,data/catalogue/JW_002100.jpg,https://huggingface.co/datasets/sidd707/jewelry-design-dataset/img_002099.jpg,512,512
JW_001891,Img 002100,jewellery,data/catalogue/JW_002101.jpg,https://huggingface.co/datasets/sidd707/jewelry-design-dataset/img_002100.jpg,512,512
JW_001892,Img 002102,jewellery,data/catalogue/JW_002103.jpg,https://huggingface.co/datasets/sidd707/jewelry-design-dataset/img_002102.jpg,512,512
JW_001893,Img 002103,jewellery,data/catalogue/JW_002104.jpg,https://huggingface.co/datasets/sidd707/jewelry-design-dataset/img_002103.jpg,512,512
JW_001894,Img 002104,jewellery,data/catalogue/JW_002105.jpg,https://huggingface.co/datasets/sidd707/jewelry-design-dataset/img_002104.jpg,512,512
JW_001895,Img 002105,jewellery,data/catalogue/JW_002106.jpg,https://huggingface.co/datasets/sidd707/jewelry-design-dataset/img_002105.jpg,512,512
JW_001896,Img 002106,jewellery,data/catalogue/JW_002107.jpg,https://huggingface.co/datasets/sidd707/jewelry-design-dataset/img_002106.jpg,512,512
JW_001897,Img 002111,jewellery,data/catalogue/JW_002112.jpg,https://huggingface.co/datasets/sidd707/jewelry-design-dataset/img_002111.jpg,512,512
JW_001898,Img 002113,jewellery,data/catalogue/JW_002114.jpg,https://huggingface.co/datasets/sidd707/jewelry-design-dataset/img_002113.jpg,512,512
JW_001899,Img 002114,jewellery,data/catalogue/JW_002115.jpg,https://huggingface.co/datasets/sidd707/jewelry-design-dataset/img_002114.jpg,512,512
JW_001900,Img 002116,jewellery,data/catalogue/JW_002117.jpg,https://huggingface.co/datasets/sidd707/jewelry-design-dataset/img_002116.jpg,512,512
JW_001901,Img 002117,jewellery,data/catalogue/JW_002118.jpg,https://huggingface.co/datasets/sidd707/jewelry-design-dataset/img_002117.jpg,512,512
JW_001902,Img 002118,jewellery,data/catalogue/JW_002119.jpg,https://huggingface.co/datasets/sidd707/jewelry-design-dataset/img_002118.jpg,512,512
JW_001903,Img 002119,jewellery,data/catalogue/JW_002120.jpg,https://huggingface.co/datasets/sidd707/jewelry-design-dataset/img_002119.jpg,512,512
JW_001904,Img 002121,jewellery,data/catalogue/JW_002122.jpg,https://huggingface.co/datasets/sidd707/jewelry-design-dataset/img_002121.jpg,512,512
JW_001905,Img 002122,jewellery,data/catalogue/JW_002123.jpg,https://huggingface.co/datasets/sidd707/jewelry-design-dataset/img_002122.jpg,512,512
JW_001906,Img 002123,jewellery,data/catalogue/JW_002124.jpg,https://huggingface.co/datasets/sidd707/jewelry-design-dataset/img_002123.jpg,512,512
JW_001907,Img 002124,jewellery,data/catalogue/JW_002125.jpg,https://huggingface.co/datasets/sidd707/jewelry-design-dataset/img_002124.jpg,512,512
JW_001908,Img 002125,jewellery,data/catalogue/JW_002126.jpg,https://huggingface.co/datasets/sidd707/jewelry-design-dataset/img_002125.jpg,512,512
JW_001909,Img 002126,jewellery,data/catalogue/JW_002127.jpg,https://huggingface.co/datasets/sidd707/jewelry-design-dataset/img_002126.jpg,512,512
JW_001910,Img 002127,jewellery,data/catalogue/JW_002128.jpg,https://huggingface.co/datasets/sidd707/jewelry-design-dataset/img_002127.jpg,512,512
JW_001911,Img 002128,jewellery,data/catalogue/JW_002129.jpg,https://huggingface.co/datasets/sidd707/jewelry-design-dataset/img_002128.jpg,512,512
JW_001912,Img 002129,jewellery,data/catalogue/JW_002130.jpg,https://huggingface.co/datasets/sidd707/jewelry-design-dataset/img_002129.jpg,512,512
JW_001913,Img 002130,jewellery,data/catalogue/JW_002131.jpg,https://huggingface.co/datasets/sidd707/jewelry-design-dataset/img_002130.jpg,512,512
JW_001914,Img 002131,jewellery,data/catalogue/JW_002132.jpg,https://huggingface.co/datasets/sidd707/jewelry-design-dataset/img_002131.jpg,512,512
JW_001915,Img 002133,jewellery,data/catalogue/JW_002134.jpg,https://huggingface.co/datasets/sidd707/jewelry-design-dataset/img_002133.jpg,512,512
JW_001916,Img 002134,jewellery,data/catalogue/JW_002135.jpg,https://huggingface.co/datasets/sidd707/jewelry-design-dataset/img_002134.jpg,512,512
JW_001917,Img 002135,jewellery,data/catalogue/JW_002136.jpg,https://huggingface.co/datasets/sidd707/jewelry-design-dataset/img_002135.jpg,512,512
JW_001918,Img 002144,jewellery,data/catalogue/JW_002145.jpg,https://huggingface.co/datasets/sidd707/jewelry-design-dataset/img_002144.jpg,512,512
JW_001919,Img 002145,jewellery,data/catalogue/JW_002146.jpg,https://huggingface.co/datasets/sidd707/jewelry-design-dataset/img_002145.jpg,512,512
JW_001920,Img 002146,jewellery,data/catalogue/JW_002147.jpg,https://huggingface.co/datasets/sidd707/jewelry-design-dataset/img_002146.jpg,512,512
JW_001921,Img 002147,jewellery,data/catalogue/JW_002148.jpg,https://huggingface.co/datasets/sidd707/jewelry-design-dataset/img_002147.jpg,512,512
JW_001922,Img 002148,jewellery,data/catalogue/JW_002149.jpg,https://huggingface.co/datasets/sidd707/jewelry-design-dataset/img_002148.jpg,512,512
JW_001923,Img 002151,jewellery,data/catalogue/JW_002152.jpg,https://huggingface.co/datasets/sidd707/jewelry-design-dataset/img_002151.jpg,512,512
JW_001924,Img 002152,jewellery,data/catalogue/JW_002153.jpg,https://huggingface.co/datasets/sidd707/jewelry-design-dataset/img_002152.jpg,512,512
JW_001925,Img 002153,jewellery,data/catalogue/JW_002154.jpg,https://huggingface.co/datasets/sidd707/jewelry-design-dataset/img_002153.jpg,512,512
JW_001926,Img 002154,jewellery,data/catalogue/JW_002155.jpg,https://huggingface.co/datasets/sidd707/jewelry-design-dataset/img_002154.jpg,512,512
JW_001927,Img 002156,jewellery,data/catalogue/JW_002157.jpg,https://huggingface.co/datasets/sidd707/jewelry-design-dataset/img_002156.jpg,512,512
JW_001928,Img 002157,jewellery,data/catalogue/JW_002158.jpg,https://huggingface.co/datasets/sidd707/jewelry-design-dataset/img_002157.jpg,512,512
JW_001929,Img 002159,jewellery,data/catalogue/JW_002160.jpg,https://huggingface.co/datasets/sidd707/jewelry-design-dataset/img_002159.jpg,512,512
JW_001930,Img 002160,jewellery,data/catalogue/JW_002161.jpg,https://huggingface.co/datasets/sidd707/jewelry-design-dataset/img_002160.jpg,512,512
JW_001931,Img 002161,jewellery,data/catalogue/JW_002162.jpg,https://huggingface.co/datasets/sidd707/jewelry-design-dataset/img_002161.jpg,512,512
JW_001932,Img 002162,jewellery,data/catalogue/JW_002163.jpg,https://huggingface.co/datasets/sidd707/jewelry-design-dataset/img_002162.jpg,512,512
JW_001933,Img 002163,jewellery,data/catalogue/JW_002164.jpg,https://huggingface.co/datasets/sidd707/jewelry-design-dataset/img_002163.jpg,512,512
JW_001934,Img 002164,jewellery,data/catalogue/JW_002165.jpg,https://huggingface.co/datasets/sidd707/jewelry-design-dataset/img_002164.jpg,512,512
JW_001935,Img 002165,jewellery,data/catalogue/JW_002166.jpg,https://huggingface.co/datasets/sidd707/jewelry-design-dataset/img_002165.jpg,512,512
JW_001936,Img 002166,jewellery,data/catalogue/JW_002167.jpg,https://huggingface.co/datasets/sidd707/jewelry-design-dataset/img_002166.jpg,512,512
JW_001937,Img 002167,jewellery,data/catalogue/JW_002168.jpg,https://huggingface.co/datasets/sidd707/jewelry-design-dataset/img_002167.jpg,512,512
JW_001938,Img 002168,jewellery,data/catalogue/JW_002169.jpg,https://huggingface.co/datasets/sidd707/jewelry-design-dataset/img_002168.jpg,512,512
JW_001939,Img 002169,jewellery,data/catalogue/JW_002170.jpg,https://huggingface.co/datasets/sidd707/jewelry-design-dataset/img_002169.jpg,512,512
JW_001940,Img 002170,jewellery,data/catalogue/JW_002171.jpg,https://huggingface.co/datasets/sidd707/jewelry-design-dataset/img_002170.jpg,512,512
JW_001941,Img 002171,jewellery,data/catalogue/JW_002172.jpg,https://huggingface.co/datasets/sidd707/jewelry-design-dataset/img_002171.jpg,512,512
JW_001942,Img 002172,jewellery,data/catalogue/JW_002173.jpg,https://huggingface.co/datasets/sidd707/jewelry-design-dataset/img_002172.jpg,512,512
JW_001943,Img 002173,jewellery,data/catalogue/JW_002174.jpg,https://huggingface.co/datasets/sidd707/jewelry-design-dataset/img_002173.jpg,512,512
JW_001944,Img 002174,jewellery,data/catalogue/JW_002175.jpg,https://huggingface.co/datasets/sidd707/jewelry-design-dataset/img_002174.jpg,512,512
JW_001945,Img 002175,jewellery,data/catalogue/JW_002176.jpg,https://huggingface.co/datasets/sidd707/jewelry-design-dataset/img_002175.jpg,512,512
JW_001946,Img 002176,jewellery,data/catalogue/JW_002177.jpg,https://huggingface.co/datasets/sidd707/jewelry-design-dataset/img_002176.jpg,512,512
JW_001947,Img 002177,jewellery,data/catalogue/JW_002178.jpg,https://huggingface.co/datasets/sidd707/jewelry-design-dataset/img_002177.jpg,512,512
JW_001948,Img 002178,jewellery,data/catalogue/JW_002179.jpg,https://huggingface.co/datasets/sidd707/jewelry-design-dataset/img_002178.jpg,512,512
JW_001949,Img 002179,jewellery,data/catalogue/JW_002180.jpg,https://huggingface.co/datasets/sidd707/jewelry-design-dataset/img_002179.jpg,512,512
JW_001950,Img 002180,jewellery,data/catalogue/JW_002181.jpg,https://huggingface.co/datasets/sidd707/jewelry-design-dataset/img_002180.jpg,512,512
JW_001951,Img 002181,jewellery,data/catalogue/JW_002182.jpg,https://huggingface.co/datasets/sidd707/jewelry-design-dataset/img_002181.jpg,512,512
JW_001952,Img 002182,jewellery,data/catalogue/JW_002183.jpg,https://huggingface.co/datasets/sidd707/jewelry-design-dataset/img_002182.jpg,512,512
JW_001953,Img 002183,jewellery,data/catalogue/JW_002184.jpg,https://huggingface.co/datasets/sidd707/jewelry-design-dataset/img_002183.jpg,512,512
JW_001954,Img 002184,jewellery,data/catalogue/JW_002185.jpg,https://huggingface.co/datasets/sidd707/jewelry-design-dataset/img_002184.jpg,512,512
JW_001955,Img 002185,jewellery,data/catalogue/JW_002186.jpg,https://huggingface.co/datasets/sidd707/jewelry-design-dataset/img_002185.jpg,512,512
JW_001956,Img 002186,jewellery,data/catalogue/JW_002187.jpg,https://huggingface.co/datasets/sidd707/jewelry-design-dataset/img_002186.jpg,512,512
JW_001957,Img 002187,jewellery,data/catalogue/JW_002188.jpg,https://huggingface.co/datasets/sidd707/jewelry-design-dataset/img_002187.jpg,512,512
JW_001958,Img 002188,jewellery,data/catalogue/JW_002189.jpg,https://huggingface.co/datasets/sidd707/jewelry-design-dataset/img_002188.jpg,512,512
JW_001959,Img 002189,jewellery,data/catalogue/JW_002190.jpg,https://huggingface.co/datasets/sidd707/jewelry-design-dataset/img_002189.jpg,512,512
JW_001960,Img 002190,jewellery,data/catalogue/JW_002191.jpg,https://huggingface.co/datasets/sidd707/jewelry-design-dataset/img_002190.jpg,512,512
JW_001961,Img 002191,jewellery,data/catalogue/JW_002192.jpg,https://huggingface.co/datasets/sidd707/jewelry-design-dataset/img_002191.jpg,512,512
JW_001962,Img 002192,jewellery,data/catalogue/JW_002193.jpg,https://huggingface.co/datasets/sidd707/jewelry-design-dataset/img_002192.jpg,512,512
JW_001963,Img 002193,jewellery,data/catalogue/JW_002194.jpg,https://huggingface.co/datasets/sidd707/jewelry-design-dataset/img_002193.jpg,512,512
JW_001964,Img 002194,jewellery,data/catalogue/JW_002195.jpg,https://huggingface.co/datasets/sidd707/jewelry-design-dataset/img_002194.jpg,512,512
JW_001965,Img 002195,jewellery,data/catalogue/JW_002196.jpg,https://huggingface.co/datasets/sidd707/jewelry-design-dataset/img_002195.jpg,512,512
JW_001966,Img 002196,jewellery,data/catalogue/JW_002197.jpg,https://huggingface.co/datasets/sidd707/jewelry-design-dataset/img_002196.jpg,512,512
JW_001967,Img 002197,jewellery,data/catalogue/JW_002198.jpg,https://huggingface.co/datasets/sidd707/jewelry-design-dataset/img_002197.jpg,512,512
JW_001968,Img 002198,jewellery,data/catalogue/JW_002199.jpg,https://huggingface.co/datasets/sidd707/jewelry-design-dataset/img_002198.jpg,512,512
JW_001969,Img 002199,jewellery,data/catalogue/JW_002200.jpg,https://huggingface.co/datasets/sidd707/jewelry-design-dataset/img_002199.jpg,512,512
JW_001970,Img 002200,jewellery,data/catalogue/JW_002201.jpg,https://huggingface.co/datasets/sidd707/jewelry-design-dataset/img_002200.jpg,512,512
JW_001971,Img 002201,jewellery,data/catalogue/JW_002202.jpg,https://huggingface.co/datasets/sidd707/jewelry-design-dataset/img_002201.jpg,512,512
JW_001972,Img 002202,jewellery,data/catalogue/JW_002203.jpg,https://huggingface.co/datasets/sidd707/jewelry-design-dataset/img_002202.jpg,512,512
JW_001973,Img 002203,jewellery,data/catalogue/JW_002204.jpg,https://huggingface.co/datasets/sidd707/jewelry-design-dataset/img_002203.jpg,512,512
JW_001974,Img 002204,jewellery,data/catalogue/JW_002205.jpg,https://huggingface.co/datasets/sidd707/jewelry-design-dataset/img_002204.jpg,512,512
JW_001975,Img 002205,jewellery,data/catalogue/JW_002206.jpg,https://huggingface.co/datasets/sidd707/jewelry-design-dataset/img_002205.jpg,512,512
JW_001976,Img 002206,jewellery,data/catalogue/JW_002207.jpg,https://huggingface.co/datasets/sidd707/jewelry-design-dataset/img_002206.jpg,512,512
JW_001977,Img 002207,jewellery,data/catalogue/JW_002208.jpg,https://huggingface.co/datasets/sidd707/jewelry-design-dataset/img_002207.jpg,512,512
JW_001978,Img 002208,jewellery,data/catalogue/JW_002209.jpg,https://huggingface.co/datasets/sidd707/jewelry-design-dataset/img_002208.jpg,512,512
JW_001979,Img 002209,jewellery,data/catalogue/JW_002210.jpg,https://huggingface.co/datasets/sidd707/jewelry-design-dataset/img_002209.jpg,512,512
JW_001980,Img 002210,jewellery,data/catalogue/JW_002211.jpg,https://huggingface.co/datasets/sidd707/jewelry-design-dataset/img_002210.jpg,512,512
JW_001981,Img 002211,jewellery,data/catalogue/JW_002212.jpg,https://huggingface.co/datasets/sidd707/jewelry-design-dataset/img_002211.jpg,512,512
JW_001982,Img 002212,jewellery,data/catalogue/JW_002213.jpg,https://huggingface.co/datasets/sidd707/jewelry-design-dataset/img_002212.jpg,512,512
JW_001983,Img 002213,jewellery,data/catalogue/JW_002214.jpg,https://huggingface.co/datasets/sidd707/jewelry-design-dataset/img_002213.jpg,512,512
JW_001984,Img 002214,jewellery,data/catalogue/JW_002215.jpg,https://huggingface.co/datasets/sidd707/jewelry-design-dataset/img_002214.jpg,512,512
JW_001985,Img 002215,jewellery,data/catalogue/JW_002216.jpg,https://huggingface.co/datasets/sidd707/jewelry-design-dataset/img_002215.jpg,512,512
JW_001986,Img 002216,jewellery,data/catalogue/JW_002217.jpg,https://huggingface.co/datasets/sidd707/jewelry-design-dataset/img_002216.jpg,512,512
JW_001987,Img 002217,jewellery,data/catalogue/JW_002218.jpg,https://huggingface.co/datasets/sidd707/jewelry-design-dataset/img_002217.jpg,512,512
JW_001988,Img 002218,jewellery,data/catalogue/JW_002219.jpg,https://huggingface.co/datasets/sidd707/jewelry-design-dataset/img_002218.jpg,512,512
JW_001989,Img 002219,jewellery,data/catalogue/JW_002220.jpg,https://huggingface.co/datasets/sidd707/jewelry-design-dataset/img_002219.jpg,512,512
JW_001990,Img 002220,jewellery,data/catalogue/JW_002221.jpg,https://huggingface.co/datasets/sidd707/jewelry-design-dataset/img_002220.jpg,512,512
JW_001991,Img 002221,jewellery,data/catalogue/JW_002222.jpg,https://huggingface.co/datasets/sidd707/jewelry-design-dataset/img_002221.jpg,512,512
JW_001992,Img 002222,jewellery,data/catalogue/JW_002223.jpg,https://huggingface.co/datasets/sidd707/jewelry-design-dataset/img_002222.jpg,512,512
JW_001993,Img 002223,jewellery,data/catalogue/JW_002224.jpg,https://huggingface.co/datasets/sidd707/jewelry-design-dataset/img_002223.jpg,512,512
JW_001994,Img 002224,jewellery,data/catalogue/JW_002225.jpg,https://huggingface.co/datasets/sidd707/jewelry-design-dataset/img_002224.jpg,512,512
JW_001995,Img 002225,jewellery,data/catalogue/JW_002226.jpg,https://huggingface.co/datasets/sidd707/jewelry-design-dataset/img_002225.jpg,512,512
JW_001996,Img 002226,jewellery,data/catalogue/JW_002227.jpg,https://huggingface.co/datasets/sidd707/jewelry-design-dataset/img_002226.jpg,512,512
JW_001997,Img 002227,jewellery,data/catalogue/JW_002228.jpg,https://huggingface.co/datasets/sidd707/jewelry-design-dataset/img_002227.jpg,512,512
JW_001998,Img 002228,jewellery,data/catalogue/JW_002229.jpg,https://huggingface.co/datasets/sidd707/jewelry-design-dataset/img_002228.jpg,512,512
JW_001999,Img 002229,jewellery,data/catalogue/JW_002230.jpg,https://huggingface.co/datasets/sidd707/jewelry-design-dataset/img_002229.jpg,512,512
JW_002000,Img 002230,jewellery,data/catalogue/JW_002231.jpg,https://huggingface.co/datasets/sidd707/jewelry-design-dataset/img_002230.jpg,512,512
JW_002001,Img 002231,jewellery,data/catalogue/JW_002232.jpg,https://huggingface.co/datasets/sidd707/jewelry-design-dataset/img_002231.jpg,512,512
JW_002002,Img 002232,jewellery,data/catalogue/JW_002233.jpg,https://huggingface.co/datasets/sidd707/jewelry-design-dataset/img_002232.jpg,512,512
JW_002003,Img 002233,jewellery,data/catalogue/JW_002234.jpg,https://huggingface.co/datasets/sidd707/jewelry-design-dataset/img_002233.jpg,512,512
JW_002004,Img 002234,jewellery,data/catalogue/JW_002235.jpg,https://huggingface.co/datasets/sidd707/jewelry-design-dataset/img_002234.jpg,512,512
JW_002005,Img 002235,jewellery,data/catalogue/JW_002236.jpg,https://huggingface.co/datasets/sidd707/jewelry-design-dataset/img_002235.jpg,512,512
JW_002006,Img 002236,jewellery,data/catalogue/JW_002237.jpg,https://huggingface.co/datasets/sidd707/jewelry-design-dataset/img_002236.jpg,512,512
JW_002007,Img 002237,jewellery,data/catalogue/JW_002238.jpg,https://huggingface.co/datasets/sidd707/jewelry-design-dataset/img_002237.jpg,512,512
JW_002008,Img 002238,jewellery,data/catalogue/JW_002239.jpg,https://huggingface.co/datasets/sidd707/jewelry-design-dataset/img_002238.jpg,512,512
JW_002009,Img 002239,jewellery,data/catalogue/JW_002240.jpg,https://huggingface.co/datasets/sidd707/jewelry-design-dataset/img_002239.jpg,512,512
JW_002010,Img 002240,jewellery,data/catalogue/JW_002241.jpg,https://huggingface.co/datasets/sidd707/jewelry-design-dataset/img_002240.jpg,512,512
JW_002011,Img 002241,jewellery,data/catalogue/JW_002242.jpg,https://huggingface.co/datasets/sidd707/jewelry-design-dataset/img_002241.jpg,512,512
JW_002012,Img 002242,jewellery,data/catalogue/JW_002243.jpg,https://huggingface.co/datasets/sidd707/jewelry-design-dataset/img_002242.jpg,512,512
JW_002013,Img 002243,jewellery,data/catalogue/JW_002244.jpg,https://huggingface.co/datasets/sidd707/jewelry-design-dataset/img_002243.jpg,512,512
JW_002014,Img 002244,jewellery,data/catalogue/JW_002245.jpg,https://huggingface.co/datasets/sidd707/jewelry-design-dataset/img_002244.jpg,512,512
JW_002015,Img 002245,jewellery,data/catalogue/JW_002246.jpg,https://huggingface.co/datasets/sidd707/jewelry-design-dataset/img_002245.jpg,512,512
JW_002016,Img 002246,jewellery,data/catalogue/JW_002247.jpg,https://huggingface.co/datasets/sidd707/jewelry-design-dataset/img_002246.jpg,512,512
JW_002017,Img 002247,jewellery,data/catalogue/JW_002248.jpg,https://huggingface.co/datasets/sidd707/jewelry-design-dataset/img_002247.jpg,512,512
JW_002018,Img 002248,jewellery,data/catalogue/JW_002249.jpg,https://huggingface.co/datasets/sidd707/jewelry-design-dataset/img_002248.jpg,512,512
JW_002019,Img 002249,jewellery,data/catalogue/JW_002250.jpg,https://huggingface.co/datasets/sidd707/jewelry-design-dataset/img_002249.jpg,512,512
JW_002020,Img 002250,jewellery,data/catalogue/JW_002251.jpg,https://huggingface.co/datasets/sidd707/jewelry-design-dataset/img_002250.jpg,512,512
JW_002021,Img 002251,jewellery,data/catalogue/JW_002252.jpg,https://huggingface.co/datasets/sidd707/jewelry-design-dataset/img_002251.jpg,512,512
JW_002022,Img 002252,jewellery,data/catalogue/JW_002253.jpg,https://huggingface.co/datasets/sidd707/jewelry-design-dataset/img_002252.jpg,512,512
JW_002023,Img 002253,jewellery,data/catalogue/JW_002254.jpg,https://huggingface.co/datasets/sidd707/jewelry-design-dataset/img_002253.jpg,512,512
JW_002024,Img 002254,jewellery,data/catalogue/JW_002255.jpg,https://huggingface.co/datasets/sidd707/jewelry-design-dataset/img_002254.jpg,512,512
JW_002025,Img 002255,jewellery,data/catalogue/JW_002256.jpg,https://huggingface.co/datasets/sidd707/jewelry-design-dataset/img_002255.jpg,512,512
JW_002026,Img 002256,jewellery,data/catalogue/JW_002257.jpg,https://huggingface.co/datasets/sidd707/jewelry-design-dataset/img_002256.jpg,512,512
JW_002027,Img 002257,jewellery,data/catalogue/JW_002258.jpg,https://huggingface.co/datasets/sidd707/jewelry-design-dataset/img_002257.jpg,512,512
JW_002028,Img 002258,jewellery,data/catalogue/JW_002259.jpg,https://huggingface.co/datasets/sidd707/jewelry-design-dataset/img_002258.jpg,512,512
JW_002029,Img 002259,jewellery,data/catalogue/JW_002260.jpg,https://huggingface.co/datasets/sidd707/jewelry-design-dataset/img_002259.jpg,512,512
JW_002030,Img 002260,jewellery,data/catalogue/JW_002261.jpg,https://huggingface.co/datasets/sidd707/jewelry-design-dataset/img_002260.jpg,512,512
JW_002031,Img 002261,jewellery,data/catalogue/JW_002262.jpg,https://huggingface.co/datasets/sidd707/jewelry-design-dataset/img_002261.jpg,512,512
JW_002032,Img 002262,jewellery,data/catalogue/JW_002263.jpg,https://huggingface.co/datasets/sidd707/jewelry-design-dataset/img_002262.jpg,512,512
JW_002033,Img 002263,jewellery,data/catalogue/JW_002264.jpg,https://huggingface.co/datasets/sidd707/jewelry-design-dataset/img_002263.jpg,512,512
JW_002034,Img 002264,jewellery,data/catalogue/JW_002265.jpg,https://huggingface.co/datasets/sidd707/jewelry-design-dataset/img_002264.jpg,512,512
JW_002035,Img 002265,jewellery,data/catalogue/JW_002266.jpg,https://huggingface.co/datasets/sidd707/jewelry-design-dataset/img_002265.jpg,512,512
JW_002036,Img 002266,jewellery,data/catalogue/JW_002267.jpg,https://huggingface.co/datasets/sidd707/jewelry-design-dataset/img_002266.jpg,512,512
JW_002037,Img 002267,jewellery,data/catalogue/JW_002268.jpg,https://huggingface.co/datasets/sidd707/jewelry-design-dataset/img_002267.jpg,512,512
JW_002038,Img 002268,jewellery,data/catalogue/JW_002269.jpg,https://huggingface.co/datasets/sidd707/jewelry-design-dataset/img_002268.jpg,512,512
JW_002039,Img 002269,jewellery,data/catalogue/JW_002270.jpg,https://huggingface.co/datasets/sidd707/jewelry-design-dataset/img_002269.jpg,512,512
JW_002040,Img 002270,jewellery,data/catalogue/JW_002271.jpg,https://huggingface.co/datasets/sidd707/jewelry-design-dataset/img_002270.jpg,512,512
JW_002041,Img 002271,jewellery,data/catalogue/JW_002272.jpg,https://huggingface.co/datasets/sidd707/jewelry-design-dataset/img_002271.jpg,512,512
JW_002042,Img 002272,jewellery,data/catalogue/JW_002273.jpg,https://huggingface.co/datasets/sidd707/jewelry-design-dataset/img_002272.jpg,512,512
JW_002043,Img 002273,jewellery,data/catalogue/JW_002274.jpg,https://huggingface.co/datasets/sidd707/jewelry-design-dataset/img_002273.jpg,512,512
JW_002044,Img 002274,jewellery,data/catalogue/JW_002275.jpg,https://huggingface.co/datasets/sidd707/jewelry-design-dataset/img_002274.jpg,512,512
JW_002045,Img 002275,jewellery,data/catalogue/JW_002276.jpg,https://huggingface.co/datasets/sidd707/jewelry-design-dataset/img_002275.jpg,512,512
JW_002046,Img 002276,jewellery,data/catalogue/JW_002277.jpg,https://huggingface.co/datasets/sidd707/jewelry-design-dataset/img_002276.jpg,512,512
JW_002047,Img 002277,jewellery,data/catalogue/JW_002278.jpg,https://huggingface.co/datasets/sidd707/jewelry-design-dataset/img_002277.jpg,512,512
JW_002048,Img 002278,jewellery,data/catalogue/JW_002279.jpg,https://huggingface.co/datasets/sidd707/jewelry-design-dataset/img_002278.jpg,512,512
JW_002049,Img 002279,jewellery,data/catalogue/JW_002280.jpg,https://huggingface.co/datasets/sidd707/jewelry-design-dataset/img_002279.jpg,512,512
JW_002050,Img 002280,jewellery,data/catalogue/JW_002281.jpg,https://huggingface.co/datasets/sidd707/jewelry-design-dataset/img_002280.jpg,512,512
JW_002051,Img 002281,jewellery,data/catalogue/JW_002282.jpg,https://huggingface.co/datasets/sidd707/jewelry-design-dataset/img_002281.jpg,512,512
JW_002052,Img 002282,jewellery,data/catalogue/JW_002283.jpg,https://huggingface.co/datasets/sidd707/jewelry-design-dataset/img_002282.jpg,512,512
JW_002053,Img 002283,jewellery,data/catalogue/JW_002284.jpg,https://huggingface.co/datasets/sidd707/jewelry-design-dataset/img_002283.jpg,512,512
JW_002054,Img 002284,jewellery,data/catalogue/JW_002285.jpg,https://huggingface.co/datasets/sidd707/jewelry-design-dataset/img_002284.jpg,512,512
JW_002055,Img 002285,jewellery,data/catalogue/JW_002286.jpg,https://huggingface.co/datasets/sidd707/jewelry-design-dataset/img_002285.jpg,512,512
JW_002056,Img 002286,jewellery,data/catalogue/JW_002287.jpg,https://huggingface.co/datasets/sidd707/jewelry-design-dataset/img_002286.jpg,512,512
JW_002057,Img 002287,jewellery,data/catalogue/JW_002288.jpg,https://huggingface.co/datasets/sidd707/jewelry-design-dataset/img_002287.jpg,512,512
JW_002058,Img 002288,jewellery,data/catalogue/JW_002289.jpg,https://huggingface.co/datasets/sidd707/jewelry-design-dataset/img_002288.jpg,512,512
JW_002059,Img 002289,jewellery,data/catalogue/JW_002290.jpg,https://huggingface.co/datasets/sidd707/jewelry-design-dataset/img_002289.jpg,512,512
JW_002060,Img 002290,jewellery,data/catalogue/JW_002291.jpg,https://huggingface.co/datasets/sidd707/jewelry-design-dataset/img_002290.jpg,512,512
JW_002061,Img 002291,jewellery,data/catalogue/JW_002292.jpg,https://huggingface.co/datasets/sidd707/jewelry-design-dataset/img_002291.jpg,512,512
JW_002062,Img 002292,jewellery,data/catalogue/JW_002293.jpg,https://huggingface.co/datasets/sidd707/jewelry-design-dataset/img_002292.jpg,512,512
JW_002063,Img 002293,jewellery,data/catalogue/JW_002294.jpg,https://huggingface.co/datasets/sidd707/jewelry-design-dataset/img_002293.jpg,512,512
JW_002064,Img 002294,jewellery,data/catalogue/JW_002295.jpg,https://huggingface.co/datasets/sidd707/jewelry-design-dataset/img_002294.jpg,512,512
JW_002065,Img 002295,jewellery,data/catalogue/JW_002296.jpg,https://huggingface.co/datasets/sidd707/jewelry-design-dataset/img_002295.jpg,512,512
JW_002066,Img 002296,jewellery,data/catalogue/JW_002297.jpg,https://huggingface.co/datasets/sidd707/jewelry-design-dataset/img_002296.jpg,512,512
JW_002067,Img 002297,jewellery,data/catalogue/JW_002298.jpg,https://huggingface.co/datasets/sidd707/jewelry-design-dataset/img_002297.jpg,512,512
JW_002068,Img 002298,jewellery,data/catalogue/JW_002299.jpg,https://huggingface.co/datasets/sidd707/jewelry-design-dataset/img_002298.jpg,512,512
JW_002069,Img 002299,jewellery,data/catalogue/JW_002300.jpg,https://huggingface.co/datasets/sidd707/jewelry-design-dataset/img_002299.jpg,512,512
JW_002070,Img 002300,jewellery,data/catalogue/JW_002301.jpg,https://huggingface.co/datasets/sidd707/jewelry-design-dataset/img_002300.jpg,512,512
JW_002071,Img 002301,jewellery,data/catalogue/JW_002302.jpg,https://huggingface.co/datasets/sidd707/jewelry-design-dataset/img_002301.jpg,512,512
JW_002072,Img 002302,jewellery,data/catalogue/JW_002303.jpg,https://huggingface.co/datasets/sidd707/jewelry-design-dataset/img_002302.jpg,512,512
JW_002073,Img 002303,jewellery,data/catalogue/JW_002304.jpg,https://huggingface.co/datasets/sidd707/jewelry-design-dataset/img_002303.jpg,512,512
JW_002074,Img 002304,jewellery,data/catalogue/JW_002305.jpg,https://huggingface.co/datasets/sidd707/jewelry-design-dataset/img_002304.jpg,512,512
JW_002075,Img 002305,jewellery,data/catalogue/JW_002306.jpg,https://huggingface.co/datasets/sidd707/jewelry-design-dataset/img_002305.jpg,512,512
JW_002076,Img 002306,jewellery,data/catalogue/JW_002307.jpg,https://huggingface.co/datasets/sidd707/jewelry-design-dataset/img_002306.jpg,512,512
JW_002077,Img 002307,jewellery,data/catalogue/JW_002308.jpg,https://huggingface.co/datasets/sidd707/jewelry-design-dataset/img_002307.jpg,512,512
JW_002078,Img 002308,jewellery,data/catalogue/JW_002309.jpg,https://huggingface.co/datasets/sidd707/jewelry-design-dataset/img_002308.jpg,512,512
JW_002079,Img 002309,jewellery,data/catalogue/JW_002310.jpg,https://huggingface.co/datasets/sidd707/jewelry-design-dataset/img_002309.jpg,512,512
JW_002080,Img 002310,jewellery,data/catalogue/JW_002311.jpg,https://huggingface.co/datasets/sidd707/jewelry-design-dataset/img_002310.jpg,512,512
JW_002081,Img 002311,jewellery,data/catalogue/JW_002312.jpg,https://huggingface.co/datasets/sidd707/jewelry-design-dataset/img_002311.jpg,512,512
JW_002082,Img 002312,jewellery,data/catalogue/JW_002313.jpg,https://huggingface.co/datasets/sidd707/jewelry-design-dataset/img_002312.jpg,512,512
JW_002083,Img 002313,jewellery,data/catalogue/JW_002314.jpg,https://huggingface.co/datasets/sidd707/jewelry-design-dataset/img_002313.jpg,512,512
JW_002084,Img 002314,jewellery,data/catalogue/JW_002315.jpg,https://huggingface.co/datasets/sidd707/jewelry-design-dataset/img_002314.jpg,512,512
JW_002085,Img 002315,jewellery,data/catalogue/JW_002316.jpg,https://huggingface.co/datasets/sidd707/jewelry-design-dataset/img_002315.jpg,512,512
JW_002086,Img 002316,jewellery,data/catalogue/JW_002317.jpg,https://huggingface.co/datasets/sidd707/jewelry-design-dataset/img_002316.jpg,512,512
JW_002087,Img 002317,jewellery,data/catalogue/JW_002318.jpg,https://huggingface.co/datasets/sidd707/jewelry-design-dataset/img_002317.jpg,512,512
JW_002088,Img 002318,jewellery,data/catalogue/JW_002319.jpg,https://huggingface.co/datasets/sidd707/jewelry-design-dataset/img_002318.jpg,512,512
JW_002089,Img 002319,jewellery,data/catalogue/JW_002320.jpg,https://huggingface.co/datasets/sidd707/jewelry-design-dataset/img_002319.jpg,512,512
JW_002090,Img 002320,jewellery,data/catalogue/JW_002321.jpg,https://huggingface.co/datasets/sidd707/jewelry-design-dataset/img_002320.jpg,512,512
JW_002091,Img 002321,jewellery,data/catalogue/JW_002322.jpg,https://huggingface.co/datasets/sidd707/jewelry-design-dataset/img_002321.jpg,512,512
JW_002092,Img 002322,jewellery,data/catalogue/JW_002323.jpg,https://huggingface.co/datasets/sidd707/jewelry-design-dataset/img_002322.jpg,512,512
JW_002093,Img 002323,jewellery,data/catalogue/JW_002324.jpg,https://huggingface.co/datasets/sidd707/jewelry-design-dataset/img_002323.jpg,512,512
JW_002094,Img 002324,jewellery,data/catalogue/JW_002325.jpg,https://huggingface.co/datasets/sidd707/jewelry-design-dataset/img_002324.jpg,512,512
JW_002095,Img 002325,jewellery,data/catalogue/JW_002326.jpg,https://huggingface.co/datasets/sidd707/jewelry-design-dataset/img_002325.jpg,512,512
JW_002096,Img 002326,jewellery,data/catalogue/JW_002327.jpg,https://huggingface.co/datasets/sidd707/jewelry-design-dataset/img_002326.jpg,512,512
JW_002097,Img 002327,jewellery,data/catalogue/JW_002328.jpg,https://huggingface.co/datasets/sidd707/jewelry-design-dataset/img_002327.jpg,512,512
JW_002098,Img 002328,jewellery,data/catalogue/JW_002329.jpg,https://huggingface.co/datasets/sidd707/jewelry-design-dataset/img_002328.jpg,512,512
JW_002099,Img 002329,jewellery,data/catalogue/JW_002330.jpg,https://huggingface.co/datasets/sidd707/jewelry-design-dataset/img_002329.jpg,512,512
JW_002100,Img 002330,jewellery,data/catalogue/JW_002331.jpg,https://huggingface.co/datasets/sidd707/jewelry-design-dataset/img_002330.jpg,512,512
JW_002101,Img 002331,jewellery,data/catalogue/JW_002332.jpg,https://huggingface.co/datasets/sidd707/jewelry-design-dataset/img_002331.jpg,512,512
JW_002102,Img 002332,jewellery,data/catalogue/JW_002333.jpg,https://huggingface.co/datasets/sidd707/jewelry-design-dataset/img_002332.jpg,512,512
JW_002103,Img 002333,jewellery,data/catalogue/JW_002334.jpg,https://huggingface.co/datasets/sidd707/jewelry-design-dataset/img_002333.jpg,512,512
JW_002104,Img 002334,jewellery,data/catalogue/JW_002335.jpg,https://huggingface.co/datasets/sidd707/jewelry-design-dataset/img_002334.jpg,512,512
JW_002105,Img 002335,jewellery,data/catalogue/JW_002336.jpg,https://huggingface.co/datasets/sidd707/jewelry-design-dataset/img_002335.jpg,512,512
JW_002106,Img 002336,jewellery,data/catalogue/JW_002337.jpg,https://huggingface.co/datasets/sidd707/jewelry-design-dataset/img_002336.jpg,512,512
JW_002107,Img 002337,jewellery,data/catalogue/JW_002338.jpg,https://huggingface.co/datasets/sidd707/jewelry-design-dataset/img_002337.jpg,512,512
JW_002108,Img 002338,jewellery,data/catalogue/JW_002339.jpg,https://huggingface.co/datasets/sidd707/jewelry-design-dataset/img_002338.jpg,512,512
JW_002109,Img 002339,jewellery,data/catalogue/JW_002340.jpg,https://huggingface.co/datasets/sidd707/jewelry-design-dataset/img_002339.jpg,512,512
JW_002110,Img 002340,jewellery,data/catalogue/JW_002341.jpg,https://huggingface.co/datasets/sidd707/jewelry-design-dataset/img_002340.jpg,512,512
JW_002111,Img 002341,jewellery,data/catalogue/JW_002342.jpg,https://huggingface.co/datasets/sidd707/jewelry-design-dataset/img_002341.jpg,512,512
JW_002112,Img 002342,jewellery,data/catalogue/JW_002343.jpg,https://huggingface.co/datasets/sidd707/jewelry-design-dataset/img_002342.jpg,512,512
JW_002113,Img 002343,jewellery,data/catalogue/JW_002344.jpg,https://huggingface.co/datasets/sidd707/jewelry-design-dataset/img_002343.jpg,512,512
JW_002114,Img 002344,jewellery,data/catalogue/JW_002345.jpg,https://huggingface.co/datasets/sidd707/jewelry-design-dataset/img_002344.jpg,512,512
JW_002115,Img 002345,jewellery,data/catalogue/JW_002346.jpg,https://huggingface.co/datasets/sidd707/jewelry-design-dataset/img_002345.jpg,512,512
JW_002116,Img 002346,jewellery,data/catalogue/JW_002347.jpg,https://huggingface.co/datasets/sidd707/jewelry-design-dataset/img_002346.jpg,512,512
JW_002117,Img 002347,jewellery,data/catalogue/JW_002348.jpg,https://huggingface.co/datasets/sidd707/jewelry-design-dataset/img_002347.jpg,512,512
JW_002118,Img 002348,jewellery,data/catalogue/JW_002349.jpg,https://huggingface.co/datasets/sidd707/jewelry-design-dataset/img_002348.jpg,512,512
JW_002119,Img 002349,jewellery,data/catalogue/JW_002350.jpg,https://huggingface.co/datasets/sidd707/jewelry-design-dataset/img_002349.jpg,512,512
JW_002120,Img 002350,jewellery,data/catalogue/JW_002351.jpg,https://huggingface.co/datasets/sidd707/jewelry-design-dataset/img_002350.jpg,512,512
JW_002121,Img 002351,jewellery,data/catalogue/JW_002352.jpg,https://huggingface.co/datasets/sidd707/jewelry-design-dataset/img_002351.jpg,512,512
JW_002122,Img 002352,jewellery,data/catalogue/JW_002353.jpg,https://huggingface.co/datasets/sidd707/jewelry-design-dataset/img_002352.jpg,512,512
JW_002123,Img 002353,jewellery,data/catalogue/JW_002354.jpg,https://huggingface.co/datasets/sidd707/jewelry-design-dataset/img_002353.jpg,512,512
JW_002124,Img 002354,jewellery,data/catalogue/JW_002355.jpg,https://huggingface.co/datasets/sidd707/jewelry-design-dataset/img_002354.jpg,512,512
JW_002125,Img 002355,jewellery,data/catalogue/JW_002356.jpg,https://huggingface.co/datasets/sidd707/jewelry-design-dataset/img_002355.jpg,512,512
JW_002126,Img 002356,jewellery,data/catalogue/JW_002357.jpg,https://huggingface.co/datasets/sidd707/jewelry-design-dataset/img_002356.jpg,512,512
JW_002127,Img 002357,jewellery,data/catalogue/JW_002358.jpg,https://huggingface.co/datasets/sidd707/jewelry-design-dataset/img_002357.jpg,512,512
JW_002128,Img 002358,jewellery,data/catalogue/JW_002359.jpg,https://huggingface.co/datasets/sidd707/jewelry-design-dataset/img_002358.jpg,512,512
JW_002129,Img 002359,jewellery,data/catalogue/JW_002360.jpg,https://huggingface.co/datasets/sidd707/jewelry-design-dataset/img_002359.jpg,512,512
JW_002130,Img 002360,jewellery,data/catalogue/JW_002361.jpg,https://huggingface.co/datasets/sidd707/jewelry-design-dataset/img_002360.jpg,512,512
JW_002131,Img 002361,jewellery,data/catalogue/JW_002362.jpg,https://huggingface.co/datasets/sidd707/jewelry-design-dataset/img_002361.jpg,512,512
JW_002132,Img 002362,jewellery,data/catalogue/JW_002363.jpg,https://huggingface.co/datasets/sidd707/jewelry-design-dataset/img_002362.jpg,512,512
JW_002133,Img 002363,jewellery,data/catalogue/JW_002364.jpg,https://huggingface.co/datasets/sidd707/jewelry-design-dataset/img_002363.jpg,512,512
JW_002134,Img 002364,jewellery,data/catalogue/JW_002365.jpg,https://huggingface.co/datasets/sidd707/jewelry-design-dataset/img_002364.jpg,512,512
JW_002135,Img 002365,jewellery,data/catalogue/JW_002366.jpg,https://huggingface.co/datasets/sidd707/jewelry-design-dataset/img_002365.jpg,512,512
JW_002136,Img 002366,jewellery,data/catalogue/JW_002367.jpg,https://huggingface.co/datasets/sidd707/jewelry-design-dataset/img_002366.jpg,512,512
JW_002137,Img 002367,jewellery,data/catalogue/JW_002368.jpg,https://huggingface.co/datasets/sidd707/jewelry-design-dataset/img_002367.jpg,512,512
JW_002138,Img 002368,jewellery,data/catalogue/JW_002369.jpg,https://huggingface.co/datasets/sidd707/jewelry-design-dataset/img_002368.jpg,512,512
JW_002139,Img 002369,jewellery,data/catalogue/JW_002370.jpg,https://huggingface.co/datasets/sidd707/jewelry-design-dataset/img_002369.jpg,512,512
JW_002140,Img 002370,jewellery,data/catalogue/JW_002371.jpg,https://huggingface.co/datasets/sidd707/jewelry-design-dataset/img_002370.jpg,512,512
JW_002141,Img 002371,jewellery,data/catalogue/JW_002372.jpg,https://huggingface.co/datasets/sidd707/jewelry-design-dataset/img_002371.jpg,512,512
JW_002142,Img 002372,jewellery,data/catalogue/JW_002373.jpg,https://huggingface.co/datasets/sidd707/jewelry-design-dataset/img_002372.jpg,512,512
JW_002143,Img 002374,jewellery,data/catalogue/JW_002375.jpg,https://huggingface.co/datasets/sidd707/jewelry-design-dataset/img_002374.jpg,512,512
JW_002144,Img 002375,jewellery,data/catalogue/JW_002376.jpg,https://huggingface.co/datasets/sidd707/jewelry-design-dataset/img_002375.jpg,512,512
JW_002145,Img 002376,jewellery,data/catalogue/JW_002377.jpg,https://huggingface.co/datasets/sidd707/jewelry-design-dataset/img_002376.jpg,512,512
JW_002146,Img 002377,jewellery,data/catalogue/JW_002378.jpg,https://huggingface.co/datasets/sidd707/jewelry-design-dataset/img_002377.jpg,512,512
JW_002147,Img 002378,jewellery,data/catalogue/JW_002379.jpg,https://huggingface.co/datasets/sidd707/jewelry-design-dataset/img_002378.jpg,512,512
JW_002148,Img 002379,jewellery,data/catalogue/JW_002380.jpg,https://huggingface.co/datasets/sidd707/jewelry-design-dataset/img_002379.jpg,512,512
JW_002149,Img 002381,jewellery,data/catalogue/JW_002382.jpg,https://huggingface.co/datasets/sidd707/jewelry-design-dataset/img_002381.jpg,512,512
JW_002150,Img 002382,jewellery,data/catalogue/JW_002383.jpg,https://huggingface.co/datasets/sidd707/jewelry-design-dataset/img_002382.jpg,512,512
JW_002151,Img 002383,jewellery,data/catalogue/JW_002384.jpg,https://huggingface.co/datasets/sidd707/jewelry-design-dataset/img_002383.jpg,512,512
JW_002152,Img 002384,jewellery,data/catalogue/JW_002385.jpg,https://huggingface.co/datasets/sidd707/jewelry-design-dataset/img_002384.jpg,512,512
JW_002153,Img 002385,jewellery,data/catalogue/JW_002386.jpg,https://huggingface.co/datasets/sidd707/jewelry-design-dataset/img_002385.jpg,512,512
JW_002154,Img 002386,jewellery,data/catalogue/JW_002387.jpg,https://huggingface.co/datasets/sidd707/jewelry-design-dataset/img_002386.jpg,512,512
JW_002155,Img 002387,jewellery,data/catalogue/JW_002388.jpg,https://huggingface.co/datasets/sidd707/jewelry-design-dataset/img_002387.jpg,512,512
JW_002156,Img 002388,jewellery,data/catalogue/JW_002389.jpg,https://huggingface.co/datasets/sidd707/jewelry-design-dataset/img_002388.jpg,512,512
JW_002157,Img 002389,jewellery,data/catalogue/JW_002390.jpg,https://huggingface.co/datasets/sidd707/jewelry-design-dataset/img_002389.jpg,512,512
JW_002158,Img 002390,jewellery,data/catalogue/JW_002391.jpg,https://huggingface.co/datasets/sidd707/jewelry-design-dataset/img_002390.jpg,512,512
JW_002159,Img 002391,jewellery,data/catalogue/JW_002392.jpg,https://huggingface.co/datasets/sidd707/jewelry-design-dataset/img_002391.jpg,512,512
JW_002160,Img 002392,jewellery,data/catalogue/JW_002393.jpg,https://huggingface.co/datasets/sidd707/jewelry-design-dataset/img_002392.jpg,512,512
JW_002161,Img 002393,jewellery,data/catalogue/JW_002394.jpg,https://huggingface.co/datasets/sidd707/jewelry-design-dataset/img_002393.jpg,512,512
JW_002162,Img 002394,jewellery,data/catalogue/JW_002395.jpg,https://huggingface.co/datasets/sidd707/jewelry-design-dataset/img_002394.jpg,512,512
JW_002163,Img 002395,jewellery,data/catalogue/JW_002396.jpg,https://huggingface.co/datasets/sidd707/jewelry-design-dataset/img_002395.jpg,512,512
JW_002164,Img 002396,jewellery,data/catalogue/JW_002397.jpg,https://huggingface.co/datasets/sidd707/jewelry-design-dataset/img_002396.jpg,512,512
JW_002165,Img 002397,jewellery,data/catalogue/JW_002398.jpg,https://huggingface.co/datasets/sidd707/jewelry-design-dataset/img_002397.jpg,512,512
JW_002166,Img 002398,jewellery,data/catalogue/JW_002399.jpg,https://huggingface.co/datasets/sidd707/jewelry-design-dataset/img_002398.jpg,512,512
JW_002167,Img 002399,jewellery,data/catalogue/JW_002400.jpg,https://huggingface.co/datasets/sidd707/jewelry-design-dataset/img_002399.jpg,512,512
JW_002168,Img 002400,jewellery,data/catalogue/JW_002401.jpg,https://huggingface.co/datasets/sidd707/jewelry-design-dataset/img_002400.jpg,512,512
JW_002169,Img 002401,jewellery,data/catalogue/JW_002402.jpg,https://huggingface.co/datasets/sidd707/jewelry-design-dataset/img_002401.jpg,512,512
JW_002170,Img 002402,jewellery,data/catalogue/JW_002403.jpg,https://huggingface.co/datasets/sidd707/jewelry-design-dataset/img_002402.jpg,512,512
JW_002171,Img 002403,jewellery,data/catalogue/JW_002404.jpg,https://huggingface.co/datasets/sidd707/jewelry-design-dataset/img_002403.jpg,512,512
JW_002172,Img 002404,jewellery,data/catalogue/JW_002405.jpg,https://huggingface.co/datasets/sidd707/jewelry-design-dataset/img_002404.jpg,512,512
JW_002173,Img 002405,jewellery,data/catalogue/JW_002406.jpg,https://huggingface.co/datasets/sidd707/jewelry-design-dataset/img_002405.jpg,512,512
JW_002174,Img 002406,jewellery,data/catalogue/JW_002407.jpg,https://huggingface.co/datasets/sidd707/jewelry-design-dataset/img_002406.jpg,512,512
JW_002175,Img 002407,jewellery,data/catalogue/JW_002408.jpg,https://huggingface.co/datasets/sidd707/jewelry-design-dataset/img_002407.jpg,512,512
JW_002176,Img 002408,jewellery,data/catalogue/JW_002409.jpg,https://huggingface.co/datasets/sidd707/jewelry-design-dataset/img_002408.jpg,512,512
JW_002177,Img 002409,jewellery,data/catalogue/JW_002410.jpg,https://huggingface.co/datasets/sidd707/jewelry-design-dataset/img_002409.jpg,512,512
JW_002178,Img 002410,jewellery,data/catalogue/JW_002411.jpg,https://huggingface.co/datasets/sidd707/jewelry-design-dataset/img_002410.jpg,512,512
JW_002179,Img 002411,jewellery,data/catalogue/JW_002412.jpg,https://huggingface.co/datasets/sidd707/jewelry-design-dataset/img_002411.jpg,512,512
JW_002180,Img 002412,jewellery,data/catalogue/JW_002413.jpg,https://huggingface.co/datasets/sidd707/jewelry-design-dataset/img_002412.jpg,512,512
JW_002181,Img 002413,jewellery,data/catalogue/JW_002414.jpg,https://huggingface.co/datasets/sidd707/jewelry-design-dataset/img_002413.jpg,512,512
JW_002182,Img 002414,jewellery,data/catalogue/JW_002415.jpg,https://huggingface.co/datasets/sidd707/jewelry-design-dataset/img_002414.jpg,512,512
JW_002183,Img 002415,jewellery,data/catalogue/JW_002416.jpg,https://huggingface.co/datasets/sidd707/jewelry-design-dataset/img_002415.jpg,512,512
JW_002184,Img 002416,jewellery,data/catalogue/JW_002417.jpg,https://huggingface.co/datasets/sidd707/jewelry-design-dataset/img_002416.jpg,512,512
JW_002185,Img 002417,jewellery,data/catalogue/JW_002418.jpg,https://huggingface.co/datasets/sidd707/jewelry-design-dataset/img_002417.jpg,512,512
JW_002186,Img 002418,jewellery,data/catalogue/JW_002419.jpg,https://huggingface.co/datasets/sidd707/jewelry-design-dataset/img_002418.jpg,512,512
JW_002187,Img 002419,jewellery,data/catalogue/JW_002420.jpg,https://huggingface.co/datasets/sidd707/jewelry-design-dataset/img_002419.jpg,512,512
JW_002188,Img 002420,jewellery,data/catalogue/JW_002421.jpg,https://huggingface.co/datasets/sidd707/jewelry-design-dataset/img_002420.jpg,512,512
JW_002189,Img 002421,jewellery,data/catalogue/JW_002422.jpg,https://huggingface.co/datasets/sidd707/jewelry-design-dataset/img_002421.jpg,512,512
JW_002190,Img 002422,jewellery,data/catalogue/JW_002423.jpg,https://huggingface.co/datasets/sidd707/jewelry-design-dataset/img_002422.jpg,512,512
JW_002191,Img 002424,jewellery,data/catalogue/JW_002425.jpg,https://huggingface.co/datasets/sidd707/jewelry-design-dataset/img_002424.jpg,512,512
JW_002192,Img 002425,jewellery,data/catalogue/JW_002426.jpg,https://huggingface.co/datasets/sidd707/jewelry-design-dataset/img_002425.jpg,512,512
JW_002193,Img 002426,jewellery,data/catalogue/JW_002427.jpg,https://huggingface.co/datasets/sidd707/jewelry-design-dataset/img_002426.jpg,512,512
JW_002194,Img 002427,jewellery,data/catalogue/JW_002428.jpg,https://huggingface.co/datasets/sidd707/jewelry-design-dataset/img_002427.jpg,512,512
JW_002195,Img 002428,jewellery,data/catalogue/JW_002429.jpg,https://huggingface.co/datasets/sidd707/jewelry-design-dataset/img_002428.jpg,512,512
JW_002196,Img 002429,jewellery,data/catalogue/JW_002430.jpg,https://huggingface.co/datasets/sidd707/jewelry-design-dataset/img_002429.jpg,512,512
JW_002197,Img 002430,jewellery,data/catalogue/JW_002431.jpg,https://huggingface.co/datasets/sidd707/jewelry-design-dataset/img_002430.jpg,512,512
JW_002198,Img 002431,jewellery,data/catalogue/JW_002432.jpg,https://huggingface.co/datasets/sidd707/jewelry-design-dataset/img_002431.jpg,512,512
JW_002199,Img 002432,jewellery,data/catalogue/JW_002433.jpg,https://huggingface.co/datasets/sidd707/jewelry-design-dataset/img_002432.jpg,512,512
JW_002200,Img 002433,jewellery,data/catalogue/JW_002434.jpg,https://huggingface.co/datasets/sidd707/jewelry-design-dataset/img_002433.jpg,512,512
JW_002201,Img 002434,jewellery,data/catalogue/JW_002435.jpg,https://huggingface.co/datasets/sidd707/jewelry-design-dataset/img_002434.jpg,512,512
JW_002202,Img 002435,jewellery,data/catalogue/JW_002436.jpg,https://huggingface.co/datasets/sidd707/jewelry-design-dataset/img_002435.jpg,512,512
JW_002203,Img 002436,jewellery,data/catalogue/JW_002437.jpg,https://huggingface.co/datasets/sidd707/jewelry-design-dataset/img_002436.jpg,512,512
JW_002204,Img 002437,jewellery,data/catalogue/JW_002438.jpg,https://huggingface.co/datasets/sidd707/jewelry-design-dataset/img_002437.jpg,512,512
JW_002205,Img 002438,jewellery,data/catalogue/JW_002439.jpg,https://huggingface.co/datasets/sidd707/jewelry-design-dataset/img_002438.jpg,512,512
JW_002206,Img 002439,jewellery,data/catalogue/JW_002440.jpg,https://huggingface.co/datasets/sidd707/jewelry-design-dataset/img_002439.jpg,512,512
JW_002207,Img 002440,jewellery,data/catalogue/JW_002441.jpg,https://huggingface.co/datasets/sidd707/jewelry-design-dataset/img_002440.jpg,512,512
JW_002208,Img 002441,jewellery,data/catalogue/JW_002442.jpg,https://huggingface.co/datasets/sidd707/jewelry-design-dataset/img_002441.jpg,512,512
JW_002209,Img 002442,jewellery,data/catalogue/JW_002443.jpg,https://huggingface.co/datasets/sidd707/jewelry-design-dataset/img_002442.jpg,512,512
JW_002210,Img 002443,jewellery,data/catalogue/JW_002444.jpg,https://huggingface.co/datasets/sidd707/jewelry-design-dataset/img_002443.jpg,512,512
JW_002211,Img 002444,jewellery,data/catalogue/JW_002445.jpg,https://huggingface.co/datasets/sidd707/jewelry-design-dataset/img_002444.jpg,512,512
JW_002212,Img 002445,jewellery,data/catalogue/JW_002446.jpg,https://huggingface.co/datasets/sidd707/jewelry-design-dataset/img_002445.jpg,512,512
JW_002213,Img 002446,jewellery,data/catalogue/JW_002447.jpg,https://huggingface.co/datasets/sidd707/jewelry-design-dataset/img_002446.jpg,512,512
JW_002214,Img 002447,jewellery,data/catalogue/JW_002448.jpg,https://huggingface.co/datasets/sidd707/jewelry-design-dataset/img_002447.jpg,512,512
JW_002215,Img 002448,jewellery,data/catalogue/JW_002449.jpg,https://huggingface.co/datasets/sidd707/jewelry-design-dataset/img_002448.jpg,512,512
JW_002216,Img 002449,jewellery,data/catalogue/JW_002450.jpg,https://huggingface.co/datasets/sidd707/jewelry-design-dataset/img_002449.jpg,512,512
JW_002217,Img 002450,jewellery,data/catalogue/JW_002451.jpg,https://huggingface.co/datasets/sidd707/jewelry-design-dataset/img_002450.jpg,512,512
JW_002218,Img 002451,jewellery,data/catalogue/JW_002452.jpg,https://huggingface.co/datasets/sidd707/jewelry-design-dataset/img_002451.jpg,512,512
JW_002219,Img 002452,jewellery,data/catalogue/JW_002453.jpg,https://huggingface.co/datasets/sidd707/jewelry-design-dataset/img_002452.jpg,512,512
JW_002220,Img 002453,jewellery,data/catalogue/JW_002454.jpg,https://huggingface.co/datasets/sidd707/jewelry-design-dataset/img_002453.jpg,512,512
JW_002221,Img 002454,jewellery,data/catalogue/JW_002455.jpg,https://huggingface.co/datasets/sidd707/jewelry-design-dataset/img_002454.jpg,512,512
JW_002222,Img 002455,jewellery,data/catalogue/JW_002456.jpg,https://huggingface.co/datasets/sidd707/jewelry-design-dataset/img_002455.jpg,512,512
JW_002223,Img 002456,jewellery,data/catalogue/JW_002457.jpg,https://huggingface.co/datasets/sidd707/jewelry-design-dataset/img_002456.jpg,512,512
JW_002224,Img 002457,jewellery,data/catalogue/JW_002458.jpg,https://huggingface.co/datasets/sidd707/jewelry-design-dataset/img_002457.jpg,512,512
JW_002225,Img 002458,jewellery,data/catalogue/JW_002459.jpg,https://huggingface.co/datasets/sidd707/jewelry-design-dataset/img_002458.jpg,512,512
JW_002226,Img 002459,jewellery,data/catalogue/JW_002460.jpg,https://huggingface.co/datasets/sidd707/jewelry-design-dataset/img_002459.jpg,512,512
JW_002227,Img 002460,jewellery,data/catalogue/JW_002461.jpg,https://huggingface.co/datasets/sidd707/jewelry-design-dataset/img_002460.jpg,512,512
JW_002228,Img 002461,jewellery,data/catalogue/JW_002462.jpg,https://huggingface.co/datasets/sidd707/jewelry-design-dataset/img_002461.jpg,512,512
JW_002229,Img 002462,jewellery,data/catalogue/JW_002463.jpg,https://huggingface.co/datasets/sidd707/jewelry-design-dataset/img_002462.jpg,512,512
JW_002230,Img 002463,jewellery,data/catalogue/JW_002464.jpg,https://huggingface.co/datasets/sidd707/jewelry-design-dataset/img_002463.jpg,512,512
JW_002231,Img 002464,jewellery,data/catalogue/JW_002465.jpg,https://huggingface.co/datasets/sidd707/jewelry-design-dataset/img_002464.jpg,512,512
JW_002232,Img 002465,jewellery,data/catalogue/JW_002466.jpg,https://huggingface.co/datasets/sidd707/jewelry-design-dataset/img_002465.jpg,512,512
JW_002233,Img 002466,jewellery,data/catalogue/JW_002467.jpg,https://huggingface.co/datasets/sidd707/jewelry-design-dataset/img_002466.jpg,512,512
JW_002234,Img 002467,jewellery,data/catalogue/JW_002468.jpg,https://huggingface.co/datasets/sidd707/jewelry-design-dataset/img_002467.jpg,512,512
JW_002235,Img 002468,jewellery,data/catalogue/JW_002469.jpg,https://huggingface.co/datasets/sidd707/jewelry-design-dataset/img_002468.jpg,512,512
JW_002236,Img 002469,jewellery,data/catalogue/JW_002470.jpg,https://huggingface.co/datasets/sidd707/jewelry-design-dataset/img_002469.jpg,512,512
JW_002237,Img 002470,jewellery,data/catalogue/JW_002471.jpg,https://huggingface.co/datasets/sidd707/jewelry-design-dataset/img_002470.jpg,512,512
JW_002238,Img 002471,jewellery,data/catalogue/JW_002472.jpg,https://huggingface.co/datasets/sidd707/jewelry-design-dataset/img_002471.jpg,512,512
JW_002239,Img 002472,jewellery,data/catalogue/JW_002473.jpg,https://huggingface.co/datasets/sidd707/jewelry-design-dataset/img_002472.jpg,512,512
JW_002240,Img 002473,jewellery,data/catalogue/JW_002474.jpg,https://huggingface.co/datasets/sidd707/jewelry-design-dataset/img_002473.jpg,512,512
JW_002241,Img 002475,jewellery,data/catalogue/JW_002476.jpg,https://huggingface.co/datasets/sidd707/jewelry-design-dataset/img_002475.jpg,512,512
JW_002242,Img 002476,jewellery,data/catalogue/JW_002477.jpg,https://huggingface.co/datasets/sidd707/jewelry-design-dataset/img_002476.jpg,512,512
JW_002243,Img 002477,jewellery,data/catalogue/JW_002478.jpg,https://huggingface.co/datasets/sidd707/jewelry-design-dataset/img_002477.jpg,512,512
JW_002244,Img 002478,jewellery,data/catalogue/JW_002479.jpg,https://huggingface.co/datasets/sidd707/jewelry-design-dataset/img_002478.jpg,512,512
JW_002245,Img 002479,jewellery,data/catalogue/JW_002480.jpg,https://huggingface.co/datasets/sidd707/jewelry-design-dataset/img_002479.jpg,512,512
JW_002246,Img 002480,jewellery,data/catalogue/JW_002481.jpg,https://huggingface.co/datasets/sidd707/jewelry-design-dataset/img_002480.jpg,512,512
JW_002247,Img 002481,jewellery,data/catalogue/JW_002482.jpg,https://huggingface.co/datasets/sidd707/jewelry-design-dataset/img_002481.jpg,512,512
JW_002248,Img 002482,jewellery,data/catalogue/JW_002483.jpg,https://huggingface.co/datasets/sidd707/jewelry-design-dataset/img_002482.jpg,512,512
JW_002249,Img 002483,jewellery,data/catalogue/JW_002484.jpg,https://huggingface.co/datasets/sidd707/jewelry-design-dataset/img_002483.jpg,512,512
JW_002250,Img 002484,jewellery,data/catalogue/JW_002485.jpg,https://huggingface.co/datasets/sidd707/jewelry-design-dataset/img_002484.jpg,512,512
JW_002251,Img 002485,jewellery,data/catalogue/JW_002486.jpg,https://huggingface.co/datasets/sidd707/jewelry-design-dataset/img_002485.jpg,512,512
JW_002252,Img 002486,jewellery,data/catalogue/JW_002487.jpg,https://huggingface.co/datasets/sidd707/jewelry-design-dataset/img_002486.jpg,512,512
JW_002253,Img 002487,jewellery,data/catalogue/JW_002488.jpg,https://huggingface.co/datasets/sidd707/jewelry-design-dataset/img_002487.jpg,512,512
JW_002254,Img 002488,jewellery,data/catalogue/JW_002489.jpg,https://huggingface.co/datasets/sidd707/jewelry-design-dataset/img_002488.jpg,512,512
JW_002255,Img 002489,jewellery,data/catalogue/JW_002490.jpg,https://huggingface.co/datasets/sidd707/jewelry-design-dataset/img_002489.jpg,512,512
JW_002256,Img 002490,jewellery,data/catalogue/JW_002491.jpg,https://huggingface.co/datasets/sidd707/jewelry-design-dataset/img_002490.jpg,512,512
JW_002257,Img 002491,jewellery,data/catalogue/JW_002492.jpg,https://huggingface.co/datasets/sidd707/jewelry-design-dataset/img_002491.jpg,512,512
JW_002258,Img 002492,jewellery,data/catalogue/JW_002493.jpg,https://huggingface.co/datasets/sidd707/jewelry-design-dataset/img_002492.jpg,512,512
JW_002259,Img 002493,jewellery,data/catalogue/JW_002494.jpg,https://huggingface.co/datasets/sidd707/jewelry-design-dataset/img_002493.jpg,512,512
JW_002260,Img 002494,jewellery,data/catalogue/JW_002495.jpg,https://huggingface.co/datasets/sidd707/jewelry-design-dataset/img_002494.jpg,512,512
JW_002261,Img 002495,jewellery,data/catalogue/JW_002496.jpg,https://huggingface.co/datasets/sidd707/jewelry-design-dataset/img_002495.jpg,512,512
JW_002262,Img 002496,jewellery,data/catalogue/JW_002497.jpg,https://huggingface.co/datasets/sidd707/jewelry-design-dataset/img_002496.jpg,512,512
JW_002263,Img 002497,jewellery,data/catalogue/JW_002498.jpg,https://huggingface.co/datasets/sidd707/jewelry-design-dataset/img_002497.jpg,512,512
JW_002264,Img 002498,jewellery,data/catalogue/JW_002499.jpg,https://huggingface.co/datasets/sidd707/jewelry-design-dataset/img_002498.jpg,512,512
JW_002265,Img 002499,jewellery,data/catalogue/JW_002500.jpg,https://huggingface.co/datasets/sidd707/jewelry-design-dataset/img_002499.jpg,512,512
JW_002266,Img 002500,jewellery,data/catalogue/JW_002501.jpg,https://huggingface.co/datasets/sidd707/jewelry-design-dataset/img_002500.jpg,512,512
JW_002267,Img 002501,jewellery,data/catalogue/JW_002502.jpg,https://huggingface.co/datasets/sidd707/jewelry-design-dataset/img_002501.jpg,512,512
JW_002268,Img 002502,jewellery,data/catalogue/JW_002503.jpg,https://huggingface.co/datasets/sidd707/jewelry-design-dataset/img_002502.jpg,512,512
JW_002269,Img 002503,jewellery,data/catalogue/JW_002504.jpg,https://huggingface.co/datasets/sidd707/jewelry-design-dataset/img_002503.jpg,512,512
JW_002270,Img 002504,jewellery,data/catalogue/JW_002505.jpg,https://huggingface.co/datasets/sidd707/jewelry-design-dataset/img_002504.jpg,512,512
JW_002271,Img 002506,jewellery,data/catalogue/JW_002507.jpg,https://huggingface.co/datasets/sidd707/jewelry-design-dataset/img_002506.jpg,512,512
JW_002272,Img 002507,jewellery,data/catalogue/JW_002508.jpg,https://huggingface.co/datasets/sidd707/jewelry-design-dataset/img_002507.jpg,512,512
JW_002273,Img 002508,jewellery,data/catalogue/JW_002509.jpg,https://huggingface.co/datasets/sidd707/jewelry-design-dataset/img_002508.jpg,512,512
JW_002274,Img 002509,jewellery,data/catalogue/JW_002510.jpg,https://huggingface.co/datasets/sidd707/jewelry-design-dataset/img_002509.jpg,512,512
JW_002275,Img 002510,jewellery,data/catalogue/JW_002511.jpg,https://huggingface.co/datasets/sidd707/jewelry-design-dataset/img_002510.jpg,512,512
JW_002276,Img 002511,jewellery,data/catalogue/JW_002512.jpg,https://huggingface.co/datasets/sidd707/jewelry-design-dataset/img_002511.jpg,512,512
JW_002277,Img 002512,jewellery,data/catalogue/JW_002513.jpg,https://huggingface.co/datasets/sidd707/jewelry-design-dataset/img_002512.jpg,512,512
JW_002278,Img 002513,jewellery,data/catalogue/JW_002514.jpg,https://huggingface.co/datasets/sidd707/jewelry-design-dataset/img_002513.jpg,512,512
JW_002279,Img 002514,jewellery,data/catalogue/JW_002515.jpg,https://huggingface.co/datasets/sidd707/jewelry-design-dataset/img_002514.jpg,512,512
JW_002280,Img 002515,jewellery,data/catalogue/JW_002516.jpg,https://huggingface.co/datasets/sidd707/jewelry-design-dataset/img_002515.jpg,512,512
JW_002281,Img 002516,jewellery,data/catalogue/JW_002517.jpg,https://huggingface.co/datasets/sidd707/jewelry-design-dataset/img_002516.jpg,512,512
JW_002282,Img 002517,jewellery,data/catalogue/JW_002518.jpg,https://huggingface.co/datasets/sidd707/jewelry-design-dataset/img_002517.jpg,512,512
JW_002283,Img 002518,jewellery,data/catalogue/JW_002519.jpg,https://huggingface.co/datasets/sidd707/jewelry-design-dataset/img_002518.jpg,512,512
JW_002284,Img 002519,jewellery,data/catalogue/JW_002520.jpg,https://huggingface.co/datasets/sidd707/jewelry-design-dataset/img_002519.jpg,512,512
JW_002285,Img 002520,jewellery,data/catalogue/JW_002521.jpg,https://huggingface.co/datasets/sidd707/jewelry-design-dataset/img_002520.jpg,512,512
JW_002286,Img 002521,jewellery,data/catalogue/JW_002522.jpg,https://huggingface.co/datasets/sidd707/jewelry-design-dataset/img_002521.jpg,512,512
JW_002287,Img 002522,jewellery,data/catalogue/JW_002523.jpg,https://huggingface.co/datasets/sidd707/jewelry-design-dataset/img_002522.jpg,512,512
JW_002288,Img 002523,jewellery,data/catalogue/JW_002524.jpg,https://huggingface.co/datasets/sidd707/jewelry-design-dataset/img_002523.jpg,512,512
JW_002289,Img 002524,jewellery,data/catalogue/JW_002525.jpg,https://huggingface.co/datasets/sidd707/jewelry-design-dataset/img_002524.jpg,512,512
JW_002290,Img 002525,jewellery,data/catalogue/JW_002526.jpg,https://huggingface.co/datasets/sidd707/jewelry-design-dataset/img_002525.jpg,512,512
JW_002291,Img 002526,jewellery,data/catalogue/JW_002527.jpg,https://huggingface.co/datasets/sidd707/jewelry-design-dataset/img_002526.jpg,512,512
JW_002292,Img 002527,jewellery,data/catalogue/JW_002528.jpg,https://huggingface.co/datasets/sidd707/jewelry-design-dataset/img_002527.jpg,512,512
JW_002293,Img 002528,jewellery,data/catalogue/JW_002529.jpg,https://huggingface.co/datasets/sidd707/jewelry-design-dataset/img_002528.jpg,512,512
JW_002294,Img 002530,jewellery,data/catalogue/JW_002531.jpg,https://huggingface.co/datasets/sidd707/jewelry-design-dataset/img_002530.jpg,512,512
JW_002295,Img 002531,jewellery,data/catalogue/JW_002532.jpg,https://huggingface.co/datasets/sidd707/jewelry-design-dataset/img_002531.jpg,512,512
JW_002296,Img 002532,jewellery,data/catalogue/JW_002533.jpg,https://huggingface.co/datasets/sidd707/jewelry-design-dataset/img_002532.jpg,512,512
JW_002297,Img 002533,jewellery,data/catalogue/JW_002534.jpg,https://huggingface.co/datasets/sidd707/jewelry-design-dataset/img_002533.jpg,512,512
JW_002298,Img 002534,jewellery,data/catalogue/JW_002535.jpg,https://huggingface.co/datasets/sidd707/jewelry-design-dataset/img_002534.jpg,512,512
JW_002299,Img 002535,jewellery,data/catalogue/JW_002536.jpg,https://huggingface.co/datasets/sidd707/jewelry-design-dataset/img_002535.jpg,512,512
JW_002300,Img 002536,jewellery,data/catalogue/JW_002537.jpg,https://huggingface.co/datasets/sidd707/jewelry-design-dataset/img_002536.jpg,512,512
JW_002301,Img 002537,jewellery,data/catalogue/JW_002538.jpg,https://huggingface.co/datasets/sidd707/jewelry-design-dataset/img_002537.jpg,512,512
JW_002302,Img 002538,jewellery,data/catalogue/JW_002539.jpg,https://huggingface.co/datasets/sidd707/jewelry-design-dataset/img_002538.jpg,512,512
JW_002303,Img 002539,jewellery,data/catalogue/JW_002540.jpg,https://huggingface.co/datasets/sidd707/jewelry-design-dataset/img_002539.jpg,512,512
JW_002304,Img 002540,jewellery,data/catalogue/JW_002541.jpg,https://huggingface.co/datasets/sidd707/jewelry-design-dataset/img_002540.jpg,512,512
JW_002305,Img 002541,jewellery,data/catalogue/JW_002542.jpg,https://huggingface.co/datasets/sidd707/jewelry-design-dataset/img_002541.jpg,512,512
JW_002306,Img 002542,jewellery,data/catalogue/JW_002543.jpg,https://huggingface.co/datasets/sidd707/jewelry-design-dataset/img_002542.jpg,512,512
JW_002307,Img 002543,jewellery,data/catalogue/JW_002544.jpg,https://huggingface.co/datasets/sidd707/jewelry-design-dataset/img_002543.jpg,512,512
JW_002308,Img 002544,jewellery,data/catalogue/JW_002545.jpg,https://huggingface.co/datasets/sidd707/jewelry-design-dataset/img_002544.jpg,512,512
JW_002309,Img 002545,jewellery,data/catalogue/JW_002546.jpg,https://huggingface.co/datasets/sidd707/jewelry-design-dataset/img_002545.jpg,512,512
JW_002310,Img 002546,jewellery,data/catalogue/JW_002547.jpg,https://huggingface.co/datasets/sidd707/jewelry-design-dataset/img_002546.jpg,512,512
JW_002311,Img 002547,jewellery,data/catalogue/JW_002548.jpg,https://huggingface.co/datasets/sidd707/jewelry-design-dataset/img_002547.jpg,512,512
JW_002312,Img 002548,jewellery,data/catalogue/JW_002549.jpg,https://huggingface.co/datasets/sidd707/jewelry-design-dataset/img_002548.jpg,512,512
JW_002313,Img 002549,jewellery,data/catalogue/JW_002550.jpg,https://huggingface.co/datasets/sidd707/jewelry-design-dataset/img_002549.jpg,512,512
JW_002314,Img 002550,jewellery,data/catalogue/JW_002551.jpg,https://huggingface.co/datasets/sidd707/jewelry-design-dataset/img_002550.jpg,512,512
JW_002315,Img 002551,jewellery,data/catalogue/JW_002552.jpg,https://huggingface.co/datasets/sidd707/jewelry-design-dataset/img_002551.jpg,512,512
JW_002316,Img 002552,jewellery,data/catalogue/JW_002553.jpg,https://huggingface.co/datasets/sidd707/jewelry-design-dataset/img_002552.jpg,512,512
JW_002317,Img 002553,jewellery,data/catalogue/JW_002554.jpg,https://huggingface.co/datasets/sidd707/jewelry-design-dataset/img_002553.jpg,512,512
JW_002318,Img 002554,jewellery,data/catalogue/JW_002555.jpg,https://huggingface.co/datasets/sidd707/jewelry-design-dataset/img_002554.jpg,512,512
JW_002319,Img 002555,jewellery,data/catalogue/JW_002556.jpg,https://huggingface.co/datasets/sidd707/jewelry-design-dataset/img_002555.jpg,512,512
JW_002320,Img 002556,jewellery,data/catalogue/JW_002557.jpg,https://huggingface.co/datasets/sidd707/jewelry-design-dataset/img_002556.jpg,512,512
JW_002321,Img 002557,jewellery,data/catalogue/JW_002558.jpg,https://huggingface.co/datasets/sidd707/jewelry-design-dataset/img_002557.jpg,512,512
JW_002322,Img 002558,jewellery,data/catalogue/JW_002559.jpg,https://huggingface.co/datasets/sidd707/jewelry-design-dataset/img_002558.jpg,512,512
JW_002323,Img 002559,jewellery,data/catalogue/JW_002560.jpg,https://huggingface.co/datasets/sidd707/jewelry-design-dataset/img_002559.jpg,512,512
JW_002324,Img 002560,jewellery,data/catalogue/JW_002561.jpg,https://huggingface.co/datasets/sidd707/jewelry-design-dataset/img_002560.jpg,512,512
JW_002325,Img 002561,jewellery,data/catalogue/JW_002562.jpg,https://huggingface.co/datasets/sidd707/jewelry-design-dataset/img_002561.jpg,512,512
JW_002326,Img 002562,jewellery,data/catalogue/JW_002563.jpg,https://huggingface.co/datasets/sidd707/jewelry-design-dataset/img_002562.jpg,512,512
JW_002327,Img 002563,jewellery,data/catalogue/JW_002564.jpg,https://huggingface.co/datasets/sidd707/jewelry-design-dataset/img_002563.jpg,512,512
JW_002328,Img 002564,jewellery,data/catalogue/JW_002565.jpg,https://huggingface.co/datasets/sidd707/jewelry-design-dataset/img_002564.jpg,512,512
JW_002329,Img 002565,jewellery,data/catalogue/JW_002566.jpg,https://huggingface.co/datasets/sidd707/jewelry-design-dataset/img_002565.jpg,512,512
JW_002330,Img 002566,jewellery,data/catalogue/JW_002567.jpg,https://huggingface.co/datasets/sidd707/jewelry-design-dataset/img_002566.jpg,512,512
JW_002331,Img 002568,jewellery,data/catalogue/JW_002569.jpg,https://huggingface.co/datasets/sidd707/jewelry-design-dataset/img_002568.jpg,512,512
JW_002332,Img 002569,jewellery,data/catalogue/JW_002570.jpg,https://huggingface.co/datasets/sidd707/jewelry-design-dataset/img_002569.jpg,512,512
JW_002333,Img 002570,jewellery,data/catalogue/JW_002571.jpg,https://huggingface.co/datasets/sidd707/jewelry-design-dataset/img_002570.jpg,512,512
JW_002334,Img 002571,jewellery,data/catalogue/JW_002572.jpg,https://huggingface.co/datasets/sidd707/jewelry-design-dataset/img_002571.jpg,512,512
JW_002335,Img 002572,jewellery,data/catalogue/JW_002573.jpg,https://huggingface.co/datasets/sidd707/jewelry-design-dataset/img_002572.jpg,512,512
JW_002336,Img 002573,jewellery,data/catalogue/JW_002574.jpg,https://huggingface.co/datasets/sidd707/jewelry-design-dataset/img_002573.jpg,512,512
JW_002337,Img 002574,jewellery,data/catalogue/JW_002575.jpg,https://huggingface.co/datasets/sidd707/jewelry-design-dataset/img_002574.jpg,512,512
JW_002338,Img 002575,jewellery,data/catalogue/JW_002576.jpg,https://huggingface.co/datasets/sidd707/jewelry-design-dataset/img_002575.jpg,512,512
JW_002339,Img 002576,jewellery,data/catalogue/JW_002577.jpg,https://huggingface.co/datasets/sidd707/jewelry-design-dataset/img_002576.jpg,512,512
JW_002340,Img 002577,jewellery,data/catalogue/JW_002578.jpg,https://huggingface.co/datasets/sidd707/jewelry-design-dataset/img_002577.jpg,512,512
JW_002341,Img 002578,jewellery,data/catalogue/JW_002579.jpg,https://huggingface.co/datasets/sidd707/jewelry-design-dataset/img_002578.jpg,512,512
JW_002342,Img 002579,jewellery,data/catalogue/JW_002580.jpg,https://huggingface.co/datasets/sidd707/jewelry-design-dataset/img_002579.jpg,512,512
JW_002343,Img 002580,jewellery,data/catalogue/JW_002581.jpg,https://huggingface.co/datasets/sidd707/jewelry-design-dataset/img_002580.jpg,512,512
JW_002344,Img 002582,jewellery,data/catalogue/JW_002583.jpg,https://huggingface.co/datasets/sidd707/jewelry-design-dataset/img_002582.jpg,512,512
JW_002345,Img 002583,jewellery,data/catalogue/JW_002584.jpg,https://huggingface.co/datasets/sidd707/jewelry-design-dataset/img_002583.jpg,512,512
JW_002346,Img 002584,jewellery,data/catalogue/JW_002585.jpg,https://huggingface.co/datasets/sidd707/jewelry-design-dataset/img_002584.jpg,512,512
JW_002347,Img 002585,jewellery,data/catalogue/JW_002586.jpg,https://huggingface.co/datasets/sidd707/jewelry-design-dataset/img_002585.jpg,512,512
JW_002348,Img 002586,jewellery,data/catalogue/JW_002587.jpg,https://huggingface.co/datasets/sidd707/jewelry-design-dataset/img_002586.jpg,512,512
JW_002349,Img 002587,jewellery,data/catalogue/JW_002588.jpg,https://huggingface.co/datasets/sidd707/jewelry-design-dataset/img_002587.jpg,512,512
JW_002350,Img 002588,jewellery,data/catalogue/JW_002589.jpg,https://huggingface.co/datasets/sidd707/jewelry-design-dataset/img_002588.jpg,512,512
JW_002351,Img 002589,jewellery,data/catalogue/JW_002590.jpg,https://huggingface.co/datasets/sidd707/jewelry-design-dataset/img_002589.jpg,512,512
JW_002352,Img 002590,jewellery,data/catalogue/JW_002591.jpg,https://huggingface.co/datasets/sidd707/jewelry-design-dataset/img_002590.jpg,512,512
JW_002353,Img 002591,jewellery,data/catalogue/JW_002592.jpg,https://huggingface.co/datasets/sidd707/jewelry-design-dataset/img_002591.jpg,512,512
JW_002354,Img 002592,jewellery,data/catalogue/JW_002593.jpg,https://huggingface.co/datasets/sidd707/jewelry-design-dataset/img_002592.jpg,512,512
JW_002355,Img 002593,jewellery,data/catalogue/JW_002594.jpg,https://huggingface.co/datasets/sidd707/jewelry-design-dataset/img_002593.jpg,512,512
JW_002356,Img 002594,jewellery,data/catalogue/JW_002595.jpg,https://huggingface.co/datasets/sidd707/jewelry-design-dataset/img_002594.jpg,512,512
JW_002357,Img 002595,jewellery,data/catalogue/JW_002596.jpg,https://huggingface.co/datasets/sidd707/jewelry-design-dataset/img_002595.jpg,512,512
JW_002358,Img 002596,jewellery,data/catalogue/JW_002597.jpg,https://huggingface.co/datasets/sidd707/jewelry-design-dataset/img_002596.jpg,512,512
JW_002359,Img 002597,jewellery,data/catalogue/JW_002598.jpg,https://huggingface.co/datasets/sidd707/jewelry-design-dataset/img_002597.jpg,512,512
JW_002360,Img 002598,jewellery,data/catalogue/JW_002599.jpg,https://huggingface.co/datasets/sidd707/jewelry-design-dataset/img_002598.jpg,512,512
JW_002361,Img 002599,jewellery,data/catalogue/JW_002600.jpg,https://huggingface.co/datasets/sidd707/jewelry-design-dataset/img_002599.jpg,512,512
JW_002362,Img 002600,jewellery,data/catalogue/JW_002601.jpg,https://huggingface.co/datasets/sidd707/jewelry-design-dataset/img_002600.jpg,512,512
JW_002363,Img 002601,jewellery,data/catalogue/JW_002602.jpg,https://huggingface.co/datasets/sidd707/jewelry-design-dataset/img_002601.jpg,512,512
JW_002364,Img 002602,jewellery,data/catalogue/JW_002603.jpg,https://huggingface.co/datasets/sidd707/jewelry-design-dataset/img_002602.jpg,512,512
JW_002365,Img 002603,jewellery,data/catalogue/JW_002604.jpg,https://huggingface.co/datasets/sidd707/jewelry-design-dataset/img_002603.jpg,512,512
JW_002366,Img 002604,jewellery,data/catalogue/JW_002605.jpg,https://huggingface.co/datasets/sidd707/jewelry-design-dataset/img_002604.jpg,512,512
JW_002367,Img 002605,jewellery,data/catalogue/JW_002606.jpg,https://huggingface.co/datasets/sidd707/jewelry-design-dataset/img_002605.jpg,512,512
JW_002368,Img 002606,jewellery,data/catalogue/JW_002607.jpg,https://huggingface.co/datasets/sidd707/jewelry-design-dataset/img_002606.jpg,512,512
JW_002369,Img 002607,jewellery,data/catalogue/JW_002608.jpg,https://huggingface.co/datasets/sidd707/jewelry-design-dataset/img_002607.jpg,512,512
JW_002370,Img 002608,jewellery,data/catalogue/JW_002609.jpg,https://huggingface.co/datasets/sidd707/jewelry-design-dataset/img_002608.jpg,512,512
JW_002371,Img 002609,jewellery,data/catalogue/JW_002610.jpg,https://huggingface.co/datasets/sidd707/jewelry-design-dataset/img_002609.jpg,512,512
JW_002372,Img 002610,jewellery,data/catalogue/JW_002611.jpg,https://huggingface.co/datasets/sidd707/jewelry-design-dataset/img_002610.jpg,512,512
JW_002373,Img 002612,jewellery,data/catalogue/JW_002613.jpg,https://huggingface.co/datasets/sidd707/jewelry-design-dataset/img_002612.jpg,512,512
JW_002374,Img 002613,jewellery,data/catalogue/JW_002614.jpg,https://huggingface.co/datasets/sidd707/jewelry-design-dataset/img_002613.jpg,512,512
JW_002375,Img 002614,jewellery,data/catalogue/JW_002615.jpg,https://huggingface.co/datasets/sidd707/jewelry-design-dataset/img_002614.jpg,512,512
JW_002376,Img 002615,jewellery,data/catalogue/JW_002616.jpg,https://huggingface.co/datasets/sidd707/jewelry-design-dataset/img_002615.jpg,512,512
JW_002377,Img 002616,jewellery,data/catalogue/JW_002617.jpg,https://huggingface.co/datasets/sidd707/jewelry-design-dataset/img_002616.jpg,512,512
JW_002378,Img 002617,jewellery,data/catalogue/JW_002618.jpg,https://huggingface.co/datasets/sidd707/jewelry-design-dataset/img_002617.jpg,512,512
JW_002379,Img 002618,jewellery,data/catalogue/JW_002619.jpg,https://huggingface.co/datasets/sidd707/jewelry-design-dataset/img_002618.jpg,512,512
JW_002380,Img 002619,jewellery,data/catalogue/JW_002620.jpg,https://huggingface.co/datasets/sidd707/jewelry-design-dataset/img_002619.jpg,512,512
JW_002381,Img 002620,jewellery,data/catalogue/JW_002621.jpg,https://huggingface.co/datasets/sidd707/jewelry-design-dataset/img_002620.jpg,512,512
JW_002382,Img 002621,jewellery,data/catalogue/JW_002622.jpg,https://huggingface.co/datasets/sidd707/jewelry-design-dataset/img_002621.jpg,512,512
JW_002383,Img 002622,jewellery,data/catalogue/JW_002623.jpg,https://huggingface.co/datasets/sidd707/jewelry-design-dataset/img_002622.jpg,512,512
JW_002384,Img 002623,jewellery,data/catalogue/JW_002624.jpg,https://huggingface.co/datasets/sidd707/jewelry-design-dataset/img_002623.jpg,512,512
JW_002385,Img 002624,jewellery,data/catalogue/JW_002625.jpg,https://huggingface.co/datasets/sidd707/jewelry-design-dataset/img_002624.jpg,512,512
JW_002386,Img 002625,jewellery,data/catalogue/JW_002626.jpg,https://huggingface.co/datasets/sidd707/jewelry-design-dataset/img_002625.jpg,512,512
JW_002387,Img 002626,jewellery,data/catalogue/JW_002627.jpg,https://huggingface.co/datasets/sidd707/jewelry-design-dataset/img_002626.jpg,512,512
JW_002388,Img 002627,jewellery,data/catalogue/JW_002628.jpg,https://huggingface.co/datasets/sidd707/jewelry-design-dataset/img_002627.jpg,512,512
JW_002389,Img 002628,jewellery,data/catalogue/JW_002629.jpg,https://huggingface.co/datasets/sidd707/jewelry-design-dataset/img_002628.jpg,512,512
JW_002390,Img 002629,jewellery,data/catalogue/JW_002630.jpg,https://huggingface.co/datasets/sidd707/jewelry-design-dataset/img_002629.jpg,512,512
JW_002391,Img 002630,jewellery,data/catalogue/JW_002631.jpg,https://huggingface.co/datasets/sidd707/jewelry-design-dataset/img_002630.jpg,512,512
JW_002392,Img 002631,jewellery,data/catalogue/JW_002632.jpg,https://huggingface.co/datasets/sidd707/jewelry-design-dataset/img_002631.jpg,512,512
JW_002393,Img 002632,jewellery,data/catalogue/JW_002633.jpg,https://huggingface.co/datasets/sidd707/jewelry-design-dataset/img_002632.jpg,512,512
JW_002394,Img 002633,jewellery,data/catalogue/JW_002634.jpg,https://huggingface.co/datasets/sidd707/jewelry-design-dataset/img_002633.jpg,512,512
JW_002395,Img 002634,jewellery,data/catalogue/JW_002635.jpg,https://huggingface.co/datasets/sidd707/jewelry-design-dataset/img_002634.jpg,512,512
JW_002396,Img 002635,jewellery,data/catalogue/JW_002636.jpg,https://huggingface.co/datasets/sidd707/jewelry-design-dataset/img_002635.jpg,512,512
JW_002397,Img 002636,jewellery,data/catalogue/JW_002637.jpg,https://huggingface.co/datasets/sidd707/jewelry-design-dataset/img_002636.jpg,512,512
JW_002398,Img 002637,jewellery,data/catalogue/JW_002638.jpg,https://huggingface.co/datasets/sidd707/jewelry-design-dataset/img_002637.jpg,512,512
JW_002399,Img 002638,jewellery,data/catalogue/JW_002639.jpg,https://huggingface.co/datasets/sidd707/jewelry-design-dataset/img_002638.jpg,512,512
JW_002400,Img 002639,jewellery,data/catalogue/JW_002640.jpg,https://huggingface.co/datasets/sidd707/jewelry-design-dataset/img_002639.jpg,512,512
JW_002401,Img 002640,jewellery,data/catalogue/JW_002641.jpg,https://huggingface.co/datasets/sidd707/jewelry-design-dataset/img_002640.jpg,512,512
JW_002402,Img 002641,jewellery,data/catalogue/JW_002642.jpg,https://huggingface.co/datasets/sidd707/jewelry-design-dataset/img_002641.jpg,512,512
JW_002403,Img 002642,jewellery,data/catalogue/JW_002643.jpg,https://huggingface.co/datasets/sidd707/jewelry-design-dataset/img_002642.jpg,512,512
JW_002404,Img 002643,jewellery,data/catalogue/JW_002644.jpg,https://huggingface.co/datasets/sidd707/jewelry-design-dataset/img_002643.jpg,512,512
JW_002405,Img 002644,jewellery,data/catalogue/JW_002645.jpg,https://huggingface.co/datasets/sidd707/jewelry-design-dataset/img_002644.jpg,512,512
JW_002406,Img 002645,jewellery,data/catalogue/JW_002646.jpg,https://huggingface.co/datasets/sidd707/jewelry-design-dataset/img_002645.jpg,512,512
JW_002407,Img 002646,jewellery,data/catalogue/JW_002647.jpg,https://huggingface.co/datasets/sidd707/jewelry-design-dataset/img_002646.jpg,512,512
JW_002408,Img 002647,jewellery,data/catalogue/JW_002648.jpg,https://huggingface.co/datasets/sidd707/jewelry-design-dataset/img_002647.jpg,512,512
JW_002409,Img 002648,jewellery,data/catalogue/JW_002649.jpg,https://huggingface.co/datasets/sidd707/jewelry-design-dataset/img_002648.jpg,512,512
JW_002410,Img 002649,jewellery,data/catalogue/JW_002650.jpg,https://huggingface.co/datasets/sidd707/jewelry-design-dataset/img_002649.jpg,512,512
JW_002411,Img 002650,jewellery,data/catalogue/JW_002651.jpg,https://huggingface.co/datasets/sidd707/jewelry-design-dataset/img_002650.jpg,512,512
JW_002412,Img 002651,jewellery,data/catalogue/JW_002652.jpg,https://huggingface.co/datasets/sidd707/jewelry-design-dataset/img_002651.jpg,512,512
JW_002413,Img 002652,jewellery,data/catalogue/JW_002653.jpg,https://huggingface.co/datasets/sidd707/jewelry-design-dataset/img_002652.jpg,512,512
JW_002414,Img 002653,jewellery,data/catalogue/JW_002654.jpg,https://huggingface.co/datasets/sidd707/jewelry-design-dataset/img_002653.jpg,512,512
JW_002415,Img 002654,jewellery,data/catalogue/JW_002655.jpg,https://huggingface.co/datasets/sidd707/jewelry-design-dataset/img_002654.jpg,512,512
JW_002416,Img 002655,jewellery,data/catalogue/JW_002656.jpg,https://huggingface.co/datasets/sidd707/jewelry-design-dataset/img_002655.jpg,512,512
JW_002417,Img 002656,jewellery,data/catalogue/JW_002657.jpg,https://huggingface.co/datasets/sidd707/jewelry-design-dataset/img_002656.jpg,512,512
JW_002418,Img 002657,jewellery,data/catalogue/JW_002658.jpg,https://huggingface.co/datasets/sidd707/jewelry-design-dataset/img_002657.jpg,512,512
JW_002419,Img 002658,jewellery,data/catalogue/JW_002659.jpg,https://huggingface.co/datasets/sidd707/jewelry-design-dataset/img_002658.jpg,512,512
JW_002420,Img 002659,jewellery,data/catalogue/JW_002660.jpg,https://huggingface.co/datasets/sidd707/jewelry-design-dataset/img_002659.jpg,512,512
JW_002421,Img 002660,jewellery,data/catalogue/JW_002661.jpg,https://huggingface.co/datasets/sidd707/jewelry-design-dataset/img_002660.jpg,512,512
JW_002422,Img 002661,jewellery,data/catalogue/JW_002662.jpg,https://huggingface.co/datasets/sidd707/jewelry-design-dataset/img_002661.jpg,512,512
JW_002423,Img 002662,jewellery,data/catalogue/JW_002663.jpg,https://huggingface.co/datasets/sidd707/jewelry-design-dataset/img_002662.jpg,512,512
JW_002424,Img 002663,jewellery,data/catalogue/JW_002664.jpg,https://huggingface.co/datasets/sidd707/jewelry-design-dataset/img_002663.jpg,512,512
JW_002425,Img 002664,jewellery,data/catalogue/JW_002665.jpg,https://huggingface.co/datasets/sidd707/jewelry-design-dataset/img_002664.jpg,512,512
JW_002426,Img 002665,jewellery,data/catalogue/JW_002666.jpg,https://huggingface.co/datasets/sidd707/jewelry-design-dataset/img_002665.jpg,512,512
JW_002427,Img 002666,jewellery,data/catalogue/JW_002667.jpg,https://huggingface.co/datasets/sidd707/jewelry-design-dataset/img_002666.jpg,512,512
JW_002428,Img 002667,jewellery,data/catalogue/JW_002668.jpg,https://huggingface.co/datasets/sidd707/jewelry-design-dataset/img_002667.jpg,512,512
JW_002429,Img 002668,jewellery,data/catalogue/JW_002669.jpg,https://huggingface.co/datasets/sidd707/jewelry-design-dataset/img_002668.jpg,512,512
JW_002430,Img 002670,jewellery,data/catalogue/JW_002671.jpg,https://huggingface.co/datasets/sidd707/jewelry-design-dataset/img_002670.jpg,512,512
JW_002431,Img 002671,jewellery,data/catalogue/JW_002672.jpg,https://huggingface.co/datasets/sidd707/jewelry-design-dataset/img_002671.jpg,512,512
JW_002432,Img 002672,jewellery,data/catalogue/JW_002673.jpg,https://huggingface.co/datasets/sidd707/jewelry-design-dataset/img_002672.jpg,512,512
JW_002433,Img 002673,jewellery,data/catalogue/JW_002674.jpg,https://huggingface.co/datasets/sidd707/jewelry-design-dataset/img_002673.jpg,512,512
JW_002434,Img 002674,jewellery,data/catalogue/JW_002675.jpg,https://huggingface.co/datasets/sidd707/jewelry-design-dataset/img_002674.jpg,512,512
JW_002435,Img 002675,jewellery,data/catalogue/JW_002676.jpg,https://huggingface.co/datasets/sidd707/jewelry-design-dataset/img_002675.jpg,512,512
JW_002436,Img 002676,jewellery,data/catalogue/JW_002677.jpg,https://huggingface.co/datasets/sidd707/jewelry-design-dataset/img_002676.jpg,512,512
JW_002437,Img 002678,jewellery,data/catalogue/JW_002679.jpg,https://huggingface.co/datasets/sidd707/jewelry-design-dataset/img_002678.jpg,512,512
JW_002438,Img 002680,jewellery,data/catalogue/JW_002681.jpg,https://huggingface.co/datasets/sidd707/jewelry-design-dataset/img_002680.jpg,512,512
JW_002439,Img 002681,jewellery,data/catalogue/JW_002682.jpg,https://huggingface.co/datasets/sidd707/jewelry-design-dataset/img_002681.jpg,512,512
JW_002440,Img 002682,jewellery,data/catalogue/JW_002683.jpg,https://huggingface.co/datasets/sidd707/jewelry-design-dataset/img_002682.jpg,512,512
JW_002441,Img 002683,jewellery,data/catalogue/JW_002684.jpg,https://huggingface.co/datasets/sidd707/jewelry-design-dataset/img_002683.jpg,512,512
JW_002442,Img 002684,jewellery,data/catalogue/JW_002685.jpg,https://huggingface.co/datasets/sidd707/jewelry-design-dataset/img_002684.jpg,512,512
JW_002443,Img 002685,jewellery,data/catalogue/JW_002686.jpg,https://huggingface.co/datasets/sidd707/jewelry-design-dataset/img_002685.jpg,512,512
JW_002444,Img 002686,jewellery,data/catalogue/JW_002687.jpg,https://huggingface.co/datasets/sidd707/jewelry-design-dataset/img_002686.jpg,512,512
JW_002445,Img 002687,jewellery,data/catalogue/JW_002688.jpg,https://huggingface.co/datasets/sidd707/jewelry-design-dataset/img_002687.jpg,512,512
JW_002446,Img 002688,jewellery,data/catalogue/JW_002689.jpg,https://huggingface.co/datasets/sidd707/jewelry-design-dataset/img_002688.jpg,512,512
JW_002447,Img 002689,jewellery,data/catalogue/JW_002690.jpg,https://huggingface.co/datasets/sidd707/jewelry-design-dataset/img_002689.jpg,512,512
JW_002448,Img 002690,jewellery,data/catalogue/JW_002691.jpg,https://huggingface.co/datasets/sidd707/jewelry-design-dataset/img_002690.jpg,512,512
JW_002449,Img 002691,jewellery,data/catalogue/JW_002692.jpg,https://huggingface.co/datasets/sidd707/jewelry-design-dataset/img_002691.jpg,512,512
JW_002450,Img 002692,jewellery,data/catalogue/JW_002693.jpg,https://huggingface.co/datasets/sidd707/jewelry-design-dataset/img_002692.jpg,512,512
JW_002451,Img 002693,jewellery,data/catalogue/JW_002694.jpg,https://huggingface.co/datasets/sidd707/jewelry-design-dataset/img_002693.jpg,512,512
JW_002452,Img 002694,jewellery,data/catalogue/JW_002695.jpg,https://huggingface.co/datasets/sidd707/jewelry-design-dataset/img_002694.jpg,512,512
JW_002453,Img 002695,jewellery,data/catalogue/JW_002696.jpg,https://huggingface.co/datasets/sidd707/jewelry-design-dataset/img_002695.jpg,512,512
JW_002454,Img 002696,jewellery,data/catalogue/JW_002697.jpg,https://huggingface.co/datasets/sidd707/jewelry-design-dataset/img_002696.jpg,512,512
JW_002455,Img 002697,jewellery,data/catalogue/JW_002698.jpg,https://huggingface.co/datasets/sidd707/jewelry-design-dataset/img_002697.jpg,512,512
JW_002456,Img 002698,jewellery,data/catalogue/JW_002699.jpg,https://huggingface.co/datasets/sidd707/jewelry-design-dataset/img_002698.jpg,512,512
JW_002457,Img 002699,jewellery,data/catalogue/JW_002700.jpg,https://huggingface.co/datasets/sidd707/jewelry-design-dataset/img_002699.jpg,512,512
JW_002458,Img 002700,jewellery,data/catalogue/JW_002701.jpg,https://huggingface.co/datasets/sidd707/jewelry-design-dataset/img_002700.jpg,512,512
JW_002459,Img 002701,jewellery,data/catalogue/JW_002702.jpg,https://huggingface.co/datasets/sidd707/jewelry-design-dataset/img_002701.jpg,512,512
JW_002460,Img 002702,jewellery,data/catalogue/JW_002703.jpg,https://huggingface.co/datasets/sidd707/jewelry-design-dataset/img_002702.jpg,512,512
JW_002461,Img 002703,jewellery,data/catalogue/JW_002704.jpg,https://huggingface.co/datasets/sidd707/jewelry-design-dataset/img_002703.jpg,512,512
JW_002462,Img 002704,jewellery,data/catalogue/JW_002705.jpg,https://huggingface.co/datasets/sidd707/jewelry-design-dataset/img_002704.jpg,512,512
JW_002463,Img 002706,jewellery,data/catalogue/JW_002707.jpg,https://huggingface.co/datasets/sidd707/jewelry-design-dataset/img_002706.jpg,512,512
JW_002464,Img 002707,jewellery,data/catalogue/JW_002708.jpg,https://huggingface.co/datasets/sidd707/jewelry-design-dataset/img_002707.jpg,512,512
JW_002465,Img 002708,jewellery,data/catalogue/JW_002709.jpg,https://huggingface.co/datasets/sidd707/jewelry-design-dataset/img_002708.jpg,512,512
JW_002466,Img 002709,jewellery,data/catalogue/JW_002710.jpg,https://huggingface.co/datasets/sidd707/jewelry-design-dataset/img_002709.jpg,512,512
JW_002467,Img 002710,jewellery,data/catalogue/JW_002711.jpg,https://huggingface.co/datasets/sidd707/jewelry-design-dataset/img_002710.jpg,512,512
JW_002468,Img 002711,jewellery,data/catalogue/JW_002712.jpg,https://huggingface.co/datasets/sidd707/jewelry-design-dataset/img_002711.jpg,512,512
JW_002469,Img 002712,jewellery,data/catalogue/JW_002713.jpg,https://huggingface.co/datasets/sidd707/jewelry-design-dataset/img_002712.jpg,512,512
JW_002470,Img 002713,jewellery,data/catalogue/JW_002714.jpg,https://huggingface.co/datasets/sidd707/jewelry-design-dataset/img_002713.jpg,512,512
JW_002471,Img 002714,jewellery,data/catalogue/JW_002715.jpg,https://huggingface.co/datasets/sidd707/jewelry-design-dataset/img_002714.jpg,512,512
JW_002472,Img 002715,jewellery,data/catalogue/JW_002716.jpg,https://huggingface.co/datasets/sidd707/jewelry-design-dataset/img_002715.jpg,512,512
JW_002473,Img 002716,jewellery,data/catalogue/JW_002717.jpg,https://huggingface.co/datasets/sidd707/jewelry-design-dataset/img_002716.jpg,512,512
JW_002474,Img 002717,jewellery,data/catalogue/JW_002718.jpg,https://huggingface.co/datasets/sidd707/jewelry-design-dataset/img_002717.jpg,512,512
JW_002475,Img 002718,jewellery,data/catalogue/JW_002719.jpg,https://huggingface.co/datasets/sidd707/jewelry-design-dataset/img_002718.jpg,512,512
JW_002476,Img 002719,jewellery,data/catalogue/JW_002720.jpg,https://huggingface.co/datasets/sidd707/jewelry-design-dataset/img_002719.jpg,512,512
JW_002477,Img 002720,jewellery,data/catalogue/JW_002721.jpg,https://huggingface.co/datasets/sidd707/jewelry-design-dataset/img_002720.jpg,512,512
JW_002478,Img 002721,jewellery,data/catalogue/JW_002722.jpg,https://huggingface.co/datasets/sidd707/jewelry-design-dataset/img_002721.jpg,512,512
JW_002479,Img 002722,jewellery,data/catalogue/JW_002723.jpg,https://huggingface.co/datasets/sidd707/jewelry-design-dataset/img_002722.jpg,512,512
JW_002480,Img 002723,jewellery,data/catalogue/JW_002724.jpg,https://huggingface.co/datasets/sidd707/jewelry-design-dataset/img_002723.jpg,512,512
JW_002481,Img 002724,jewellery,data/catalogue/JW_002725.jpg,https://huggingface.co/datasets/sidd707/jewelry-design-dataset/img_002724.jpg,512,512
JW_002482,Img 002725,jewellery,data/catalogue/JW_002726.jpg,https://huggingface.co/datasets/sidd707/jewelry-design-dataset/img_002725.jpg,512,512
JW_002483,Img 002726,jewellery,data/catalogue/JW_002727.jpg,https://huggingface.co/datasets/sidd707/jewelry-design-dataset/img_002726.jpg,512,512
JW_002484,Img 002727,jewellery,data/catalogue/JW_002728.jpg,https://huggingface.co/datasets/sidd707/jewelry-design-dataset/img_002727.jpg,512,512
JW_002485,Img 002728,jewellery,data/catalogue/JW_002729.jpg,https://huggingface.co/datasets/sidd707/jewelry-design-dataset/img_002728.jpg,512,512
JW_002486,Img 002729,jewellery,data/catalogue/JW_002730.jpg,https://huggingface.co/datasets/sidd707/jewelry-design-dataset/img_002729.jpg,512,512
JW_002487,Img 002730,jewellery,data/catalogue/JW_002731.jpg,https://huggingface.co/datasets/sidd707/jewelry-design-dataset/img_002730.jpg,512,512
JW_002488,Img 002731,jewellery,data/catalogue/JW_002732.jpg,https://huggingface.co/datasets/sidd707/jewelry-design-dataset/img_002731.jpg,512,512
JW_002489,Img 002732,jewellery,data/catalogue/JW_002733.jpg,https://huggingface.co/datasets/sidd707/jewelry-design-dataset/img_002732.jpg,512,512
JW_002490,Img 002733,jewellery,data/catalogue/JW_002734.jpg,https://huggingface.co/datasets/sidd707/jewelry-design-dataset/img_002733.jpg,512,512
JW_002491,Img 002734,jewellery,data/catalogue/JW_002735.jpg,https://huggingface.co/datasets/sidd707/jewelry-design-dataset/img_002734.jpg,512,512
JW_002492,Img 002736,jewellery,data/catalogue/JW_002737.jpg,https://huggingface.co/datasets/sidd707/jewelry-design-dataset/img_002736.jpg,512,512
JW_002493,Img 002737,jewellery,data/catalogue/JW_002738.jpg,https://huggingface.co/datasets/sidd707/jewelry-design-dataset/img_002737.jpg,512,512
JW_002494,Img 002738,jewellery,data/catalogue/JW_002739.jpg,https://huggingface.co/datasets/sidd707/jewelry-design-dataset/img_002738.jpg,512,512
JW_002495,Img 002739,jewellery,data/catalogue/JW_002740.jpg,https://huggingface.co/datasets/sidd707/jewelry-design-dataset/img_002739.jpg,512,512
JW_002496,Img 002740,jewellery,data/catalogue/JW_002741.jpg,https://huggingface.co/datasets/sidd707/jewelry-design-dataset/img_002740.jpg,512,512
JW_002497,Img 002741,jewellery,data/catalogue/JW_002742.jpg,https://huggingface.co/datasets/sidd707/jewelry-design-dataset/img_002741.jpg,512,512
JW_002498,Img 002742,jewellery,data/catalogue/JW_002743.jpg,https://huggingface.co/datasets/sidd707/jewelry-design-dataset/img_002742.jpg,512,512
JW_002499,Img 002743,jewellery,data/catalogue/JW_002744.jpg,https://huggingface.co/datasets/sidd707/jewelry-design-dataset/img_002743.jpg,512,512
JW_002500,Img 002744,jewellery,data/catalogue/JW_002745.jpg,https://huggingface.co/datasets/sidd707/jewelry-design-dataset/img_002744.jpg,512,512
JW_002501,Img 002745,jewellery,data/catalogue/JW_002746.jpg,https://huggingface.co/datasets/sidd707/jewelry-design-dataset/img_002745.jpg,512,512
JW_002502,Img 002746,jewellery,data/catalogue/JW_002747.jpg,https://huggingface.co/datasets/sidd707/jewelry-design-dataset/img_002746.jpg,512,512
JW_002503,Img 002747,jewellery,data/catalogue/JW_002748.jpg,https://huggingface.co/datasets/sidd707/jewelry-design-dataset/img_002747.jpg,512,512
JW_002504,Img 002748,jewellery,data/catalogue/JW_002749.jpg,https://huggingface.co/datasets/sidd707/jewelry-design-dataset/img_002748.jpg,512,512
JW_002505,Img 002749,jewellery,data/catalogue/JW_002750.jpg,https://huggingface.co/datasets/sidd707/jewelry-design-dataset/img_002749.jpg,512,512
JW_002506,Img 002750,jewellery,data/catalogue/JW_002751.jpg,https://huggingface.co/datasets/sidd707/jewelry-design-dataset/img_002750.jpg,512,512
JW_002507,Img 002752,jewellery,data/catalogue/JW_002753.jpg,https://huggingface.co/datasets/sidd707/jewelry-design-dataset/img_002752.jpg,512,512
JW_002508,Img 002753,jewellery,data/catalogue/JW_002754.jpg,https://huggingface.co/datasets/sidd707/jewelry-design-dataset/img_002753.jpg,512,512
JW_002509,Img 002754,jewellery,data/catalogue/JW_002755.jpg,https://huggingface.co/datasets/sidd707/jewelry-design-dataset/img_002754.jpg,512,512
JW_002510,Img 002756,jewellery,data/catalogue/JW_002757.jpg,https://huggingface.co/datasets/sidd707/jewelry-design-dataset/img_002756.jpg,512,512
JW_002511,Img 002757,jewellery,data/catalogue/JW_002758.jpg,https://huggingface.co/datasets/sidd707/jewelry-design-dataset/img_002757.jpg,512,512
JW_002512,Img 002758,jewellery,data/catalogue/JW_002759.jpg,https://huggingface.co/datasets/sidd707/jewelry-design-dataset/img_002758.jpg,512,512
JW_002513,Img 002759,jewellery,data/catalogue/JW_002760.jpg,https://huggingface.co/datasets/sidd707/jewelry-design-dataset/img_002759.jpg,512,512
JW_002514,Img 002760,jewellery,data/catalogue/JW_002761.jpg,https://huggingface.co/datasets/sidd707/jewelry-design-dataset/img_002760.jpg,512,512
JW_002515,Img 002761,jewellery,data/catalogue/JW_002762.jpg,https://huggingface.co/datasets/sidd707/jewelry-design-dataset/img_002761.jpg,512,512
JW_002516,Img 002762,jewellery,data/catalogue/JW_002763.jpg,https://huggingface.co/datasets/sidd707/jewelry-design-dataset/img_002762.jpg,512,512
JW_002517,Img 002763,jewellery,data/catalogue/JW_002764.jpg,https://huggingface.co/datasets/sidd707/jewelry-design-dataset/img_002763.jpg,512,512
JW_002518,Img 002764,jewellery,data/catalogue/JW_002765.jpg,https://huggingface.co/datasets/sidd707/jewelry-design-dataset/img_002764.jpg,512,512
JW_002519,Img 002765,jewellery,data/catalogue/JW_002766.jpg,https://huggingface.co/datasets/sidd707/jewelry-design-dataset/img_002765.jpg,512,512
JW_002520,Img 002766,jewellery,data/catalogue/JW_002767.jpg,https://huggingface.co/datasets/sidd707/jewelry-design-dataset/img_002766.jpg,512,512
JW_002521,Img 002767,jewellery,data/catalogue/JW_002768.jpg,https://huggingface.co/datasets/sidd707/jewelry-design-dataset/img_002767.jpg,512,512
JW_002522,Img 002768,jewellery,data/catalogue/JW_002769.jpg,https://huggingface.co/datasets/sidd707/jewelry-design-dataset/img_002768.jpg,512,512
JW_002523,Img 002769,jewellery,data/catalogue/JW_002770.jpg,https://huggingface.co/datasets/sidd707/jewelry-design-dataset/img_002769.jpg,512,512
JW_002524,Img 002770,jewellery,data/catalogue/JW_002771.jpg,https://huggingface.co/datasets/sidd707/jewelry-design-dataset/img_002770.jpg,512,512
JW_002525,Img 002771,jewellery,data/catalogue/JW_002772.jpg,https://huggingface.co/datasets/sidd707/jewelry-design-dataset/img_002771.jpg,512,512
JW_002526,Img 002772,jewellery,data/catalogue/JW_002773.jpg,https://huggingface.co/datasets/sidd707/jewelry-design-dataset/img_002772.jpg,512,512
JW_002527,Img 002773,jewellery,data/catalogue/JW_002774.jpg,https://huggingface.co/datasets/sidd707/jewelry-design-dataset/img_002773.jpg,512,512
JW_002528,Img 002774,jewellery,data/catalogue/JW_002775.jpg,https://huggingface.co/datasets/sidd707/jewelry-design-dataset/img_002774.jpg,512,512
JW_002529,Img 002775,jewellery,data/catalogue/JW_002776.jpg,https://huggingface.co/datasets/sidd707/jewelry-design-dataset/img_002775.jpg,512,512
JW_002530,Img 002776,jewellery,data/catalogue/JW_002777.jpg,https://huggingface.co/datasets/sidd707/jewelry-design-dataset/img_002776.jpg,512,512
JW_002531,Img 002777,jewellery,data/catalogue/JW_002778.jpg,https://huggingface.co/datasets/sidd707/jewelry-design-dataset/img_002777.jpg,512,512
JW_002532,Img 002778,jewellery,data/catalogue/JW_002779.jpg,https://huggingface.co/datasets/sidd707/jewelry-design-dataset/img_002778.jpg,512,512
JW_002533,Img 002779,jewellery,data/catalogue/JW_002780.jpg,https://huggingface.co/datasets/sidd707/jewelry-design-dataset/img_002779.jpg,512,512
JW_002534,Img 002780,jewellery,data/catalogue/JW_002781.jpg,https://huggingface.co/datasets/sidd707/jewelry-design-dataset/img_002780.jpg,512,512
JW_002535,Img 002781,jewellery,data/catalogue/JW_002782.jpg,https://huggingface.co/datasets/sidd707/jewelry-design-dataset/img_002781.jpg,512,512
JW_002536,Img 002782,jewellery,data/catalogue/JW_002783.jpg,https://huggingface.co/datasets/sidd707/jewelry-design-dataset/img_002782.jpg,512,512
JW_002537,Img 002783,jewellery,data/catalogue/JW_002784.jpg,https://huggingface.co/datasets/sidd707/jewelry-design-dataset/img_002783.jpg,512,512
JW_002538,Img 002784,jewellery,data/catalogue/JW_002785.jpg,https://huggingface.co/datasets/sidd707/jewelry-design-dataset/img_002784.jpg,512,512
JW_002539,Img 002785,jewellery,data/catalogue/JW_002786.jpg,https://huggingface.co/datasets/sidd707/jewelry-design-dataset/img_002785.jpg,512,512
JW_002540,Img 002786,jewellery,data/catalogue/JW_002787.jpg,https://huggingface.co/datasets/sidd707/jewelry-design-dataset/img_002786.jpg,512,512
JW_002541,Img 002787,jewellery,data/catalogue/JW_002788.jpg,https://huggingface.co/datasets/sidd707/jewelry-design-dataset/img_002787.jpg,512,512
JW_002542,Img 002788,jewellery,data/catalogue/JW_002789.jpg,https://huggingface.co/datasets/sidd707/jewelry-design-dataset/img_002788.jpg,512,512
JW_002543,Img 002789,jewellery,data/catalogue/JW_002790.jpg,https://huggingface.co/datasets/sidd707/jewelry-design-dataset/img_002789.jpg,512,512
JW_002544,Img 002790,jewellery,data/catalogue/JW_002791.jpg,https://huggingface.co/datasets/sidd707/jewelry-design-dataset/img_002790.jpg,512,512
JW_002545,Img 002791,jewellery,data/catalogue/JW_002792.jpg,https://huggingface.co/datasets/sidd707/jewelry-design-dataset/img_002791.jpg,512,512
JW_002546,Img 002793,jewellery,data/catalogue/JW_002794.jpg,https://huggingface.co/datasets/sidd707/jewelry-design-dataset/img_002793.jpg,512,512
JW_002547,Img 002794,jewellery,data/catalogue/JW_002795.jpg,https://huggingface.co/datasets/sidd707/jewelry-design-dataset/img_002794.jpg,512,512
JW_002548,Img 002795,jewellery,data/catalogue/JW_002796.jpg,https://huggingface.co/datasets/sidd707/jewelry-design-dataset/img_002795.jpg,512,512
JW_002549,Img 002796,jewellery,data/catalogue/JW_002797.jpg,https://huggingface.co/datasets/sidd707/jewelry-design-dataset/img_002796.jpg,512,512
JW_002550,Img 002797,jewellery,data/catalogue/JW_002798.jpg,https://huggingface.co/datasets/sidd707/jewelry-design-dataset/img_002797.jpg,512,512
JW_002551,Img 002798,jewellery,data/catalogue/JW_002799.jpg,https://huggingface.co/datasets/sidd707/jewelry-design-dataset/img_002798.jpg,512,512
JW_002552,Img 002799,jewellery,data/catalogue/JW_002800.jpg,https://huggingface.co/datasets/sidd707/jewelry-design-dataset/img_002799.jpg,512,512
JW_002553,Img 002800,jewellery,data/catalogue/JW_002801.jpg,https://huggingface.co/datasets/sidd707/jewelry-design-dataset/img_002800.jpg,512,512
JW_002554,Img 002801,jewellery,data/catalogue/JW_002802.jpg,https://huggingface.co/datasets/sidd707/jewelry-design-dataset/img_002801.jpg,512,512
JW_002555,Img 002802,jewellery,data/catalogue/JW_002803.jpg,https://huggingface.co/datasets/sidd707/jewelry-design-dataset/img_002802.jpg,512,512
JW_002556,Img 002803,jewellery,data/catalogue/JW_002804.jpg,https://huggingface.co/datasets/sidd707/jewelry-design-dataset/img_002803.jpg,512,512
JW_002557,Img 002804,jewellery,data/catalogue/JW_002805.jpg,https://huggingface.co/datasets/sidd707/jewelry-design-dataset/img_002804.jpg,512,512
JW_002558,Img 002805,jewellery,data/catalogue/JW_002806.jpg,https://huggingface.co/datasets/sidd707/jewelry-design-dataset/img_002805.jpg,512,512
JW_002559,Img 002806,jewellery,data/catalogue/JW_002807.jpg,https://huggingface.co/datasets/sidd707/jewelry-design-dataset/img_002806.jpg,512,512
JW_002560,Img 002807,jewellery,data/catalogue/JW_002808.jpg,https://huggingface.co/datasets/sidd707/jewelry-design-dataset/img_002807.jpg,512,512
JW_002561,Img 002808,jewellery,data/catalogue/JW_002809.jpg,https://huggingface.co/datasets/sidd707/jewelry-design-dataset/img_002808.jpg,512,512
JW_002562,Img 002809,jewellery,data/catalogue/JW_002810.jpg,https://huggingface.co/datasets/sidd707/jewelry-design-dataset/img_002809.jpg,512,512
JW_002563,Img 002810,jewellery,data/catalogue/JW_002811.jpg,https://huggingface.co/datasets/sidd707/jewelry-design-dataset/img_002810.jpg,512,512
JW_002564,Img 002811,jewellery,data/catalogue/JW_002812.jpg,https://huggingface.co/datasets/sidd707/jewelry-design-dataset/img_002811.jpg,512,512
JW_002565,Img 002812,jewellery,data/catalogue/JW_002813.jpg,https://huggingface.co/datasets/sidd707/jewelry-design-dataset/img_002812.jpg,512,512
JW_002566,Img 002813,jewellery,data/catalogue/JW_002814.jpg,https://huggingface.co/datasets/sidd707/jewelry-design-dataset/img_002813.jpg,512,512
JW_002567,Img 002814,jewellery,data/catalogue/JW_002815.jpg,https://huggingface.co/datasets/sidd707/jewelry-design-dataset/img_002814.jpg,512,512
JW_002568,Img 002815,jewellery,data/catalogue/JW_002816.jpg,https://huggingface.co/datasets/sidd707/jewelry-design-dataset/img_002815.jpg,512,512
JW_002569,Img 002816,jewellery,data/catalogue/JW_002817.jpg,https://huggingface.co/datasets/sidd707/jewelry-design-dataset/img_002816.jpg,512,512
JW_002570,Img 002817,jewellery,data/catalogue/JW_002818.jpg,https://huggingface.co/datasets/sidd707/jewelry-design-dataset/img_002817.jpg,512,512
JW_002571,Img 002818,jewellery,data/catalogue/JW_002819.jpg,https://huggingface.co/datasets/sidd707/jewelry-design-dataset/img_002818.jpg,512,512
JW_002572,Img 002819,jewellery,data/catalogue/JW_002820.jpg,https://huggingface.co/datasets/sidd707/jewelry-design-dataset/img_002819.jpg,512,512
JW_002573,Img 002820,jewellery,data/catalogue/JW_002821.jpg,https://huggingface.co/datasets/sidd707/jewelry-design-dataset/img_002820.jpg,512,512
JW_002574,Img 002821,jewellery,data/catalogue/JW_002822.jpg,https://huggingface.co/datasets/sidd707/jewelry-design-dataset/img_002821.jpg,512,512
JW_002575,Img 002822,jewellery,data/catalogue/JW_002823.jpg,https://huggingface.co/datasets/sidd707/jewelry-design-dataset/img_002822.jpg,512,512
JW_002576,Img 002823,jewellery,data/catalogue/JW_002824.jpg,https://huggingface.co/datasets/sidd707/jewelry-design-dataset/img_002823.jpg,512,512
JW_002577,Img 002824,jewellery,data/catalogue/JW_002825.jpg,https://huggingface.co/datasets/sidd707/jewelry-design-dataset/img_002824.jpg,512,512
JW_002578,Img 002825,jewellery,data/catalogue/JW_002826.jpg,https://huggingface.co/datasets/sidd707/jewelry-design-dataset/img_002825.jpg,512,512
JW_002579,Img 002826,jewellery,data/catalogue/JW_002827.jpg,https://huggingface.co/datasets/sidd707/jewelry-design-dataset/img_002826.jpg,512,512
JW_002580,Img 002827,jewellery,data/catalogue/JW_002828.jpg,https://huggingface.co/datasets/sidd707/jewelry-design-dataset/img_002827.jpg,512,512
JW_002581,Img 002828,jewellery,data/catalogue/JW_002829.jpg,https://huggingface.co/datasets/sidd707/jewelry-design-dataset/img_002828.jpg,512,512
JW_002582,Img 002829,jewellery,data/catalogue/JW_002830.jpg,https://huggingface.co/datasets/sidd707/jewelry-design-dataset/img_002829.jpg,512,512
JW_002583,Img 002830,jewellery,data/catalogue/JW_002831.jpg,https://huggingface.co/datasets/sidd707/jewelry-design-dataset/img_002830.jpg,512,512
JW_002584,Img 002831,jewellery,data/catalogue/JW_002832.jpg,https://huggingface.co/datasets/sidd707/jewelry-design-dataset/img_002831.jpg,512,512
JW_002585,Img 002832,jewellery,data/catalogue/JW_002833.jpg,https://huggingface.co/datasets/sidd707/jewelry-design-dataset/img_002832.jpg,512,512
JW_002586,Img 002833,jewellery,data/catalogue/JW_002834.jpg,https://huggingface.co/datasets/sidd707/jewelry-design-dataset/img_002833.jpg,512,512
JW_002587,Img 002834,jewellery,data/catalogue/JW_002835.jpg,https://huggingface.co/datasets/sidd707/jewelry-design-dataset/img_002834.jpg,512,512
JW_002588,Img 002835,jewellery,data/catalogue/JW_002836.jpg,https://huggingface.co/datasets/sidd707/jewelry-design-dataset/img_002835.jpg,512,512
JW_002589,Img 002836,jewellery,data/catalogue/JW_002837.jpg,https://huggingface.co/datasets/sidd707/jewelry-design-dataset/img_002836.jpg,512,512
JW_002590,Img 002837,jewellery,data/catalogue/JW_002838.jpg,https://huggingface.co/datasets/sidd707/jewelry-design-dataset/img_002837.jpg,512,512
JW_002591,Img 002838,jewellery,data/catalogue/JW_002839.jpg,https://huggingface.co/datasets/sidd707/jewelry-design-dataset/img_002838.jpg,512,512
JW_002592,Img 002839,jewellery,data/catalogue/JW_002840.jpg,https://huggingface.co/datasets/sidd707/jewelry-design-dataset/img_002839.jpg,512,512
JW_002593,Img 002840,jewellery,data/catalogue/JW_002841.jpg,https://huggingface.co/datasets/sidd707/jewelry-design-dataset/img_002840.jpg,512,512
JW_002594,Img 002841,jewellery,data/catalogue/JW_002842.jpg,https://huggingface.co/datasets/sidd707/jewelry-design-dataset/img_002841.jpg,512,512
JW_002595,Img 002842,jewellery,data/catalogue/JW_002843.jpg,https://huggingface.co/datasets/sidd707/jewelry-design-dataset/img_002842.jpg,512,512
JW_002596,Img 002843,jewellery,data/catalogue/JW_002844.jpg,https://huggingface.co/datasets/sidd707/jewelry-design-dataset/img_002843.jpg,512,512
JW_002597,Img 002845,jewellery,data/catalogue/JW_002846.jpg,https://huggingface.co/datasets/sidd707/jewelry-design-dataset/img_002845.jpg,512,512
JW_002598,Img 002846,jewellery,data/catalogue/JW_002847.jpg,https://huggingface.co/datasets/sidd707/jewelry-design-dataset/img_002846.jpg,512,512
JW_002599,Img 002847,jewellery,data/catalogue/JW_002848.jpg,https://huggingface.co/datasets/sidd707/jewelry-design-dataset/img_002847.jpg,512,512
JW_002600,Img 002848,jewellery,data/catalogue/JW_002849.jpg,https://huggingface.co/datasets/sidd707/jewelry-design-dataset/img_002848.jpg,512,512
JW_002601,Img 002849,jewellery,data/catalogue/JW_002850.jpg,https://huggingface.co/datasets/sidd707/jewelry-design-dataset/img_002849.jpg,512,512
JW_002602,Img 002850,jewellery,data/catalogue/JW_002851.jpg,https://huggingface.co/datasets/sidd707/jewelry-design-dataset/img_002850.jpg,512,512
JW_002603,Img 002851,jewellery,data/catalogue/JW_002852.jpg,https://huggingface.co/datasets/sidd707/jewelry-design-dataset/img_002851.jpg,512,512
JW_002604,Img 002852,jewellery,data/catalogue/JW_002853.jpg,https://huggingface.co/datasets/sidd707/jewelry-design-dataset/img_002852.jpg,512,512
JW_002605,Img 002853,jewellery,data/catalogue/JW_002854.jpg,https://huggingface.co/datasets/sidd707/jewelry-design-dataset/img_002853.jpg,512,512
JW_002606,Img 002854,jewellery,data/catalogue/JW_002855.jpg,https://huggingface.co/datasets/sidd707/jewelry-design-dataset/img_002854.jpg,512,512
JW_002607,Img 002855,jewellery,data/catalogue/JW_002856.jpg,https://huggingface.co/datasets/sidd707/jewelry-design-dataset/img_002855.jpg,512,512
JW_002608,Img 002856,jewellery,data/catalogue/JW_002857.jpg,https://huggingface.co/datasets/sidd707/jewelry-design-dataset/img_002856.jpg,512,512
JW_002609,Img 002857,jewellery,data/catalogue/JW_002858.jpg,https://huggingface.co/datasets/sidd707/jewelry-design-dataset/img_002857.jpg,512,512
JW_002610,Img 002858,jewellery,data/catalogue/JW_002859.jpg,https://huggingface.co/datasets/sidd707/jewelry-design-dataset/img_002858.jpg,512,512
JW_002611,Img 002859,jewellery,data/catalogue/JW_002860.jpg,https://huggingface.co/datasets/sidd707/jewelry-design-dataset/img_002859.jpg,512,512
JW_002612,Img 002860,jewellery,data/catalogue/JW_002861.jpg,https://huggingface.co/datasets/sidd707/jewelry-design-dataset/img_002860.jpg,512,512
JW_002613,Img 002861,jewellery,data/catalogue/JW_002862.jpg,https://huggingface.co/datasets/sidd707/jewelry-design-dataset/img_002861.jpg,512,512
JW_002614,Img 002862,jewellery,data/catalogue/JW_002863.jpg,https://huggingface.co/datasets/sidd707/jewelry-design-dataset/img_002862.jpg,512,512
JW_002615,Img 002863,jewellery,data/catalogue/JW_002864.jpg,https://huggingface.co/datasets/sidd707/jewelry-design-dataset/img_002863.jpg,512,512
JW_002616,Img 002864,jewellery,data/catalogue/JW_002865.jpg,https://huggingface.co/datasets/sidd707/jewelry-design-dataset/img_002864.jpg,512,512
JW_002617,Img 002865,jewellery,data/catalogue/JW_002866.jpg,https://huggingface.co/datasets/sidd707/jewelry-design-dataset/img_002865.jpg,512,512
JW_002618,Img 002866,jewellery,data/catalogue/JW_002867.jpg,https://huggingface.co/datasets/sidd707/jewelry-design-dataset/img_002866.jpg,512,512
JW_002619,Img 002867,jewellery,data/catalogue/JW_002868.jpg,https://huggingface.co/datasets/sidd707/jewelry-design-dataset/img_002867.jpg,512,512
JW_002620,Img 002868,jewellery,data/catalogue/JW_002869.jpg,https://huggingface.co/datasets/sidd707/jewelry-design-dataset/img_002868.jpg,512,512
JW_002621,Img 002869,jewellery,data/catalogue/JW_002870.jpg,https://huggingface.co/datasets/sidd707/jewelry-design-dataset/img_002869.jpg,512,512
JW_002622,Img 002870,jewellery,data/catalogue/JW_002871.jpg,https://huggingface.co/datasets/sidd707/jewelry-design-dataset/img_002870.jpg,512,512
JW_002623,Img 002871,jewellery,data/catalogue/JW_002872.jpg,https://huggingface.co/datasets/sidd707/jewelry-design-dataset/img_002871.jpg,512,512
JW_002624,Img 002872,jewellery,data/catalogue/JW_002873.jpg,https://huggingface.co/datasets/sidd707/jewelry-design-dataset/img_002872.jpg,512,512
JW_002625,Img 002873,jewellery,data/catalogue/JW_002874.jpg,https://huggingface.co/datasets/sidd707/jewelry-design-dataset/img_002873.jpg,512,512
JW_002626,Img 002874,jewellery,data/catalogue/JW_002875.jpg,https://huggingface.co/datasets/sidd707/jewelry-design-dataset/img_002874.jpg,512,512
JW_002627,Img 002875,jewellery,data/catalogue/JW_002876.jpg,https://huggingface.co/datasets/sidd707/jewelry-design-dataset/img_002875.jpg,512,512
JW_002628,Img 002876,jewellery,data/catalogue/JW_002877.jpg,https://huggingface.co/datasets/sidd707/jewelry-design-dataset/img_002876.jpg,512,512
JW_002629,Img 002877,jewellery,data/catalogue/JW_002878.jpg,https://huggingface.co/datasets/sidd707/jewelry-design-dataset/img_002877.jpg,512,512
JW_002630,Img 002878,jewellery,data/catalogue/JW_002879.jpg,https://huggingface.co/datasets/sidd707/jewelry-design-dataset/img_002878.jpg,512,512
JW_002631,Img 002879,jewellery,data/catalogue/JW_002880.jpg,https://huggingface.co/datasets/sidd707/jewelry-design-dataset/img_002879.jpg,512,512
JW_002632,Img 002880,jewellery,data/catalogue/JW_002881.jpg,https://huggingface.co/datasets/sidd707/jewelry-design-dataset/img_002880.jpg,512,512
JW_002633,Img 002881,jewellery,data/catalogue/JW_002882.jpg,https://huggingface.co/datasets/sidd707/jewelry-design-dataset/img_002881.jpg,512,512
JW_002634,Img 002882,jewellery,data/catalogue/JW_002883.jpg,https://huggingface.co/datasets/sidd707/jewelry-design-dataset/img_002882.jpg,512,512
JW_002635,Img 002883,jewellery,data/catalogue/JW_002884.jpg,https://huggingface.co/datasets/sidd707/jewelry-design-dataset/img_002883.jpg,512,512
JW_002636,Img 002884,jewellery,data/catalogue/JW_002885.jpg,https://huggingface.co/datasets/sidd707/jewelry-design-dataset/img_002884.jpg,512,512
JW_002637,Img 002885,jewellery,data/catalogue/JW_002886.jpg,https://huggingface.co/datasets/sidd707/jewelry-design-dataset/img_002885.jpg,512,512
JW_002638,Img 002886,jewellery,data/catalogue/JW_002887.jpg,https://huggingface.co/datasets/sidd707/jewelry-design-dataset/img_002886.jpg,512,512
JW_002639,Img 002887,jewellery,data/catalogue/JW_002888.jpg,https://huggingface.co/datasets/sidd707/jewelry-design-dataset/img_002887.jpg,512,512
JW_002640,Img 002888,jewellery,data/catalogue/JW_002889.jpg,https://huggingface.co/datasets/sidd707/jewelry-design-dataset/img_002888.jpg,512,512
JW_002641,Img 002889,jewellery,data/catalogue/JW_002890.jpg,https://huggingface.co/datasets/sidd707/jewelry-design-dataset/img_002889.jpg,512,512
JW_002642,Img 002890,jewellery,data/catalogue/JW_002891.jpg,https://huggingface.co/datasets/sidd707/jewelry-design-dataset/img_002890.jpg,512,512
JW_002643,Img 002891,jewellery,data/catalogue/JW_002892.jpg,https://huggingface.co/datasets/sidd707/jewelry-design-dataset/img_002891.jpg,512,512
JW_002644,Img 002892,jewellery,data/catalogue/JW_002893.jpg,https://huggingface.co/datasets/sidd707/jewelry-design-dataset/img_002892.jpg,512,512
JW_002645,Img 002893,jewellery,data/catalogue/JW_002894.jpg,https://huggingface.co/datasets/sidd707/jewelry-design-dataset/img_002893.jpg,512,512
JW_002646,Img 002894,jewellery,data/catalogue/JW_002895.jpg,https://huggingface.co/datasets/sidd707/jewelry-design-dataset/img_002894.jpg,512,512
JW_002647,Img 002895,jewellery,data/catalogue/JW_002896.jpg,https://huggingface.co/datasets/sidd707/jewelry-design-dataset/img_002895.jpg,512,512
JW_002648,Img 002896,jewellery,data/catalogue/JW_002897.jpg,https://huggingface.co/datasets/sidd707/jewelry-design-dataset/img_002896.jpg,512,512
JW_002649,Img 002897,jewellery,data/catalogue/JW_002898.jpg,https://huggingface.co/datasets/sidd707/jewelry-design-dataset/img_002897.jpg,512,512
JW_002650,Img 002898,jewellery,data/catalogue/JW_002899.jpg,https://huggingface.co/datasets/sidd707/jewelry-design-dataset/img_002898.jpg,512,512
JW_002651,Img 002899,jewellery,data/catalogue/JW_002900.jpg,https://huggingface.co/datasets/sidd707/jewelry-design-dataset/img_002899.jpg,512,512
JW_002652,Img 002900,jewellery,data/catalogue/JW_002901.jpg,https://huggingface.co/datasets/sidd707/jewelry-design-dataset/img_002900.jpg,512,512
JW_002653,Img 002901,jewellery,data/catalogue/JW_002902.jpg,https://huggingface.co/datasets/sidd707/jewelry-design-dataset/img_002901.jpg,512,512
JW_002654,Img 002902,jewellery,data/catalogue/JW_002903.jpg,https://huggingface.co/datasets/sidd707/jewelry-design-dataset/img_002902.jpg,512,512
JW_002655,Img 002903,jewellery,data/catalogue/JW_002904.jpg,https://huggingface.co/datasets/sidd707/jewelry-design-dataset/img_002903.jpg,512,512
JW_002656,Img 002904,jewellery,data/catalogue/JW_002905.jpg,https://huggingface.co/datasets/sidd707/jewelry-design-dataset/img_002904.jpg,512,512
JW_002657,Img 002905,jewellery,data/catalogue/JW_002906.jpg,https://huggingface.co/datasets/sidd707/jewelry-design-dataset/img_002905.jpg,512,512
JW_002658,Img 002906,jewellery,data/catalogue/JW_002907.jpg,https://huggingface.co/datasets/sidd707/jewelry-design-dataset/img_002906.jpg,512,512
JW_002659,Img 002907,jewellery,data/catalogue/JW_002908.jpg,https://huggingface.co/datasets/sidd707/jewelry-design-dataset/img_002907.jpg,512,512
JW_002660,Img 002908,jewellery,data/catalogue/JW_002909.jpg,https://huggingface.co/datasets/sidd707/jewelry-design-dataset/img_002908.jpg,512,512
JW_002661,Img 002909,jewellery,data/catalogue/JW_002910.jpg,https://huggingface.co/datasets/sidd707/jewelry-design-dataset/img_002909.jpg,512,512
JW_002662,Img 002910,jewellery,data/catalogue/JW_002911.jpg,https://huggingface.co/datasets/sidd707/jewelry-design-dataset/img_002910.jpg,512,512
JW_002663,Img 002911,jewellery,data/catalogue/JW_002912.jpg,https://huggingface.co/datasets/sidd707/jewelry-design-dataset/img_002911.jpg,512,512
JW_002664,Img 002912,jewellery,data/catalogue/JW_002913.jpg,https://huggingface.co/datasets/sidd707/jewelry-design-dataset/img_002912.jpg,512,512
JW_002665,Img 002913,jewellery,data/catalogue/JW_002914.jpg,https://huggingface.co/datasets/sidd707/jewelry-design-dataset/img_002913.jpg,512,512
JW_002666,Img 002914,jewellery,data/catalogue/JW_002915.jpg,https://huggingface.co/datasets/sidd707/jewelry-design-dataset/img_002914.jpg,512,512
JW_002667,Img 002915,jewellery,data/catalogue/JW_002916.jpg,https://huggingface.co/datasets/sidd707/jewelry-design-dataset/img_002915.jpg,512,512
JW_002668,Img 002916,jewellery,data/catalogue/JW_002917.jpg,https://huggingface.co/datasets/sidd707/jewelry-design-dataset/img_002916.jpg,512,512
JW_002669,Img 002917,jewellery,data/catalogue/JW_002918.jpg,https://huggingface.co/datasets/sidd707/jewelry-design-dataset/img_002917.jpg,512,512
JW_002670,Img 002918,jewellery,data/catalogue/JW_002919.jpg,https://huggingface.co/datasets/sidd707/jewelry-design-dataset/img_002918.jpg,512,512
JW_002671,Img 002919,jewellery,data/catalogue/JW_002920.jpg,https://huggingface.co/datasets/sidd707/jewelry-design-dataset/img_002919.jpg,512,512
JW_002672,Img 002920,jewellery,data/catalogue/JW_002921.jpg,https://huggingface.co/datasets/sidd707/jewelry-design-dataset/img_002920.jpg,512,512
JW_002673,Img 002921,jewellery,data/catalogue/JW_002922.jpg,https://huggingface.co/datasets/sidd707/jewelry-design-dataset/img_002921.jpg,512,512
JW_002674,Img 002922,jewellery,data/catalogue/JW_002923.jpg,https://huggingface.co/datasets/sidd707/jewelry-design-dataset/img_002922.jpg,512,512
JW_002675,Img 002923,jewellery,data/catalogue/JW_002924.jpg,https://huggingface.co/datasets/sidd707/jewelry-design-dataset/img_002923.jpg,512,512
JW_002676,Img 002924,jewellery,data/catalogue/JW_002925.jpg,https://huggingface.co/datasets/sidd707/jewelry-design-dataset/img_002924.jpg,512,512
JW_002677,Img 002925,jewellery,data/catalogue/JW_002926.jpg,https://huggingface.co/datasets/sidd707/jewelry-design-dataset/img_002925.jpg,512,512
JW_002678,Img 002926,jewellery,data/catalogue/JW_002927.jpg,https://huggingface.co/datasets/sidd707/jewelry-design-dataset/img_002926.jpg,512,512
JW_002679,Img 002927,jewellery,data/catalogue/JW_002928.jpg,https://huggingface.co/datasets/sidd707/jewelry-design-dataset/img_002927.jpg,512,512
JW_002680,Img 002928,jewellery,data/catalogue/JW_002929.jpg,https://huggingface.co/datasets/sidd707/jewelry-design-dataset/img_002928.jpg,512,512
JW_002681,Img 002929,jewellery,data/catalogue/JW_002930.jpg,https://huggingface.co/datasets/sidd707/jewelry-design-dataset/img_002929.jpg,512,512
JW_002682,Img 002930,jewellery,data/catalogue/JW_002931.jpg,https://huggingface.co/datasets/sidd707/jewelry-design-dataset/img_002930.jpg,512,512
JW_002683,Img 002931,jewellery,data/catalogue/JW_002932.jpg,https://huggingface.co/datasets/sidd707/jewelry-design-dataset/img_002931.jpg,512,512
JW_002684,Img 002932,jewellery,data/catalogue/JW_002933.jpg,https://huggingface.co/datasets/sidd707/jewelry-design-dataset/img_002932.jpg,512,512
JW_002685,Img 002933,jewellery,data/catalogue/JW_002934.jpg,https://huggingface.co/datasets/sidd707/jewelry-design-dataset/img_002933.jpg,512,512
JW_002686,Img 002934,jewellery,data/catalogue/JW_002935.jpg,https://huggingface.co/datasets/sidd707/jewelry-design-dataset/img_002934.jpg,512,512
JW_002687,Img 002935,jewellery,data/catalogue/JW_002936.jpg,https://huggingface.co/datasets/sidd707/jewelry-design-dataset/img_002935.jpg,512,512
JW_002688,Img 002936,jewellery,data/catalogue/JW_002937.jpg,https://huggingface.co/datasets/sidd707/jewelry-design-dataset/img_002936.jpg,512,512
JW_002689,Img 002937,jewellery,data/catalogue/JW_002938.jpg,https://huggingface.co/datasets/sidd707/jewelry-design-dataset/img_002937.jpg,512,512
JW_002690,Img 002938,jewellery,data/catalogue/JW_002939.jpg,https://huggingface.co/datasets/sidd707/jewelry-design-dataset/img_002938.jpg,512,512
JW_002691,Img 002939,jewellery,data/catalogue/JW_002940.jpg,https://huggingface.co/datasets/sidd707/jewelry-design-dataset/img_002939.jpg,512,512
JW_002692,Img 002940,jewellery,data/catalogue/JW_002941.jpg,https://huggingface.co/datasets/sidd707/jewelry-design-dataset/img_002940.jpg,512,512
JW_002693,Img 002941,jewellery,data/catalogue/JW_002942.jpg,https://huggingface.co/datasets/sidd707/jewelry-design-dataset/img_002941.jpg,512,512
JW_002694,Img 002942,jewellery,data/catalogue/JW_002943.jpg,https://huggingface.co/datasets/sidd707/jewelry-design-dataset/img_002942.jpg,512,512
JW_002695,Img 002943,jewellery,data/catalogue/JW_002944.jpg,https://huggingface.co/datasets/sidd707/jewelry-design-dataset/img_002943.jpg,512,512
JW_002696,Img 002944,jewellery,data/catalogue/JW_002945.jpg,https://huggingface.co/datasets/sidd707/jewelry-design-dataset/img_002944.jpg,512,512
JW_002697,Img 002945,jewellery,data/catalogue/JW_002946.jpg,https://huggingface.co/datasets/sidd707/jewelry-design-dataset/img_002945.jpg,512,512
JW_002698,Img 002946,jewellery,data/catalogue/JW_002947.jpg,https://huggingface.co/datasets/sidd707/jewelry-design-dataset/img_002946.jpg,512,512
JW_002699,Img 002947,jewellery,data/catalogue/JW_002948.jpg,https://huggingface.co/datasets/sidd707/jewelry-design-dataset/img_002947.jpg,512,512
JW_002700,Img 002949,jewellery,data/catalogue/JW_002950.jpg,https://huggingface.co/datasets/sidd707/jewelry-design-dataset/img_002949.jpg,512,512
JW_002701,Img 002950,jewellery,data/catalogue/JW_002951.jpg,https://huggingface.co/datasets/sidd707/jewelry-design-dataset/img_002950.jpg,512,512
JW_002702,Img 002952,jewellery,data/catalogue/JW_002953.jpg,https://huggingface.co/datasets/sidd707/jewelry-design-dataset/img_002952.jpg,512,512
JW_002703,Img 002954,jewellery,data/catalogue/JW_002955.jpg,https://huggingface.co/datasets/sidd707/jewelry-design-dataset/img_002954.jpg,512,512
JW_002704,Img 002956,jewellery,data/catalogue/JW_002957.jpg,https://huggingface.co/datasets/sidd707/jewelry-design-dataset/img_002956.jpg,512,512
JW_002705,Img 002961,jewellery,data/catalogue/JW_002962.jpg,https://huggingface.co/datasets/sidd707/jewelry-design-dataset/img_002961.jpg,512,512
JW_002706,Img 002962,jewellery,data/catalogue/JW_002963.jpg,https://huggingface.co/datasets/sidd707/jewelry-design-dataset/img_002962.jpg,512,512
JW_002707,Img 002964,jewellery,data/catalogue/JW_002965.jpg,https://huggingface.co/datasets/sidd707/jewelry-design-dataset/img_002964.jpg,512,512
JW_002708,Img 002965,jewellery,data/catalogue/JW_002966.jpg,https://huggingface.co/datasets/sidd707/jewelry-design-dataset/img_002965.jpg,512,512
JW_002709,Img 002966,jewellery,data/catalogue/JW_002967.jpg,https://huggingface.co/datasets/sidd707/jewelry-design-dataset/img_002966.jpg,512,512
JW_002710,Img 002967,jewellery,data/catalogue/JW_002968.jpg,https://huggingface.co/datasets/sidd707/jewelry-design-dataset/img_002967.jpg,512,512
JW_002711,Img 002970,jewellery,data/catalogue/JW_002971.jpg,https://huggingface.co/datasets/sidd707/jewelry-design-dataset/img_002970.jpg,512,512
JW_002712,Img 002971,jewellery,data/catalogue/JW_002972.jpg,https://huggingface.co/datasets/sidd707/jewelry-design-dataset/img_002971.jpg,512,512
JW_002713,Img 002973,jewellery,data/catalogue/JW_002974.jpg,https://huggingface.co/datasets/sidd707/jewelry-design-dataset/img_002973.jpg,512,512
JW_002714,Img 002974,jewellery,data/catalogue/JW_002975.jpg,https://huggingface.co/datasets/sidd707/jewelry-design-dataset/img_002974.jpg,512,512
JW_002715,Img 002975,jewellery,data/catalogue/JW_002976.jpg,https://huggingface.co/datasets/sidd707/jewelry-design-dataset/img_002975.jpg,512,512
JW_002716,Img 002976,jewellery,data/catalogue/JW_002977.jpg,https://huggingface.co/datasets/sidd707/jewelry-design-dataset/img_002976.jpg,512,512
JW_002717,Img 002977,jewellery,data/catalogue/JW_002978.jpg,https://huggingface.co/datasets/sidd707/jewelry-design-dataset/img_002977.jpg,512,512
JW_002718,Img 002978,jewellery,data/catalogue/JW_002979.jpg,https://huggingface.co/datasets/sidd707/jewelry-design-dataset/img_002978.jpg,512,512
JW_002719,Img 002979,jewellery,data/catalogue/JW_002980.jpg,https://huggingface.co/datasets/sidd707/jewelry-design-dataset/img_002979.jpg,512,512
JW_002720,Img 002981,jewellery,data/catalogue/JW_002982.jpg,https://huggingface.co/datasets/sidd707/jewelry-design-dataset/img_002981.jpg,512,512
JW_002721,Img 002983,jewellery,data/catalogue/JW_002984.jpg,https://huggingface.co/datasets/sidd707/jewelry-design-dataset/img_002983.jpg,512,512
JW_002722,Img 002984,jewellery,data/catalogue/JW_002985.jpg,https://huggingface.co/datasets/sidd707/jewelry-design-dataset/img_002984.jpg,512,512
JW_002723,Img 002985,jewellery,data/catalogue/JW_002986.jpg,https://huggingface.co/datasets/sidd707/jewelry-design-dataset/img_002985.jpg,512,512
JW_002724,Img 002986,jewellery,data/catalogue/JW_002987.jpg,https://huggingface.co/datasets/sidd707/jewelry-design-dataset/img_002986.jpg,512,512
JW_002725,Img 002987,jewellery,data/catalogue/JW_002988.jpg,https://huggingface.co/datasets/sidd707/jewelry-design-dataset/img_002987.jpg,512,512
JW_002726,Img 002988,jewellery,data/catalogue/JW_002989.jpg,https://huggingface.co/datasets/sidd707/jewelry-design-dataset/img_002988.jpg,512,512
JW_002727,Img 002989,jewellery,data/catalogue/JW_002990.jpg,https://huggingface.co/datasets/sidd707/jewelry-design-dataset/img_002989.jpg,512,512
JW_002728,Img 002990,jewellery,data/catalogue/JW_002991.jpg,https://huggingface.co/datasets/sidd707/jewelry-design-dataset/img_002990.jpg,512,512
JW_002729,Img 002991,jewellery,data/catalogue/JW_002992.jpg,https://huggingface.co/datasets/sidd707/jewelry-design-dataset/img_002991.jpg,512,512
JW_002730,Img 002992,jewellery,data/catalogue/JW_002993.jpg,https://huggingface.co/datasets/sidd707/jewelry-design-dataset/img_002992.jpg,512,512
JW_002731,Img 002993,jewellery,data/catalogue/JW_002994.jpg,https://huggingface.co/datasets/sidd707/jewelry-design-dataset/img_002993.jpg,512,512
JW_002732,Img 002994,jewellery,data/catalogue/JW_002995.jpg,https://huggingface.co/datasets/sidd707/jewelry-design-dataset/img_002994.jpg,512,512
JW_002733,Img 002995,jewellery,data/catalogue/JW_002996.jpg,https://huggingface.co/datasets/sidd707/jewelry-design-dataset/img_002995.jpg,512,512
JW_002734,Img 002996,jewellery,data/catalogue/JW_002997.jpg,https://huggingface.co/datasets/sidd707/jewelry-design-dataset/img_002996.jpg,512,512
JW_002735,Img 002997,jewellery,data/catalogue/JW_002998.jpg,https://huggingface.co/datasets/sidd707/jewelry-design-dataset/img_002997.jpg,512,512
JW_002736,Img 002998,jewellery,data/catalogue/JW_002999.jpg,https://huggingface.co/datasets/sidd707/jewelry-design-dataset/img_002998.jpg,512,512
JW_002737,Img 002999,jewellery,data/catalogue/JW_003000.jpg,https://huggingface.co/datasets/sidd707/jewelry-design-dataset/img_002999.jpg,512,512
JW_002738,Img 003000,jewellery,data/catalogue/JW_003001.jpg,https://huggingface.co/datasets/sidd707/jewelry-design-dataset/img_003000.jpg,512,512
JW_002739,Img 003001,jewellery,data/catalogue/JW_003002.jpg,https://huggingface.co/datasets/sidd707/jewelry-design-dataset/img_003001.jpg,512,512
JW_002740,Img 003002,jewellery,data/catalogue/JW_003003.jpg,https://huggingface.co/datasets/sidd707/jewelry-design-dataset/img_003002.jpg,512,512
JW_002741,Img 003003,jewellery,data/catalogue/JW_003004.jpg,https://huggingface.co/datasets/sidd707/jewelry-design-dataset/img_003003.jpg,512,512
JW_002742,Img 003004,jewellery,data/catalogue/JW_003005.jpg,https://huggingface.co/datasets/sidd707/jewelry-design-dataset/img_003004.jpg,512,512
JW_002743,Img 003005,jewellery,data/catalogue/JW_003006.jpg,https://huggingface.co/datasets/sidd707/jewelry-design-dataset/img_003005.jpg,512,512
JW_002744,Img 003006,jewellery,data/catalogue/JW_003007.jpg,https://huggingface.co/datasets/sidd707/jewelry-design-dataset/img_003006.jpg,512,512
JW_002745,Img 003007,jewellery,data/catalogue/JW_003008.jpg,https://huggingface.co/datasets/sidd707/jewelry-design-dataset/img_003007.jpg,512,512
JW_002746,Img 003008,jewellery,data/catalogue/JW_003009.jpg,https://huggingface.co/datasets/sidd707/jewelry-design-dataset/img_003008.jpg,512,512
JW_002747,Img 003009,jewellery,data/catalogue/JW_003010.jpg,https://huggingface.co/datasets/sidd707/jewelry-design-dataset/img_003009.jpg,512,512
JW_002748,Img 003010,jewellery,data/catalogue/JW_003011.jpg,https://huggingface.co/datasets/sidd707/jewelry-design-dataset/img_003010.jpg,512,512
JW_002749,Img 003012,jewellery,data/catalogue/JW_003013.jpg,https://huggingface.co/datasets/sidd707/jewelry-design-dataset/img_003012.jpg,512,512
JW_002750,Img 003013,jewellery,data/catalogue/JW_003014.jpg,https://huggingface.co/datasets/sidd707/jewelry-design-dataset/img_003013.jpg,512,512
JW_002751,Img 003014,jewellery,data/catalogue/JW_003015.jpg,https://huggingface.co/datasets/sidd707/jewelry-design-dataset/img_003014.jpg,512,512
JW_002752,Img 003015,jewellery,data/catalogue/JW_003016.jpg,https://huggingface.co/datasets/sidd707/jewelry-design-dataset/img_003015.jpg,512,512
JW_002753,Img 003016,jewellery,data/catalogue/JW_003017.jpg,https://huggingface.co/datasets/sidd707/jewelry-design-dataset/img_003016.jpg,512,512
JW_002754,Img 003017,jewellery,data/catalogue/JW_003018.jpg,https://huggingface.co/datasets/sidd707/jewelry-design-dataset/img_003017.jpg,512,512
JW_002755,Img 003018,jewellery,data/catalogue/JW_003019.jpg,https://huggingface.co/datasets/sidd707/jewelry-design-dataset/img_003018.jpg,512,512
JW_002756,Img 003019,jewellery,data/catalogue/JW_003020.jpg,https://huggingface.co/datasets/sidd707/jewelry-design-dataset/img_003019.jpg,512,512
JW_002757,Img 003020,jewellery,data/catalogue/JW_003021.jpg,https://huggingface.co/datasets/sidd707/jewelry-design-dataset/img_003020.jpg,512,512
JW_002758,Img 003021,jewellery,data/catalogue/JW_003022.jpg,https://huggingface.co/datasets/sidd707/jewelry-design-dataset/img_003021.jpg,512,512
JW_002759,Img 003022,jewellery,data/catalogue/JW_003023.jpg,https://huggingface.co/datasets/sidd707/jewelry-design-dataset/img_003022.jpg,512,512
JW_002760,Img 003023,jewellery,data/catalogue/JW_003024.jpg,https://huggingface.co/datasets/sidd707/jewelry-design-dataset/img_003023.jpg,512,512
JW_002761,Img 003024,jewellery,data/catalogue/JW_003025.jpg,https://huggingface.co/datasets/sidd707/jewelry-design-dataset/img_003024.jpg,512,512
JW_002762,Img 003025,jewellery,data/catalogue/JW_003026.jpg,https://huggingface.co/datasets/sidd707/jewelry-design-dataset/img_003025.jpg,512,512
JW_002763,Img 003026,jewellery,data/catalogue/JW_003027.jpg,https://huggingface.co/datasets/sidd707/jewelry-design-dataset/img_003026.jpg,512,512
JW_002764,Img 003027,jewellery,data/catalogue/JW_003028.jpg,https://huggingface.co/datasets/sidd707/jewelry-design-dataset/img_003027.jpg,512,512
JW_002765,Img 003028,jewellery,data/catalogue/JW_003029.jpg,https://huggingface.co/datasets/sidd707/jewelry-design-dataset/img_003028.jpg,512,512
JW_002766,Img 003029,jewellery,data/catalogue/JW_003030.jpg,https://huggingface.co/datasets/sidd707/jewelry-design-dataset/img_003029.jpg,512,512
JW_002767,Img 003030,jewellery,data/catalogue/JW_003031.jpg,https://huggingface.co/datasets/sidd707/jewelry-design-dataset/img_003030.jpg,512,512
JW_002768,Img 003031,jewellery,data/catalogue/JW_003032.jpg,https://huggingface.co/datasets/sidd707/jewelry-design-dataset/img_003031.jpg,512,512
JW_002769,Img 003032,jewellery,data/catalogue/JW_003033.jpg,https://huggingface.co/datasets/sidd707/jewelry-design-dataset/img_003032.jpg,512,512
JW_002770,Img 003033,jewellery,data/catalogue/JW_003034.jpg,https://huggingface.co/datasets/sidd707/jewelry-design-dataset/img_003033.jpg,512,512
JW_002771,Img 003034,jewellery,data/catalogue/JW_003035.jpg,https://huggingface.co/datasets/sidd707/jewelry-design-dataset/img_003034.jpg,512,512
JW_002772,Img 003035,jewellery,data/catalogue/JW_003036.jpg,https://huggingface.co/datasets/sidd707/jewelry-design-dataset/img_003035.jpg,512,512
JW_002773,Img 003036,jewellery,data/catalogue/JW_003037.jpg,https://huggingface.co/datasets/sidd707/jewelry-design-dataset/img_003036.jpg,512,512
JW_002774,Img 003037,jewellery,data/catalogue/JW_003038.jpg,https://huggingface.co/datasets/sidd707/jewelry-design-dataset/img_003037.jpg,512,512
JW_002775,Img 003038,jewellery,data/catalogue/JW_003039.jpg,https://huggingface.co/datasets/sidd707/jewelry-design-dataset/img_003038.jpg,512,512
JW_002776,Img 003039,jewellery,data/catalogue/JW_003040.jpg,https://huggingface.co/datasets/sidd707/jewelry-design-dataset/img_003039.jpg,512,512
JW_002777,Img 003040,jewellery,data/catalogue/JW_003041.jpg,https://huggingface.co/datasets/sidd707/jewelry-design-dataset/img_003040.jpg,512,512
JW_002778,Img 003041,jewellery,data/catalogue/JW_003042.jpg,https://huggingface.co/datasets/sidd707/jewelry-design-dataset/img_003041.jpg,512,512
JW_002779,Img 003042,jewellery,data/catalogue/JW_003043.jpg,https://huggingface.co/datasets/sidd707/jewelry-design-dataset/img_003042.jpg,512,512
JW_002780,Img 003043,jewellery,data/catalogue/JW_003044.jpg,https://huggingface.co/datasets/sidd707/jewelry-design-dataset/img_003043.jpg,512,512
JW_002781,Img 003044,jewellery,data/catalogue/JW_003045.jpg,https://huggingface.co/datasets/sidd707/jewelry-design-dataset/img_003044.jpg,512,512
JW_002782,Img 003045,jewellery,data/catalogue/JW_003046.jpg,https://huggingface.co/datasets/sidd707/jewelry-design-dataset/img_003045.jpg,512,512
JW_002783,Img 003046,jewellery,data/catalogue/JW_003047.jpg,https://huggingface.co/datasets/sidd707/jewelry-design-dataset/img_003046.jpg,512,512
JW_002784,Img 003047,jewellery,data/catalogue/JW_003048.jpg,https://huggingface.co/datasets/sidd707/jewelry-design-dataset/img_003047.jpg,512,512
JW_002785,Img 003048,jewellery,data/catalogue/JW_003049.jpg,https://huggingface.co/datasets/sidd707/jewelry-design-dataset/img_003048.jpg,512,512
JW_002786,Img 003049,jewellery,data/catalogue/JW_003050.jpg,https://huggingface.co/datasets/sidd707/jewelry-design-dataset/img_003049.jpg,512,512
JW_002787,Img 003050,jewellery,data/catalogue/JW_003051.jpg,https://huggingface.co/datasets/sidd707/jewelry-design-dataset/img_003050.jpg,512,512
JW_002788,Img 003051,jewellery,data/catalogue/JW_003052.jpg,https://huggingface.co/datasets/sidd707/jewelry-design-dataset/img_003051.jpg,512,512
JW_002789,Img 003052,jewellery,data/catalogue/JW_003053.jpg,https://huggingface.co/datasets/sidd707/jewelry-design-dataset/img_003052.jpg,512,512
JW_002790,Img 003053,jewellery,data/catalogue/JW_003054.jpg,https://huggingface.co/datasets/sidd707/jewelry-design-dataset/img_003053.jpg,512,512
JW_002791,Img 003054,jewellery,data/catalogue/JW_003055.jpg,https://huggingface.co/datasets/sidd707/jewelry-design-dataset/img_003054.jpg,512,512
JW_002792,Img 003055,jewellery,data/catalogue/JW_003056.jpg,https://huggingface.co/datasets/sidd707/jewelry-design-dataset/img_003055.jpg,512,512
JW_002793,Img 003056,jewellery,data/catalogue/JW_003057.jpg,https://huggingface.co/datasets/sidd707/jewelry-design-dataset/img_003056.jpg,512,512
JW_002794,Img 003057,jewellery,data/catalogue/JW_003058.jpg,https://huggingface.co/datasets/sidd707/jewelry-design-dataset/img_003057.jpg,512,512
JW_002795,Img 003058,jewellery,data/catalogue/JW_003059.jpg,https://huggingface.co/datasets/sidd707/jewelry-design-dataset/img_003058.jpg,512,512
JW_002796,Img 003059,jewellery,data/catalogue/JW_003060.jpg,https://huggingface.co/datasets/sidd707/jewelry-design-dataset/img_003059.jpg,512,512
JW_002797,Img 003060,jewellery,data/catalogue/JW_003061.jpg,https://huggingface.co/datasets/sidd707/jewelry-design-dataset/img_003060.jpg,512,512
JW_002798,Img 003061,jewellery,data/catalogue/JW_003062.jpg,https://huggingface.co/datasets/sidd707/jewelry-design-dataset/img_003061.jpg,512,512
JW_002799,Img 003062,jewellery,data/catalogue/JW_003063.jpg,https://huggingface.co/datasets/sidd707/jewelry-design-dataset/img_003062.jpg,512,512
JW_002800,Img 003063,jewellery,data/catalogue/JW_003064.jpg,https://huggingface.co/datasets/sidd707/jewelry-design-dataset/img_003063.jpg,512,512
JW_002801,Img 003064,jewellery,data/catalogue/JW_003065.jpg,https://huggingface.co/datasets/sidd707/jewelry-design-dataset/img_003064.jpg,512,512
JW_002802,Img 003065,jewellery,data/catalogue/JW_003066.jpg,https://huggingface.co/datasets/sidd707/jewelry-design-dataset/img_003065.jpg,512,512
JW_002803,Img 003066,jewellery,data/catalogue/JW_003067.jpg,https://huggingface.co/datasets/sidd707/jewelry-design-dataset/img_003066.jpg,512,512
JW_002804,Img 003067,jewellery,data/catalogue/JW_003068.jpg,https://huggingface.co/datasets/sidd707/jewelry-design-dataset/img_003067.jpg,512,512
JW_002805,Img 003068,jewellery,data/catalogue/JW_003069.jpg,https://huggingface.co/datasets/sidd707/jewelry-design-dataset/img_003068.jpg,512,512
JW_002806,Img 003069,jewellery,data/catalogue/JW_003070.jpg,https://huggingface.co/datasets/sidd707/jewelry-design-dataset/img_003069.jpg,512,512
JW_002807,Img 003070,jewellery,data/catalogue/JW_003071.jpg,https://huggingface.co/datasets/sidd707/jewelry-design-dataset/img_003070.jpg,512,512
JW_002808,Img 003071,jewellery,data/catalogue/JW_003072.jpg,https://huggingface.co/datasets/sidd707/jewelry-design-dataset/img_003071.jpg,512,512
JW_002809,Img 003072,jewellery,data/catalogue/JW_003073.jpg,https://huggingface.co/datasets/sidd707/jewelry-design-dataset/img_003072.jpg,512,512
JW_002810,Img 003073,jewellery,data/catalogue/JW_003074.jpg,https://huggingface.co/datasets/sidd707/jewelry-design-dataset/img_003073.jpg,512,512
JW_002811,Img 003074,jewellery,data/catalogue/JW_003075.jpg,https://huggingface.co/datasets/sidd707/jewelry-design-dataset/img_003074.jpg,512,512
JW_002812,Img 003075,jewellery,data/catalogue/JW_003076.jpg,https://huggingface.co/datasets/sidd707/jewelry-design-dataset/img_003075.jpg,512,512
JW_002813,Img 003076,jewellery,data/catalogue/JW_003077.jpg,https://huggingface.co/datasets/sidd707/jewelry-design-dataset/img_003076.jpg,512,512
JW_002814,Img 003077,jewellery,data/catalogue/JW_003078.jpg,https://huggingface.co/datasets/sidd707/jewelry-design-dataset/img_003077.jpg,512,512
JW_002815,Img 003078,jewellery,data/catalogue/JW_003079.jpg,https://huggingface.co/datasets/sidd707/jewelry-design-dataset/img_003078.jpg,512,512
JW_002816,Img 003079,jewellery,data/catalogue/JW_003080.jpg,https://huggingface.co/datasets/sidd707/jewelry-design-dataset/img_003079.jpg,512,512
JW_002817,Img 003080,jewellery,data/catalogue/JW_003081.jpg,https://huggingface.co/datasets/sidd707/jewelry-design-dataset/img_003080.jpg,512,512
JW_002818,Img 003081,jewellery,data/catalogue/JW_003082.jpg,https://huggingface.co/datasets/sidd707/jewelry-design-dataset/img_003081.jpg,512,512
JW_002819,Img 003082,jewellery,data/catalogue/JW_003083.jpg,https://huggingface.co/datasets/sidd707/jewelry-design-dataset/img_003082.jpg,512,512
JW_002820,Img 003083,jewellery,data/catalogue/JW_003084.jpg,https://huggingface.co/datasets/sidd707/jewelry-design-dataset/img_003083.jpg,512,512
JW_002821,Img 003084,jewellery,data/catalogue/JW_003085.jpg,https://huggingface.co/datasets/sidd707/jewelry-design-dataset/img_003084.jpg,512,512
JW_002822,Img 003085,jewellery,data/catalogue/JW_003086.jpg,https://huggingface.co/datasets/sidd707/jewelry-design-dataset/img_003085.jpg,512,512
JW_002823,Img 003086,jewellery,data/catalogue/JW_003087.jpg,https://huggingface.co/datasets/sidd707/jewelry-design-dataset/img_003086.jpg,512,512
JW_002824,Img 003087,jewellery,data/catalogue/JW_003088.jpg,https://huggingface.co/datasets/sidd707/jewelry-design-dataset/img_003087.jpg,512,512
JW_002825,Img 003088,jewellery,data/catalogue/JW_003089.jpg,https://huggingface.co/datasets/sidd707/jewelry-design-dataset/img_003088.jpg,512,512
JW_002826,Img 003089,jewellery,data/catalogue/JW_003090.jpg,https://huggingface.co/datasets/sidd707/jewelry-design-dataset/img_003089.jpg,512,512
JW_002827,Img 003090,jewellery,data/catalogue/JW_003091.jpg,https://huggingface.co/datasets/sidd707/jewelry-design-dataset/img_003090.jpg,512,512
JW_002828,Img 003091,jewellery,data/catalogue/JW_003092.jpg,https://huggingface.co/datasets/sidd707/jewelry-design-dataset/img_003091.jpg,512,512
JW_002829,Img 003092,jewellery,data/catalogue/JW_003093.jpg,https://huggingface.co/datasets/sidd707/jewelry-design-dataset/img_003092.jpg,512,512
JW_002830,Img 003093,jewellery,data/catalogue/JW_003094.jpg,https://huggingface.co/datasets/sidd707/jewelry-design-dataset/img_003093.jpg,512,512
JW_002831,Img 003094,jewellery,data/catalogue/JW_003095.jpg,https://huggingface.co/datasets/sidd707/jewelry-design-dataset/img_003094.jpg,512,512
JW_002832,Img 003095,jewellery,data/catalogue/JW_003096.jpg,https://huggingface.co/datasets/sidd707/jewelry-design-dataset/img_003095.jpg,512,512
JW_002833,Img 003096,jewellery,data/catalogue/JW_003097.jpg,https://huggingface.co/datasets/sidd707/jewelry-design-dataset/img_003096.jpg,512,512
JW_002834,Img 003097,jewellery,data/catalogue/JW_003098.jpg,https://huggingface.co/datasets/sidd707/jewelry-design-dataset/img_003097.jpg,512,512
JW_002835,Img 003098,jewellery,data/catalogue/JW_003099.jpg,https://huggingface.co/datasets/sidd707/jewelry-design-dataset/img_003098.jpg,512,512
JW_002836,Img 003099,jewellery,data/catalogue/JW_003100.jpg,https://huggingface.co/datasets/sidd707/jewelry-design-dataset/img_003099.jpg,512,512
JW_002837,Img 003100,jewellery,data/catalogue/JW_003101.jpg,https://huggingface.co/datasets/sidd707/jewelry-design-dataset/img_003100.jpg,512,512
JW_002838,Img 003101,jewellery,data/catalogue/JW_003102.jpg,https://huggingface.co/datasets/sidd707/jewelry-design-dataset/img_003101.jpg,512,512
JW_002839,Img 003102,jewellery,data/catalogue/JW_003103.jpg,https://huggingface.co/datasets/sidd707/jewelry-design-dataset/img_003102.jpg,512,512
JW_002840,Img 003103,jewellery,data/catalogue/JW_003104.jpg,https://huggingface.co/datasets/sidd707/jewelry-design-dataset/img_003103.jpg,512,512
JW_002841,Img 003104,jewellery,data/catalogue/JW_003105.jpg,https://huggingface.co/datasets/sidd707/jewelry-design-dataset/img_003104.jpg,512,512
JW_002842,Img 003105,jewellery,data/catalogue/JW_003106.jpg,https://huggingface.co/datasets/sidd707/jewelry-design-dataset/img_003105.jpg,512,512
JW_002843,Img 003106,jewellery,data/catalogue/JW_003107.jpg,https://huggingface.co/datasets/sidd707/jewelry-design-dataset/img_003106.jpg,512,512
JW_002844,Img 003107,jewellery,data/catalogue/JW_003108.jpg,https://huggingface.co/datasets/sidd707/jewelry-design-dataset/img_003107.jpg,512,512
JW_002845,Img 003108,jewellery,data/catalogue/JW_003109.jpg,https://huggingface.co/datasets/sidd707/jewelry-design-dataset/img_003108.jpg,512,512
JW_002846,Img 003109,jewellery,data/catalogue/JW_003110.jpg,https://huggingface.co/datasets/sidd707/jewelry-design-dataset/img_003109.jpg,512,512
JW_002847,Img 003110,jewellery,data/catalogue/JW_003111.jpg,https://huggingface.co/datasets/sidd707/jewelry-design-dataset/img_003110.jpg,512,512
JW_002848,Img 003111,jewellery,data/catalogue/JW_003112.jpg,https://huggingface.co/datasets/sidd707/jewelry-design-dataset/img_003111.jpg,512,512
JW_002849,Img 003112,jewellery,data/catalogue/JW_003113.jpg,https://huggingface.co/datasets/sidd707/jewelry-design-dataset/img_003112.jpg,512,512
JW_002850,Img 003113,jewellery,data/catalogue/JW_003114.jpg,https://huggingface.co/datasets/sidd707/jewelry-design-dataset/img_003113.jpg,512,512
JW_002851,Img 003114,jewellery,data/catalogue/JW_003115.jpg,https://huggingface.co/datasets/sidd707/jewelry-design-dataset/img_003114.jpg,512,512
JW_002852,Img 003115,jewellery,data/catalogue/JW_003116.jpg,https://huggingface.co/datasets/sidd707/jewelry-design-dataset/img_003115.jpg,512,512
JW_002853,Img 003116,jewellery,data/catalogue/JW_003117.jpg,https://huggingface.co/datasets/sidd707/jewelry-design-dataset/img_003116.jpg,512,512
JW_002854,Img 003117,jewellery,data/catalogue/JW_003118.jpg,https://huggingface.co/datasets/sidd707/jewelry-design-dataset/img_003117.jpg,512,512
JW_002855,Img 003118,jewellery,data/catalogue/JW_003119.jpg,https://huggingface.co/datasets/sidd707/jewelry-design-dataset/img_003118.jpg,512,512
JW_002856,Img 003119,jewellery,data/catalogue/JW_003120.jpg,https://huggingface.co/datasets/sidd707/jewelry-design-dataset/img_003119.jpg,512,512
JW_002857,Img 003120,jewellery,data/catalogue/JW_003121.jpg,https://huggingface.co/datasets/sidd707/jewelry-design-dataset/img_003120.jpg,512,512
JW_002858,Img 003121,jewellery,data/catalogue/JW_003122.jpg,https://huggingface.co/datasets/sidd707/jewelry-design-dataset/img_003121.jpg,512,512
JW_002859,Img 003123,jewellery,data/catalogue/JW_003124.jpg,https://huggingface.co/datasets/sidd707/jewelry-design-dataset/img_003123.jpg,512,512
JW_002860,Img 003124,jewellery,data/catalogue/JW_003125.jpg,https://huggingface.co/datasets/sidd707/jewelry-design-dataset/img_003124.jpg,512,512
JW_002861,Img 003125,jewellery,data/catalogue/JW_003126.jpg,https://huggingface.co/datasets/sidd707/jewelry-design-dataset/img_003125.jpg,512,512
JW_002862,Img 003126,jewellery,data/catalogue/JW_003127.jpg,https://huggingface.co/datasets/sidd707/jewelry-design-dataset/img_003126.jpg,512,512
JW_002863,Img 003127,jewellery,data/catalogue/JW_003128.jpg,https://huggingface.co/datasets/sidd707/jewelry-design-dataset/img_003127.jpg,512,512
JW_002864,Img 003129,jewellery,data/catalogue/JW_003130.jpg,https://huggingface.co/datasets/sidd707/jewelry-design-dataset/img_003129.jpg,512,512
JW_002865,Img 003130,jewellery,data/catalogue/JW_003131.jpg,https://huggingface.co/datasets/sidd707/jewelry-design-dataset/img_003130.jpg,512,512
JW_002866,Img 003131,jewellery,data/catalogue/JW_003132.jpg,https://huggingface.co/datasets/sidd707/jewelry-design-dataset/img_003131.jpg,512,512
JW_002867,Img 003134,jewellery,data/catalogue/JW_003135.jpg,https://huggingface.co/datasets/sidd707/jewelry-design-dataset/img_003134.jpg,512,512
JW_002868,Img 003135,jewellery,data/catalogue/JW_003136.jpg,https://huggingface.co/datasets/sidd707/jewelry-design-dataset/img_003135.jpg,512,512
JW_002869,Img 003136,jewellery,data/catalogue/JW_003137.jpg,https://huggingface.co/datasets/sidd707/jewelry-design-dataset/img_003136.jpg,512,512
JW_002870,Img 003138,jewellery,data/catalogue/JW_003139.jpg,https://huggingface.co/datasets/sidd707/jewelry-design-dataset/img_003138.jpg,512,512
JW_002871,Img 003139,jewellery,data/catalogue/JW_003140.jpg,https://huggingface.co/datasets/sidd707/jewelry-design-dataset/img_003139.jpg,512,512
JW_002872,Img 003140,jewellery,data/catalogue/JW_003141.jpg,https://huggingface.co/datasets/sidd707/jewelry-design-dataset/img_003140.jpg,512,512
JW_002873,Img 003141,jewellery,data/catalogue/JW_003142.jpg,https://huggingface.co/datasets/sidd707/jewelry-design-dataset/img_003141.jpg,512,512
JW_002874,Img 003142,jewellery,data/catalogue/JW_003143.jpg,https://huggingface.co/datasets/sidd707/jewelry-design-dataset/img_003142.jpg,512,512
JW_002875,Img 003143,jewellery,data/catalogue/JW_003144.jpg,https://huggingface.co/datasets/sidd707/jewelry-design-dataset/img_003143.jpg,512,512
JW_002876,Img 003144,jewellery,data/catalogue/JW_003145.jpg,https://huggingface.co/datasets/sidd707/jewelry-design-dataset/img_003144.jpg,512,512
JW_002877,Img 003145,jewellery,data/catalogue/JW_003146.jpg,https://huggingface.co/datasets/sidd707/jewelry-design-dataset/img_003145.jpg,512,512
JW_002878,Img 003146,jewellery,data/catalogue/JW_003147.jpg,https://huggingface.co/datasets/sidd707/jewelry-design-dataset/img_003146.jpg,512,512
JW_002879,Img 003147,jewellery,data/catalogue/JW_003148.jpg,https://huggingface.co/datasets/sidd707/jewelry-design-dataset/img_003147.jpg,512,512
JW_002880,Img 003148,jewellery,data/catalogue/JW_003149.jpg,https://huggingface.co/datasets/sidd707/jewelry-design-dataset/img_003148.jpg,512,512
JW_002881,Img 003149,jewellery,data/catalogue/JW_003150.jpg,https://huggingface.co/datasets/sidd707/jewelry-design-dataset/img_003149.jpg,512,512
JW_002882,Img 003150,jewellery,data/catalogue/JW_003151.jpg,https://huggingface.co/datasets/sidd707/jewelry-design-dataset/img_003150.jpg,512,512
JW_002883,Img 003151,jewellery,data/catalogue/JW_003152.jpg,https://huggingface.co/datasets/sidd707/jewelry-design-dataset/img_003151.jpg,512,512
JW_002884,Img 003152,jewellery,data/catalogue/JW_003153.jpg,https://huggingface.co/datasets/sidd707/jewelry-design-dataset/img_003152.jpg,512,512
JW_002885,Img 003153,jewellery,data/catalogue/JW_003154.jpg,https://huggingface.co/datasets/sidd707/jewelry-design-dataset/img_003153.jpg,512,512
JW_002886,Img 003154,jewellery,data/catalogue/JW_003155.jpg,https://huggingface.co/datasets/sidd707/jewelry-design-dataset/img_003154.jpg,512,512
JW_002887,Img 003155,jewellery,data/catalogue/JW_003156.jpg,https://huggingface.co/datasets/sidd707/jewelry-design-dataset/img_003155.jpg,512,512
JW_002888,Img 003156,jewellery,data/catalogue/JW_003157.jpg,https://huggingface.co/datasets/sidd707/jewelry-design-dataset/img_003156.jpg,512,512
JW_002889,Img 003157,jewellery,data/catalogue/JW_003158.jpg,https://huggingface.co/datasets/sidd707/jewelry-design-dataset/img_003157.jpg,512,512
JW_002890,Img 003158,jewellery,data/catalogue/JW_003159.jpg,https://huggingface.co/datasets/sidd707/jewelry-design-dataset/img_003158.jpg,512,512
JW_002891,Img 003159,jewellery,data/catalogue/JW_003160.jpg,https://huggingface.co/datasets/sidd707/jewelry-design-dataset/img_003159.jpg,512,512
JW_002892,Img 003160,jewellery,data/catalogue/JW_003161.jpg,https://huggingface.co/datasets/sidd707/jewelry-design-dataset/img_003160.jpg,512,512
JW_002893,Img 003161,jewellery,data/catalogue/JW_003162.jpg,https://huggingface.co/datasets/sidd707/jewelry-design-dataset/img_003161.jpg,512,512
JW_002894,Img 003162,jewellery,data/catalogue/JW_003163.jpg,https://huggingface.co/datasets/sidd707/jewelry-design-dataset/img_003162.jpg,512,512
JW_002895,Img 003163,jewellery,data/catalogue/JW_003164.jpg,https://huggingface.co/datasets/sidd707/jewelry-design-dataset/img_003163.jpg,512,512
JW_002896,Img 003164,jewellery,data/catalogue/JW_003165.jpg,https://huggingface.co/datasets/sidd707/jewelry-design-dataset/img_003164.jpg,512,512
JW_002897,Img 003165,jewellery,data/catalogue/JW_003166.jpg,https://huggingface.co/datasets/sidd707/jewelry-design-dataset/img_003165.jpg,512,512
JW_002898,Img 003166,jewellery,data/catalogue/JW_003167.jpg,https://huggingface.co/datasets/sidd707/jewelry-design-dataset/img_003166.jpg,512,512
JW_002899,Img 003167,jewellery,data/catalogue/JW_003168.jpg,https://huggingface.co/datasets/sidd707/jewelry-design-dataset/img_003167.jpg,512,512
JW_002900,Img 003168,jewellery,data/catalogue/JW_003169.jpg,https://huggingface.co/datasets/sidd707/jewelry-design-dataset/img_003168.jpg,512,512
JW_002901,Img 003169,jewellery,data/catalogue/JW_003170.jpg,https://huggingface.co/datasets/sidd707/jewelry-design-dataset/img_003169.jpg,512,512
JW_002902,Img 003170,jewellery,data/catalogue/JW_003171.jpg,https://huggingface.co/datasets/sidd707/jewelry-design-dataset/img_003170.jpg,512,512
JW_002903,Img 003171,jewellery,data/catalogue/JW_003172.jpg,https://huggingface.co/datasets/sidd707/jewelry-design-dataset/img_003171.jpg,512,512
JW_002904,Img 003172,jewellery,data/catalogue/JW_003173.jpg,https://huggingface.co/datasets/sidd707/jewelry-design-dataset/img_003172.jpg,512,512
JW_002905,Img 003173,jewellery,data/catalogue/JW_003174.jpg,https://huggingface.co/datasets/sidd707/jewelry-design-dataset/img_003173.jpg,512,512
JW_002906,Img 003174,jewellery,data/catalogue/JW_003175.jpg,https://huggingface.co/datasets/sidd707/jewelry-design-dataset/img_003174.jpg,512,512
JW_002907,Img 003175,jewellery,data/catalogue/JW_003176.jpg,https://huggingface.co/datasets/sidd707/jewelry-design-dataset/img_003175.jpg,512,512
JW_002908,Img 003176,jewellery,data/catalogue/JW_003177.jpg,https://huggingface.co/datasets/sidd707/jewelry-design-dataset/img_003176.jpg,512,512
JW_002909,Img 003177,jewellery,data/catalogue/JW_003178.jpg,https://huggingface.co/datasets/sidd707/jewelry-design-dataset/img_003177.jpg,512,512
JW_002910,Img 003178,jewellery,data/catalogue/JW_003179.jpg,https://huggingface.co/datasets/sidd707/jewelry-design-dataset/img_003178.jpg,512,512
JW_002911,Img 003179,jewellery,data/catalogue/JW_003180.jpg,https://huggingface.co/datasets/sidd707/jewelry-design-dataset/img_003179.jpg,512,512
JW_002912,Img 003180,jewellery,data/catalogue/JW_003181.jpg,https://huggingface.co/datasets/sidd707/jewelry-design-dataset/img_003180.jpg,512,512
JW_002913,Img 003181,jewellery,data/catalogue/JW_003182.jpg,https://huggingface.co/datasets/sidd707/jewelry-design-dataset/img_003181.jpg,512,512
JW_002914,Img 003182,jewellery,data/catalogue/JW_003183.jpg,https://huggingface.co/datasets/sidd707/jewelry-design-dataset/img_003182.jpg,512,512
JW_002915,Img 003183,jewellery,data/catalogue/JW_003184.jpg,https://huggingface.co/datasets/sidd707/jewelry-design-dataset/img_003183.jpg,512,512
JW_002916,Img 003184,jewellery,data/catalogue/JW_003185.jpg,https://huggingface.co/datasets/sidd707/jewelry-design-dataset/img_003184.jpg,512,512
JW_002917,Img 003185,jewellery,data/catalogue/JW_003186.jpg,https://huggingface.co/datasets/sidd707/jewelry-design-dataset/img_003185.jpg,512,512
JW_002918,Img 003186,jewellery,data/catalogue/JW_003187.jpg,https://huggingface.co/datasets/sidd707/jewelry-design-dataset/img_003186.jpg,512,512
JW_002919,Img 003187,jewellery,data/catalogue/JW_003188.jpg,https://huggingface.co/datasets/sidd707/jewelry-design-dataset/img_003187.jpg,512,512
JW_002920,Img 003188,jewellery,data/catalogue/JW_003189.jpg,https://huggingface.co/datasets/sidd707/jewelry-design-dataset/img_003188.jpg,512,512
JW_002921,Img 003189,jewellery,data/catalogue/JW_003190.jpg,https://huggingface.co/datasets/sidd707/jewelry-design-dataset/img_003189.jpg,512,512
JW_002922,Img 003190,jewellery,data/catalogue/JW_003191.jpg,https://huggingface.co/datasets/sidd707/jewelry-design-dataset/img_003190.jpg,512,512
JW_002923,Img 003191,jewellery,data/catalogue/JW_003192.jpg,https://huggingface.co/datasets/sidd707/jewelry-design-dataset/img_003191.jpg,512,512
JW_002924,Img 003192,jewellery,data/catalogue/JW_003193.jpg,https://huggingface.co/datasets/sidd707/jewelry-design-dataset/img_003192.jpg,512,512
JW_002925,Img 003193,jewellery,data/catalogue/JW_003194.jpg,https://huggingface.co/datasets/sidd707/jewelry-design-dataset/img_003193.jpg,512,512
JW_002926,Img 003194,jewellery,data/catalogue/JW_003195.jpg,https://huggingface.co/datasets/sidd707/jewelry-design-dataset/img_003194.jpg,512,512
JW_002927,Img 003195,jewellery,data/catalogue/JW_003196.jpg,https://huggingface.co/datasets/sidd707/jewelry-design-dataset/img_003195.jpg,512,512
JW_002928,Img 003196,jewellery,data/catalogue/JW_003197.jpg,https://huggingface.co/datasets/sidd707/jewelry-design-dataset/img_003196.jpg,512,512
JW_002929,Img 003197,jewellery,data/catalogue/JW_003198.jpg,https://huggingface.co/datasets/sidd707/jewelry-design-dataset/img_003197.jpg,512,512
JW_002930,Img 003198,jewellery,data/catalogue/JW_003199.jpg,https://huggingface.co/datasets/sidd707/jewelry-design-dataset/img_003198.jpg,512,512
JW_002931,Img 003199,jewellery,data/catalogue/JW_003200.jpg,https://huggingface.co/datasets/sidd707/jewelry-design-dataset/img_003199.jpg,512,512
JW_002932,Img 003200,jewellery,data/catalogue/JW_003201.jpg,https://huggingface.co/datasets/sidd707/jewelry-design-dataset/img_003200.jpg,512,512
JW_002933,Img 003201,jewellery,data/catalogue/JW_003202.jpg,https://huggingface.co/datasets/sidd707/jewelry-design-dataset/img_003201.jpg,512,512
JW_002934,Img 003202,jewellery,data/catalogue/JW_003203.jpg,https://huggingface.co/datasets/sidd707/jewelry-design-dataset/img_003202.jpg,512,512
JW_002935,Img 003203,jewellery,data/catalogue/JW_003204.jpg,https://huggingface.co/datasets/sidd707/jewelry-design-dataset/img_003203.jpg,512,512
JW_002936,Img 003204,jewellery,data/catalogue/JW_003205.jpg,https://huggingface.co/datasets/sidd707/jewelry-design-dataset/img_003204.jpg,512,512
JW_002937,Img 003205,jewellery,data/catalogue/JW_003206.jpg,https://huggingface.co/datasets/sidd707/jewelry-design-dataset/img_003205.jpg,512,512
JW_002938,Img 003206,jewellery,data/catalogue/JW_003207.jpg,https://huggingface.co/datasets/sidd707/jewelry-design-dataset/img_003206.jpg,512,512
JW_002939,Img 003207,jewellery,data/catalogue/JW_003208.jpg,https://huggingface.co/datasets/sidd707/jewelry-design-dataset/img_003207.jpg,512,512
JW_002940,Img 003208,jewellery,data/catalogue/JW_003209.jpg,https://huggingface.co/datasets/sidd707/jewelry-design-dataset/img_003208.jpg,512,512
JW_002941,Img 003209,jewellery,data/catalogue/JW_003210.jpg,https://huggingface.co/datasets/sidd707/jewelry-design-dataset/img_003209.jpg,512,512
JW_002942,Img 003210,jewellery,data/catalogue/JW_003211.jpg,https://huggingface.co/datasets/sidd707/jewelry-design-dataset/img_003210.jpg,512,512
JW_002943,Img 003211,jewellery,data/catalogue/JW_003212.jpg,https://huggingface.co/datasets/sidd707/jewelry-design-dataset/img_003211.jpg,512,512
JW_002944,Img 003212,jewellery,data/catalogue/JW_003213.jpg,https://huggingface.co/datasets/sidd707/jewelry-design-dataset/img_003212.jpg,512,512
JW_002945,Img 003213,jewellery,data/catalogue/JW_003214.jpg,https://huggingface.co/datasets/sidd707/jewelry-design-dataset/img_003213.jpg,512,512
JW_002946,Img 003214,jewellery,data/catalogue/JW_003215.jpg,https://huggingface.co/datasets/sidd707/jewelry-design-dataset/img_003214.jpg,512,512
JW_002947,Img 003215,jewellery,data/catalogue/JW_003216.jpg,https://huggingface.co/datasets/sidd707/jewelry-design-dataset/img_003215.jpg,512,512
JW_002948,Img 003216,jewellery,data/catalogue/JW_003217.jpg,https://huggingface.co/datasets/sidd707/jewelry-design-dataset/img_003216.jpg,512,512
JW_002949,Img 003217,jewellery,data/catalogue/JW_003218.jpg,https://huggingface.co/datasets/sidd707/jewelry-design-dataset/img_003217.jpg,512,512
JW_002950,Img 003218,jewellery,data/catalogue/JW_003219.jpg,https://huggingface.co/datasets/sidd707/jewelry-design-dataset/img_003218.jpg,512,512
JW_002951,Img 003219,jewellery,data/catalogue/JW_003220.jpg,https://huggingface.co/datasets/sidd707/jewelry-design-dataset/img_003219.jpg,512,512
JW_002952,Img 003220,jewellery,data/catalogue/JW_003221.jpg,https://huggingface.co/datasets/sidd707/jewelry-design-dataset/img_003220.jpg,512,512
JW_002953,Img 003221,jewellery,data/catalogue/JW_003222.jpg,https://huggingface.co/datasets/sidd707/jewelry-design-dataset/img_003221.jpg,512,512
JW_002954,Img 003222,jewellery,data/catalogue/JW_003223.jpg,https://huggingface.co/datasets/sidd707/jewelry-design-dataset/img_003222.jpg,512,512
JW_002955,Img 003223,jewellery,data/catalogue/JW_003224.jpg,https://huggingface.co/datasets/sidd707/jewelry-design-dataset/img_003223.jpg,512,512
JW_002956,Img 003224,jewellery,data/catalogue/JW_003225.jpg,https://huggingface.co/datasets/sidd707/jewelry-design-dataset/img_003224.jpg,512,512
JW_002957,Img 003225,jewellery,data/catalogue/JW_003226.jpg,https://huggingface.co/datasets/sidd707/jewelry-design-dataset/img_003225.jpg,512,512
JW_002958,Img 003226,jewellery,data/catalogue/JW_003227.jpg,https://huggingface.co/datasets/sidd707/jewelry-design-dataset/img_003226.jpg,512,512
JW_002959,Img 003227,jewellery,data/catalogue/JW_003228.jpg,https://huggingface.co/datasets/sidd707/jewelry-design-dataset/img_003227.jpg,512,512
JW_002960,Img 003228,jewellery,data/catalogue/JW_003229.jpg,https://huggingface.co/datasets/sidd707/jewelry-design-dataset/img_003228.jpg,512,512
JW_002961,Img 003229,jewellery,data/catalogue/JW_003230.jpg,https://huggingface.co/datasets/sidd707/jewelry-design-dataset/img_003229.jpg,512,512
JW_002962,Img 003230,jewellery,data/catalogue/JW_003231.jpg,https://huggingface.co/datasets/sidd707/jewelry-design-dataset/img_003230.jpg,512,512
JW_002963,Img 003231,jewellery,data/catalogue/JW_003232.jpg,https://huggingface.co/datasets/sidd707/jewelry-design-dataset/img_003231.jpg,512,512
JW_002964,Img 003232,jewellery,data/catalogue/JW_003233.jpg,https://huggingface.co/datasets/sidd707/jewelry-design-dataset/img_003232.jpg,512,512
JW_002965,Img 003233,jewellery,data/catalogue/JW_003234.jpg,https://huggingface.co/datasets/sidd707/jewelry-design-dataset/img_003233.jpg,512,512
JW_002966,Img 003234,jewellery,data/catalogue/JW_003235.jpg,https://huggingface.co/datasets/sidd707/jewelry-design-dataset/img_003234.jpg,512,512
JW_002967,Img 003235,jewellery,data/catalogue/JW_003236.jpg,https://huggingface.co/datasets/sidd707/jewelry-design-dataset/img_003235.jpg,512,512
JW_002968,Img 003236,jewellery,data/catalogue/JW_003237.jpg,https://huggingface.co/datasets/sidd707/jewelry-design-dataset/img_003236.jpg,512,512
JW_002969,Img 003237,jewellery,data/catalogue/JW_003238.jpg,https://huggingface.co/datasets/sidd707/jewelry-design-dataset/img_003237.jpg,512,512
JW_002970,Img 003238,jewellery,data/catalogue/JW_003239.jpg,https://huggingface.co/datasets/sidd707/jewelry-design-dataset/img_003238.jpg,512,512
JW_002971,Img 003239,jewellery,data/catalogue/JW_003240.jpg,https://huggingface.co/datasets/sidd707/jewelry-design-dataset/img_003239.jpg,512,512
JW_002972,Img 003240,jewellery,data/catalogue/JW_003241.jpg,https://huggingface.co/datasets/sidd707/jewelry-design-dataset/img_003240.jpg,512,512
JW_002973,Img 003241,jewellery,data/catalogue/JW_003242.jpg,https://huggingface.co/datasets/sidd707/jewelry-design-dataset/img_003241.jpg,512,512
JW_002974,Img 003242,jewellery,data/catalogue/JW_003243.jpg,https://huggingface.co/datasets/sidd707/jewelry-design-dataset/img_003242.jpg,512,512
JW_002975,Img 003243,jewellery,data/catalogue/JW_003244.jpg,https://huggingface.co/datasets/sidd707/jewelry-design-dataset/img_003243.jpg,512,512
JW_002976,Img 003244,jewellery,data/catalogue/JW_003245.jpg,https://huggingface.co/datasets/sidd707/jewelry-design-dataset/img_003244.jpg,512,512
JW_002977,Img 003245,jewellery,data/catalogue/JW_003246.jpg,https://huggingface.co/datasets/sidd707/jewelry-design-dataset/img_003245.jpg,512,512
JW_002978,Img 003247,jewellery,data/catalogue/JW_003248.jpg,https://huggingface.co/datasets/sidd707/jewelry-design-dataset/img_003247.jpg,512,512
JW_002979,Img 003248,jewellery,data/catalogue/JW_003249.jpg,https://huggingface.co/datasets/sidd707/jewelry-design-dataset/img_003248.jpg,512,512
JW_002980,Img 003249,jewellery,data/catalogue/JW_003250.jpg,https://huggingface.co/datasets/sidd707/jewelry-design-dataset/img_003249.jpg,512,512
JW_002981,Img 003250,jewellery,data/catalogue/JW_003251.jpg,https://huggingface.co/datasets/sidd707/jewelry-design-dataset/img_003250.jpg,512,512
JW_002982,Img 003251,jewellery,data/catalogue/JW_003252.jpg,https://huggingface.co/datasets/sidd707/jewelry-design-dataset/img_003251.jpg,512,512
JW_002983,Img 003252,jewellery,data/catalogue/JW_003253.jpg,https://huggingface.co/datasets/sidd707/jewelry-design-dataset/img_003252.jpg,512,512
JW_002984,Img 003253,jewellery,data/catalogue/JW_003254.jpg,https://huggingface.co/datasets/sidd707/jewelry-design-dataset/img_003253.jpg,512,512
JW_002985,Img 003254,jewellery,data/catalogue/JW_003255.jpg,https://huggingface.co/datasets/sidd707/jewelry-design-dataset/img_003254.jpg,512,512
JW_002986,Img 003255,jewellery,data/catalogue/JW_003256.jpg,https://huggingface.co/datasets/sidd707/jewelry-design-dataset/img_003255.jpg,512,512
JW_002987,Img 003256,jewellery,data/catalogue/JW_003257.jpg,https://huggingface.co/datasets/sidd707/jewelry-design-dataset/img_003256.jpg,512,512
JW_002988,Img 003257,jewellery,data/catalogue/JW_003258.jpg,https://huggingface.co/datasets/sidd707/jewelry-design-dataset/img_003257.jpg,512,512
JW_002989,Img 003258,jewellery,data/catalogue/JW_003259.jpg,https://huggingface.co/datasets/sidd707/jewelry-design-dataset/img_003258.jpg,512,512
JW_002990,Img 003259,jewellery,data/catalogue/JW_003260.jpg,https://huggingface.co/datasets/sidd707/jewelry-design-dataset/img_003259.jpg,512,512
JW_002991,Img 003260,jewellery,data/catalogue/JW_003261.jpg,https://huggingface.co/datasets/sidd707/jewelry-design-dataset/img_003260.jpg,512,512
JW_002992,Img 003261,jewellery,data/catalogue/JW_003262.jpg,https://huggingface.co/datasets/sidd707/jewelry-design-dataset/img_003261.jpg,512,512
JW_002993,Img 003262,jewellery,data/catalogue/JW_003263.jpg,https://huggingface.co/datasets/sidd707/jewelry-design-dataset/img_003262.jpg,512,512
JW_002994,Img 003263,jewellery,data/catalogue/JW_003264.jpg,https://huggingface.co/datasets/sidd707/jewelry-design-dataset/img_003263.jpg,512,512
JW_002995,Img 003264,jewellery,data/catalogue/JW_003265.jpg,https://huggingface.co/datasets/sidd707/jewelry-design-dataset/img_003264.jpg,512,512
JW_002996,Img 003265,jewellery,data/catalogue/JW_003266.jpg,https://huggingface.co/datasets/sidd707/jewelry-design-dataset/img_003265.jpg,512,512
JW_002997,Img 003266,jewellery,data/catalogue/JW_003267.jpg,https://huggingface.co/datasets/sidd707/jewelry-design-dataset/img_003266.jpg,512,512
JW_002998,Img 003267,jewellery,data/catalogue/JW_003268.jpg,https://huggingface.co/datasets/sidd707/jewelry-design-dataset/img_003267.jpg,512,512
JW_002999,Img 003268,jewellery,data/catalogue/JW_003269.jpg,https://huggingface.co/datasets/sidd707/jewelry-design-dataset/img_003268.jpg,512,512
JW_003000,Img 003269,jewellery,data/catalogue/JW_003270.jpg,https://huggingface.co/datasets/sidd707/jewelry-design-dataset/img_003269.jpg,512,512
JW_003001,Img 003270,jewellery,data/catalogue/JW_003271.jpg,https://huggingface.co/datasets/sidd707/jewelry-design-dataset/img_003270.jpg,512,512
JW_003002,Img 003271,jewellery,data/catalogue/JW_003272.jpg,https://huggingface.co/datasets/sidd707/jewelry-design-dataset/img_003271.jpg,512,512
JW_003003,Img 003272,jewellery,data/catalogue/JW_003273.jpg,https://huggingface.co/datasets/sidd707/jewelry-design-dataset/img_003272.jpg,512,512
JW_003004,Img 003273,jewellery,data/catalogue/JW_003274.jpg,https://huggingface.co/datasets/sidd707/jewelry-design-dataset/img_003273.jpg,512,512
JW_003005,Img 003274,jewellery,data/catalogue/JW_003275.jpg,https://huggingface.co/datasets/sidd707/jewelry-design-dataset/img_003274.jpg,512,512
JW_003006,Img 003275,jewellery,data/catalogue/JW_003276.jpg,https://huggingface.co/datasets/sidd707/jewelry-design-dataset/img_003275.jpg,512,512
JW_003007,Img 003276,jewellery,data/catalogue/JW_003277.jpg,https://huggingface.co/datasets/sidd707/jewelry-design-dataset/img_003276.jpg,512,512
JW_003008,Img 003277,jewellery,data/catalogue/JW_003278.jpg,https://huggingface.co/datasets/sidd707/jewelry-design-dataset/img_003277.jpg,512,512
JW_003009,Img 003278,jewellery,data/catalogue/JW_003279.jpg,https://huggingface.co/datasets/sidd707/jewelry-design-dataset/img_003278.jpg,512,512
JW_003010,Img 003279,jewellery,data/catalogue/JW_003280.jpg,https://huggingface.co/datasets/sidd707/jewelry-design-dataset/img_003279.jpg,512,512
JW_003011,Img 003280,jewellery,data/catalogue/JW_003281.jpg,https://huggingface.co/datasets/sidd707/jewelry-design-dataset/img_003280.jpg,512,512
JW_003012,Img 003281,jewellery,data/catalogue/JW_003282.jpg,https://huggingface.co/datasets/sidd707/jewelry-design-dataset/img_003281.jpg,512,512
JW_003013,Img 003282,jewellery,data/catalogue/JW_003283.jpg,https://huggingface.co/datasets/sidd707/jewelry-design-dataset/img_003282.jpg,512,512
JW_003014,Img 003284,jewellery,data/catalogue/JW_003285.jpg,https://huggingface.co/datasets/sidd707/jewelry-design-dataset/img_003284.jpg,512,512
JW_003015,Img 003285,jewellery,data/catalogue/JW_003286.jpg,https://huggingface.co/datasets/sidd707/jewelry-design-dataset/img_003285.jpg,512,512
JW_003016,Img 003286,jewellery,data/catalogue/JW_003287.jpg,https://huggingface.co/datasets/sidd707/jewelry-design-dataset/img_003286.jpg,512,512
JW_003017,Img 003287,jewellery,data/catalogue/JW_003288.jpg,https://huggingface.co/datasets/sidd707/jewelry-design-dataset/img_003287.jpg,512,512
JW_003018,Img 003288,jewellery,data/catalogue/JW_003289.jpg,https://huggingface.co/datasets/sidd707/jewelry-design-dataset/img_003288.jpg,512,512
JW_003019,Img 003289,jewellery,data/catalogue/JW_003290.jpg,https://huggingface.co/datasets/sidd707/jewelry-design-dataset/img_003289.jpg,512,512
JW_003020,Img 003290,jewellery,data/catalogue/JW_003291.jpg,https://huggingface.co/datasets/sidd707/jewelry-design-dataset/img_003290.jpg,512,512
JW_003021,Img 003291,jewellery,data/catalogue/JW_003292.jpg,https://huggingface.co/datasets/sidd707/jewelry-design-dataset/img_003291.jpg,512,512
JW_003022,Img 003292,jewellery,data/catalogue/JW_003293.jpg,https://huggingface.co/datasets/sidd707/jewelry-design-dataset/img_003292.jpg,512,512
JW_003023,Img 003293,jewellery,data/catalogue/JW_003294.jpg,https://huggingface.co/datasets/sidd707/jewelry-design-dataset/img_003293.jpg,512,512
JW_003024,Img 003294,jewellery,data/catalogue/JW_003295.jpg,https://huggingface.co/datasets/sidd707/jewelry-design-dataset/img_003294.jpg,512,512
JW_003025,Img 003295,jewellery,data/catalogue/JW_003296.jpg,https://huggingface.co/datasets/sidd707/jewelry-design-dataset/img_003295.jpg,512,512
JW_003026,Img 003296,jewellery,data/catalogue/JW_003297.jpg,https://huggingface.co/datasets/sidd707/jewelry-design-dataset/img_003296.jpg,512,512
JW_003027,Img 003297,jewellery,data/catalogue/JW_003298.jpg,https://huggingface.co/datasets/sidd707/jewelry-design-dataset/img_003297.jpg,512,512
JW_003028,Img 003298,jewellery,data/catalogue/JW_003299.jpg,https://huggingface.co/datasets/sidd707/jewelry-design-dataset/img_003298.jpg,512,512
JW_003029,Img 003299,jewellery,data/catalogue/JW_003300.jpg,https://huggingface.co/datasets/sidd707/jewelry-design-dataset/img_003299.jpg,512,512
JW_003030,Img 003300,jewellery,data/catalogue/JW_003301.jpg,https://huggingface.co/datasets/sidd707/jewelry-design-dataset/img_003300.jpg,512,512
JW_003031,Img 003301,jewellery,data/catalogue/JW_003302.jpg,https://huggingface.co/datasets/sidd707/jewelry-design-dataset/img_003301.jpg,512,512
JW_003032,Img 003302,jewellery,data/catalogue/JW_003303.jpg,https://huggingface.co/datasets/sidd707/jewelry-design-dataset/img_003302.jpg,512,512
JW_003033,Img 003303,jewellery,data/catalogue/JW_003304.jpg,https://huggingface.co/datasets/sidd707/jewelry-design-dataset/img_003303.jpg,512,512
JW_003034,Img 003304,jewellery,data/catalogue/JW_003305.jpg,https://huggingface.co/datasets/sidd707/jewelry-design-dataset/img_003304.jpg,512,512
JW_003035,Img 003305,jewellery,data/catalogue/JW_003306.jpg,https://huggingface.co/datasets/sidd707/jewelry-design-dataset/img_003305.jpg,512,512
JW_003036,Img 003306,jewellery,data/catalogue/JW_003307.jpg,https://huggingface.co/datasets/sidd707/jewelry-design-dataset/img_003306.jpg,512,512
JW_003037,Img 003307,jewellery,data/catalogue/JW_003308.jpg,https://huggingface.co/datasets/sidd707/jewelry-design-dataset/img_003307.jpg,512,512
JW_003038,Img 003308,jewellery,data/catalogue/JW_003309.jpg,https://huggingface.co/datasets/sidd707/jewelry-design-dataset/img_003308.jpg,512,512
JW_003039,Img 003309,jewellery,data/catalogue/JW_003310.jpg,https://huggingface.co/datasets/sidd707/jewelry-design-dataset/img_003309.jpg,512,512
JW_003040,Img 003310,jewellery,data/catalogue/JW_003311.jpg,https://huggingface.co/datasets/sidd707/jewelry-design-dataset/img_003310.jpg,512,512
JW_003041,Img 003311,jewellery,data/catalogue/JW_003312.jpg,https://huggingface.co/datasets/sidd707/jewelry-design-dataset/img_003311.jpg,512,512
JW_003042,Img 003312,jewellery,data/catalogue/JW_003313.jpg,https://huggingface.co/datasets/sidd707/jewelry-design-dataset/img_003312.jpg,512,512
JW_003043,Img 003313,jewellery,data/catalogue/JW_003314.jpg,https://huggingface.co/datasets/sidd707/jewelry-design-dataset/img_003313.jpg,512,512
JW_003044,Img 003314,jewellery,data/catalogue/JW_003315.jpg,https://huggingface.co/datasets/sidd707/jewelry-design-dataset/img_003314.jpg,512,512
JW_003045,Img 003315,jewellery,data/catalogue/JW_003316.jpg,https://huggingface.co/datasets/sidd707/jewelry-design-dataset/img_003315.jpg,512,512
JW_003046,Img 003316,jewellery,data/catalogue/JW_003317.jpg,https://huggingface.co/datasets/sidd707/jewelry-design-dataset/img_003316.jpg,512,512
JW_003047,Img 003317,jewellery,data/catalogue/JW_003318.jpg,https://huggingface.co/datasets/sidd707/jewelry-design-dataset/img_003317.jpg,512,512
JW_003048,Img 003318,jewellery,data/catalogue/JW_003319.jpg,https://huggingface.co/datasets/sidd707/jewelry-design-dataset/img_003318.jpg,512,512
JW_003049,Img 003319,jewellery,data/catalogue/JW_003320.jpg,https://huggingface.co/datasets/sidd707/jewelry-design-dataset/img_003319.jpg,512,512
JW_003050,Img 003320,jewellery,data/catalogue/JW_003321.jpg,https://huggingface.co/datasets/sidd707/jewelry-design-dataset/img_003320.jpg,512,512
JW_003051,Img 003321,jewellery,data/catalogue/JW_003322.jpg,https://huggingface.co/datasets/sidd707/jewelry-design-dataset/img_003321.jpg,512,512
JW_003052,Img 003322,jewellery,data/catalogue/JW_003323.jpg,https://huggingface.co/datasets/sidd707/jewelry-design-dataset/img_003322.jpg,512,512
JW_003053,Img 003323,jewellery,data/catalogue/JW_003324.jpg,https://huggingface.co/datasets/sidd707/jewelry-design-dataset/img_003323.jpg,512,512
JW_003054,Img 003324,jewellery,data/catalogue/JW_003325.jpg,https://huggingface.co/datasets/sidd707/jewelry-design-dataset/img_003324.jpg,512,512
JW_003055,Img 003325,jewellery,data/catalogue/JW_003326.jpg,https://huggingface.co/datasets/sidd707/jewelry-design-dataset/img_003325.jpg,512,512
JW_003056,Img 003326,jewellery,data/catalogue/JW_003327.jpg,https://huggingface.co/datasets/sidd707/jewelry-design-dataset/img_003326.jpg,512,512
JW_003057,Img 003327,jewellery,data/catalogue/JW_003328.jpg,https://huggingface.co/datasets/sidd707/jewelry-design-dataset/img_003327.jpg,512,512
JW_003058,Img 003328,jewellery,data/catalogue/JW_003329.jpg,https://huggingface.co/datasets/sidd707/jewelry-design-dataset/img_003328.jpg,512,512
JW_003059,Img 003329,jewellery,data/catalogue/JW_003330.jpg,https://huggingface.co/datasets/sidd707/jewelry-design-dataset/img_003329.jpg,512,512
JW_003060,Img 003330,jewellery,data/catalogue/JW_003331.jpg,https://huggingface.co/datasets/sidd707/jewelry-design-dataset/img_003330.jpg,512,512
JW_003061,Img 003331,jewellery,data/catalogue/JW_003332.jpg,https://huggingface.co/datasets/sidd707/jewelry-design-dataset/img_003331.jpg,512,512
JW_003062,Img 003332,jewellery,data/catalogue/JW_003333.jpg,https://huggingface.co/datasets/sidd707/jewelry-design-dataset/img_003332.jpg,512,512
JW_003063,Img 003333,jewellery,data/catalogue/JW_003334.jpg,https://huggingface.co/datasets/sidd707/jewelry-design-dataset/img_003333.jpg,512,512
JW_003064,Img 003334,jewellery,data/catalogue/JW_003335.jpg,https://huggingface.co/datasets/sidd707/jewelry-design-dataset/img_003334.jpg,512,512
JW_003065,Img 003335,jewellery,data/catalogue/JW_003336.jpg,https://huggingface.co/datasets/sidd707/jewelry-design-dataset/img_003335.jpg,512,512
JW_003066,Img 003336,jewellery,data/catalogue/JW_003337.jpg,https://huggingface.co/datasets/sidd707/jewelry-design-dataset/img_003336.jpg,512,512
JW_003067,Img 003337,jewellery,data/catalogue/JW_003338.jpg,https://huggingface.co/datasets/sidd707/jewelry-design-dataset/img_003337.jpg,512,512
JW_003068,Img 003338,jewellery,data/catalogue/JW_003339.jpg,https://huggingface.co/datasets/sidd707/jewelry-design-dataset/img_003338.jpg,512,512
JW_003069,Img 003339,jewellery,data/catalogue/JW_003340.jpg,https://huggingface.co/datasets/sidd707/jewelry-design-dataset/img_003339.jpg,512,512
JW_003070,Img 003340,jewellery,data/catalogue/JW_003341.jpg,https://huggingface.co/datasets/sidd707/jewelry-design-dataset/img_003340.jpg,512,512
JW_003071,Img 003341,jewellery,data/catalogue/JW_003342.jpg,https://huggingface.co/datasets/sidd707/jewelry-design-dataset/img_003341.jpg,512,512
JW_003072,Img 003342,jewellery,data/catalogue/JW_003343.jpg,https://huggingface.co/datasets/sidd707/jewelry-design-dataset/img_003342.jpg,512,512
JW_003073,Img 003343,jewellery,data/catalogue/JW_003344.jpg,https://huggingface.co/datasets/sidd707/jewelry-design-dataset/img_003343.jpg,512,512
JW_003074,Img 003344,jewellery,data/catalogue/JW_003345.jpg,https://huggingface.co/datasets/sidd707/jewelry-design-dataset/img_003344.jpg,512,512
JW_003075,Img 003345,jewellery,data/catalogue/JW_003346.jpg,https://huggingface.co/datasets/sidd707/jewelry-design-dataset/img_003345.jpg,512,512
JW_003076,Img 003346,jewellery,data/catalogue/JW_003347.jpg,https://huggingface.co/datasets/sidd707/jewelry-design-dataset/img_003346.jpg,512,512
JW_003077,Img 003347,jewellery,data/catalogue/JW_003348.jpg,https://huggingface.co/datasets/sidd707/jewelry-design-dataset/img_003347.jpg,512,512
JW_003078,Img 003348,jewellery,data/catalogue/JW_003349.jpg,https://huggingface.co/datasets/sidd707/jewelry-design-dataset/img_003348.jpg,512,512
JW_003079,Img 003349,jewellery,data/catalogue/JW_003350.jpg,https://huggingface.co/datasets/sidd707/jewelry-design-dataset/img_003349.jpg,512,512
JW_003080,Img 003350,jewellery,data/catalogue/JW_003351.jpg,https://huggingface.co/datasets/sidd707/jewelry-design-dataset/img_003350.jpg,512,512
JW_003081,Img 003351,jewellery,data/catalogue/JW_003352.jpg,https://huggingface.co/datasets/sidd707/jewelry-design-dataset/img_003351.jpg,512,512
JW_003082,Img 003352,jewellery,data/catalogue/JW_003353.jpg,https://huggingface.co/datasets/sidd707/jewelry-design-dataset/img_003352.jpg,512,512
JW_003083,Img 003353,jewellery,data/catalogue/JW_003354.jpg,https://huggingface.co/datasets/sidd707/jewelry-design-dataset/img_003353.jpg,512,512
JW_003084,Img 003354,jewellery,data/catalogue/JW_003355.jpg,https://huggingface.co/datasets/sidd707/jewelry-design-dataset/img_003354.jpg,512,512
JW_003085,Img 003355,jewellery,data/catalogue/JW_003356.jpg,https://huggingface.co/datasets/sidd707/jewelry-design-dataset/img_003355.jpg,512,512
JW_003086,Img 003356,jewellery,data/catalogue/JW_003357.jpg,https://huggingface.co/datasets/sidd707/jewelry-design-dataset/img_003356.jpg,512,512
JW_003087,Img 003357,jewellery,data/catalogue/JW_003358.jpg,https://huggingface.co/datasets/sidd707/jewelry-design-dataset/img_003357.jpg,512,512
JW_003088,Img 003358,jewellery,data/catalogue/JW_003359.jpg,https://huggingface.co/datasets/sidd707/jewelry-design-dataset/img_003358.jpg,512,512
JW_003089,Img 003359,jewellery,data/catalogue/JW_003360.jpg,https://huggingface.co/datasets/sidd707/jewelry-design-dataset/img_003359.jpg,512,512
JW_003090,Img 003360,jewellery,data/catalogue/JW_003361.jpg,https://huggingface.co/datasets/sidd707/jewelry-design-dataset/img_003360.jpg,512,512
JW_003091,Img 003361,jewellery,data/catalogue/JW_003362.jpg,https://huggingface.co/datasets/sidd707/jewelry-design-dataset/img_003361.jpg,512,512
JW_003092,Img 003362,jewellery,data/catalogue/JW_003363.jpg,https://huggingface.co/datasets/sidd707/jewelry-design-dataset/img_003362.jpg,512,512
JW_003093,Img 003363,jewellery,data/catalogue/JW_003364.jpg,https://huggingface.co/datasets/sidd707/jewelry-design-dataset/img_003363.jpg,512,512
JW_003094,Img 003364,jewellery,data/catalogue/JW_003365.jpg,https://huggingface.co/datasets/sidd707/jewelry-design-dataset/img_003364.jpg,512,512
JW_003095,Img 003365,jewellery,data/catalogue/JW_003366.jpg,https://huggingface.co/datasets/sidd707/jewelry-design-dataset/img_003365.jpg,512,512
JW_003096,Img 003366,jewellery,data/catalogue/JW_003367.jpg,https://huggingface.co/datasets/sidd707/jewelry-design-dataset/img_003366.jpg,512,512
JW_003097,Img 003367,jewellery,data/catalogue/JW_003368.jpg,https://huggingface.co/datasets/sidd707/jewelry-design-dataset/img_003367.jpg,512,512
JW_003098,Img 003368,jewellery,data/catalogue/JW_003369.jpg,https://huggingface.co/datasets/sidd707/jewelry-design-dataset/img_003368.jpg,512,512
JW_003099,Img 003369,jewellery,data/catalogue/JW_003370.jpg,https://huggingface.co/datasets/sidd707/jewelry-design-dataset/img_003369.jpg,512,512
JW_003100,Img 003370,jewellery,data/catalogue/JW_003371.jpg,https://huggingface.co/datasets/sidd707/jewelry-design-dataset/img_003370.jpg,512,512
JW_003101,Img 003371,jewellery,data/catalogue/JW_003372.jpg,https://huggingface.co/datasets/sidd707/jewelry-design-dataset/img_003371.jpg,512,512
JW_003102,Img 003372,jewellery,data/catalogue/JW_003373.jpg,https://huggingface.co/datasets/sidd707/jewelry-design-dataset/img_003372.jpg,512,512
JW_003103,Img 003373,jewellery,data/catalogue/JW_003374.jpg,https://huggingface.co/datasets/sidd707/jewelry-design-dataset/img_003373.jpg,512,512
JW_003104,Img 003374,jewellery,data/catalogue/JW_003375.jpg,https://huggingface.co/datasets/sidd707/jewelry-design-dataset/img_003374.jpg,512,512
JW_003105,Img 003375,jewellery,data/catalogue/JW_003376.jpg,https://huggingface.co/datasets/sidd707/jewelry-design-dataset/img_003375.jpg,512,512
JW_003106,Img 003376,jewellery,data/catalogue/JW_003377.jpg,https://huggingface.co/datasets/sidd707/jewelry-design-dataset/img_003376.jpg,512,512
JW_003107,Img 003377,jewellery,data/catalogue/JW_003378.jpg,https://huggingface.co/datasets/sidd707/jewelry-design-dataset/img_003377.jpg,512,512
JW_003108,Img 003378,jewellery,data/catalogue/JW_003379.jpg,https://huggingface.co/datasets/sidd707/jewelry-design-dataset/img_003378.jpg,512,512
JW_003109,Img 003379,jewellery,data/catalogue/JW_003380.jpg,https://huggingface.co/datasets/sidd707/jewelry-design-dataset/img_003379.jpg,512,512
JW_003110,Img 003380,jewellery,data/catalogue/JW_003381.jpg,https://huggingface.co/datasets/sidd707/jewelry-design-dataset/img_003380.jpg,512,512
JW_003111,Img 003381,jewellery,data/catalogue/JW_003382.jpg,https://huggingface.co/datasets/sidd707/jewelry-design-dataset/img_003381.jpg,512,512
JW_003112,Img 003382,jewellery,data/catalogue/JW_003383.jpg,https://huggingface.co/datasets/sidd707/jewelry-design-dataset/img_003382.jpg,512,512
JW_003113,Img 003383,jewellery,data/catalogue/JW_003384.jpg,https://huggingface.co/datasets/sidd707/jewelry-design-dataset/img_003383.jpg,512,512
JW_003114,Img 003384,jewellery,data/catalogue/JW_003385.jpg,https://huggingface.co/datasets/sidd707/jewelry-design-dataset/img_003384.jpg,512,512
JW_003115,Img 003385,jewellery,data/catalogue/JW_003386.jpg,https://huggingface.co/datasets/sidd707/jewelry-design-dataset/img_003385.jpg,512,512
JW_003116,Img 003386,jewellery,data/catalogue/JW_003387.jpg,https://huggingface.co/datasets/sidd707/jewelry-design-dataset/img_003386.jpg,512,512
JW_003117,Img 003387,jewellery,data/catalogue/JW_003388.jpg,https://huggingface.co/datasets/sidd707/jewelry-design-dataset/img_003387.jpg,512,512
JW_003118,Img 003388,jewellery,data/catalogue/JW_003389.jpg,https://huggingface.co/datasets/sidd707/jewelry-design-dataset/img_003388.jpg,512,512
JW_003119,Img 003389,jewellery,data/catalogue/JW_003390.jpg,https://huggingface.co/datasets/sidd707/jewelry-design-dataset/img_003389.jpg,512,512
JW_003120,Img 003390,jewellery,data/catalogue/JW_003391.jpg,https://huggingface.co/datasets/sidd707/jewelry-design-dataset/img_003390.jpg,512,512
JW_003121,Img 003391,jewellery,data/catalogue/JW_003392.jpg,https://huggingface.co/datasets/sidd707/jewelry-design-dataset/img_003391.jpg,512,512
JW_003122,Img 003392,jewellery,data/catalogue/JW_003393.jpg,https://huggingface.co/datasets/sidd707/jewelry-design-dataset/img_003392.jpg,512,512
JW_003123,Img 003393,jewellery,data/catalogue/JW_003394.jpg,https://huggingface.co/datasets/sidd707/jewelry-design-dataset/img_003393.jpg,512,512
JW_003124,Img 003394,jewellery,data/catalogue/JW_003395.jpg,https://huggingface.co/datasets/sidd707/jewelry-design-dataset/img_003394.jpg,512,512
JW_003125,Img 003395,jewellery,data/catalogue/JW_003396.jpg,https://huggingface.co/datasets/sidd707/jewelry-design-dataset/img_003395.jpg,512,512
JW_003126,Img 003396,jewellery,data/catalogue/JW_003397.jpg,https://huggingface.co/datasets/sidd707/jewelry-design-dataset/img_003396.jpg,512,512
JW_003127,Img 003397,jewellery,data/catalogue/JW_003398.jpg,https://huggingface.co/datasets/sidd707/jewelry-design-dataset/img_003397.jpg,512,512
JW_003128,Img 003398,jewellery,data/catalogue/JW_003399.jpg,https://huggingface.co/datasets/sidd707/jewelry-design-dataset/img_003398.jpg,512,512
JW_003129,Img 003399,jewellery,data/catalogue/JW_003400.jpg,https://huggingface.co/datasets/sidd707/jewelry-design-dataset/img_003399.jpg,512,512
JW_003130,Img 003400,jewellery,data/catalogue/JW_003401.jpg,https://huggingface.co/datasets/sidd707/jewelry-design-dataset/img_003400.jpg,512,512
JW_003131,Img 003401,jewellery,data/catalogue/JW_003402.jpg,https://huggingface.co/datasets/sidd707/jewelry-design-dataset/img_003401.jpg,512,512
JW_003132,Img 003402,jewellery,data/catalogue/JW_003403.jpg,https://huggingface.co/datasets/sidd707/jewelry-design-dataset/img_003402.jpg,512,512
JW_003133,Img 003403,jewellery,data/catalogue/JW_003404.jpg,https://huggingface.co/datasets/sidd707/jewelry-design-dataset/img_003403.jpg,512,512
JW_003134,Img 003404,jewellery,data/catalogue/JW_003405.jpg,https://huggingface.co/datasets/sidd707/jewelry-design-dataset/img_003404.jpg,512,512
JW_003135,Img 003405,jewellery,data/catalogue/JW_003406.jpg,https://huggingface.co/datasets/sidd707/jewelry-design-dataset/img_003405.jpg,512,512
JW_003136,Img 003406,jewellery,data/catalogue/JW_003407.jpg,https://huggingface.co/datasets/sidd707/jewelry-design-dataset/img_003406.jpg,512,512
JW_003137,Img 003407,jewellery,data/catalogue/JW_003408.jpg,https://huggingface.co/datasets/sidd707/jewelry-design-dataset/img_003407.jpg,512,512
JW_003138,Img 003408,jewellery,data/catalogue/JW_003409.jpg,https://huggingface.co/datasets/sidd707/jewelry-design-dataset/img_003408.jpg,512,512
JW_003139,Img 003409,jewellery,data/catalogue/JW_003410.jpg,https://huggingface.co/datasets/sidd707/jewelry-design-dataset/img_003409.jpg,512,512
JW_003140,Img 003410,jewellery,data/catalogue/JW_003411.jpg,https://huggingface.co/datasets/sidd707/jewelry-design-dataset/img_003410.jpg,512,512
JW_003141,Img 003411,jewellery,data/catalogue/JW_003412.jpg,https://huggingface.co/datasets/sidd707/jewelry-design-dataset/img_003411.jpg,512,512
JW_003142,Img 003412,jewellery,data/catalogue/JW_003413.jpg,https://huggingface.co/datasets/sidd707/jewelry-design-dataset/img_003412.jpg,512,512
JW_003143,Img 003413,jewellery,data/catalogue/JW_003414.jpg,https://huggingface.co/datasets/sidd707/jewelry-design-dataset/img_003413.jpg,512,512
JW_003144,Img 003414,jewellery,data/catalogue/JW_003415.jpg,https://huggingface.co/datasets/sidd707/jewelry-design-dataset/img_003414.jpg,512,512
JW_003145,Img 003415,jewellery,data/catalogue/JW_003416.jpg,https://huggingface.co/datasets/sidd707/jewelry-design-dataset/img_003415.jpg,512,512
JW_003146,Img 003416,jewellery,data/catalogue/JW_003417.jpg,https://huggingface.co/datasets/sidd707/jewelry-design-dataset/img_003416.jpg,512,512
JW_003147,Img 003417,jewellery,data/catalogue/JW_003418.jpg,https://huggingface.co/datasets/sidd707/jewelry-design-dataset/img_003417.jpg,512,512
JW_003148,Img 003418,jewellery,data/catalogue/JW_003419.jpg,https://huggingface.co/datasets/sidd707/jewelry-design-dataset/img_003418.jpg,512,512
JW_003149,Img 003419,jewellery,data/catalogue/JW_003420.jpg,https://huggingface.co/datasets/sidd707/jewelry-design-dataset/img_003419.jpg,512,512
JW_003150,Img 003420,jewellery,data/catalogue/JW_003421.jpg,https://huggingface.co/datasets/sidd707/jewelry-design-dataset/img_003420.jpg,512,512
JW_003151,Img 003421,jewellery,data/catalogue/JW_003422.jpg,https://huggingface.co/datasets/sidd707/jewelry-design-dataset/img_003421.jpg,512,512
JW_003152,Img 003422,jewellery,data/catalogue/JW_003423.jpg,https://huggingface.co/datasets/sidd707/jewelry-design-dataset/img_003422.jpg,512,512
JW_003153,Img 003423,jewellery,data/catalogue/JW_003424.jpg,https://huggingface.co/datasets/sidd707/jewelry-design-dataset/img_003423.jpg,512,512
JW_003154,Img 003424,jewellery,data/catalogue/JW_003425.jpg,https://huggingface.co/datasets/sidd707/jewelry-design-dataset/img_003424.jpg,512,512
JW_003155,Img 003425,jewellery,data/catalogue/JW_003426.jpg,https://huggingface.co/datasets/sidd707/jewelry-design-dataset/img_003425.jpg,512,512
JW_003156,Img 003426,jewellery,data/catalogue/JW_003427.jpg,https://huggingface.co/datasets/sidd707/jewelry-design-dataset/img_003426.jpg,512,512
JW_003157,Img 003427,jewellery,data/catalogue/JW_003428.jpg,https://huggingface.co/datasets/sidd707/jewelry-design-dataset/img_003427.jpg,512,512
JW_003158,Img 003428,jewellery,data/catalogue/JW_003429.jpg,https://huggingface.co/datasets/sidd707/jewelry-design-dataset/img_003428.jpg,512,512
JW_003159,Img 003429,jewellery,data/catalogue/JW_003430.jpg,https://huggingface.co/datasets/sidd707/jewelry-design-dataset/img_003429.jpg,512,512
JW_003160,Img 003430,jewellery,data/catalogue/JW_003431.jpg,https://huggingface.co/datasets/sidd707/jewelry-design-dataset/img_003430.jpg,512,512
JW_003161,Img 003431,jewellery,data/catalogue/JW_003432.jpg,https://huggingface.co/datasets/sidd707/jewelry-design-dataset/img_003431.jpg,512,512
JW_003162,Img 003432,jewellery,data/catalogue/JW_003433.jpg,https://huggingface.co/datasets/sidd707/jewelry-design-dataset/img_003432.jpg,512,512
JW_003163,Img 003433,jewellery,data/catalogue/JW_003434.jpg,https://huggingface.co/datasets/sidd707/jewelry-design-dataset/img_003433.jpg,512,512
JW_003164,Img 003434,jewellery,data/catalogue/JW_003435.jpg,https://huggingface.co/datasets/sidd707/jewelry-design-dataset/img_003434.jpg,512,512
JW_003165,Img 003435,jewellery,data/catalogue/JW_003436.jpg,https://huggingface.co/datasets/sidd707/jewelry-design-dataset/img_003435.jpg,512,512
JW_003166,Img 003436,jewellery,data/catalogue/JW_003437.jpg,https://huggingface.co/datasets/sidd707/jewelry-design-dataset/img_003436.jpg,512,512
JW_003167,Img 003437,jewellery,data/catalogue/JW_003438.jpg,https://huggingface.co/datasets/sidd707/jewelry-design-dataset/img_003437.jpg,512,512
JW_003168,Img 003438,jewellery,data/catalogue/JW_003439.jpg,https://huggingface.co/datasets/sidd707/jewelry-design-dataset/img_003438.jpg,512,512
JW_003169,Img 003439,jewellery,data/catalogue/JW_003440.jpg,https://huggingface.co/datasets/sidd707/jewelry-design-dataset/img_003439.jpg,512,512
JW_003170,Img 003440,jewellery,data/catalogue/JW_003441.jpg,https://huggingface.co/datasets/sidd707/jewelry-design-dataset/img_003440.jpg,512,512
JW_003171,Img 003441,jewellery,data/catalogue/JW_003442.jpg,https://huggingface.co/datasets/sidd707/jewelry-design-dataset/img_003441.jpg,512,512
JW_003172,Img 003442,jewellery,data/catalogue/JW_003443.jpg,https://huggingface.co/datasets/sidd707/jewelry-design-dataset/img_003442.jpg,512,512
JW_003173,Img 003443,jewellery,data/catalogue/JW_003444.jpg,https://huggingface.co/datasets/sidd707/jewelry-design-dataset/img_003443.jpg,512,512
JW_003174,Img 003444,jewellery,data/catalogue/JW_003445.jpg,https://huggingface.co/datasets/sidd707/jewelry-design-dataset/img_003444.jpg,512,512
JW_003175,Img 003445,jewellery,data/catalogue/JW_003446.jpg,https://huggingface.co/datasets/sidd707/jewelry-design-dataset/img_003445.jpg,512,512
JW_003176,Img 003446,jewellery,data/catalogue/JW_003447.jpg,https://huggingface.co/datasets/sidd707/jewelry-design-dataset/img_003446.jpg,512,512
JW_003177,Img 003447,jewellery,data/catalogue/JW_003448.jpg,https://huggingface.co/datasets/sidd707/jewelry-design-dataset/img_003447.jpg,512,512
JW_003178,Img 003448,jewellery,data/catalogue/JW_003449.jpg,https://huggingface.co/datasets/sidd707/jewelry-design-dataset/img_003448.jpg,512,512
JW_003179,Img 003449,jewellery,data/catalogue/JW_003450.jpg,https://huggingface.co/datasets/sidd707/jewelry-design-dataset/img_003449.jpg,512,512
JW_003180,Img 003451,jewellery,data/catalogue/JW_003452.jpg,https://huggingface.co/datasets/sidd707/jewelry-design-dataset/img_003451.jpg,512,512
JW_003181,Img 003452,jewellery,data/catalogue/JW_003453.jpg,https://huggingface.co/datasets/sidd707/jewelry-design-dataset/img_003452.jpg,512,512
JW_003182,Img 003453,jewellery,data/catalogue/JW_003454.jpg,https://huggingface.co/datasets/sidd707/jewelry-design-dataset/img_003453.jpg,512,512
JW_003183,Img 003454,jewellery,data/catalogue/JW_003455.jpg,https://huggingface.co/datasets/sidd707/jewelry-design-dataset/img_003454.jpg,512,512
JW_003184,Img 003455,jewellery,data/catalogue/JW_003456.jpg,https://huggingface.co/datasets/sidd707/jewelry-design-dataset/img_003455.jpg,512,512
JW_003185,Img 003456,jewellery,data/catalogue/JW_003457.jpg,https://huggingface.co/datasets/sidd707/jewelry-design-dataset/img_003456.jpg,512,512
JW_003186,Img 003457,jewellery,data/catalogue/JW_003458.jpg,https://huggingface.co/datasets/sidd707/jewelry-design-dataset/img_003457.jpg,512,512
JW_003187,Img 003458,jewellery,data/catalogue/JW_003459.jpg,https://huggingface.co/datasets/sidd707/jewelry-design-dataset/img_003458.jpg,512,512
JW_003188,Img 003459,jewellery,data/catalogue/JW_003460.jpg,https://huggingface.co/datasets/sidd707/jewelry-design-dataset/img_003459.jpg,512,512
JW_003189,Img 003460,jewellery,data/catalogue/JW_003461.jpg,https://huggingface.co/datasets/sidd707/jewelry-design-dataset/img_003460.jpg,512,512
JW_003190,Img 003461,jewellery,data/catalogue/JW_003462.jpg,https://huggingface.co/datasets/sidd707/jewelry-design-dataset/img_003461.jpg,512,512
JW_003191,Img 003462,jewellery,data/catalogue/JW_003463.jpg,https://huggingface.co/datasets/sidd707/jewelry-design-dataset/img_003462.jpg,512,512
JW_003192,Img 003463,jewellery,data/catalogue/JW_003464.jpg,https://huggingface.co/datasets/sidd707/jewelry-design-dataset/img_003463.jpg,512,512
JW_003193,Img 003464,jewellery,data/catalogue/JW_003465.jpg,https://huggingface.co/datasets/sidd707/jewelry-design-dataset/img_003464.jpg,512,512
JW_003194,Img 003465,jewellery,data/catalogue/JW_003466.jpg,https://huggingface.co/datasets/sidd707/jewelry-design-dataset/img_003465.jpg,512,512
JW_003195,Img 003466,jewellery,data/catalogue/JW_003467.jpg,https://huggingface.co/datasets/sidd707/jewelry-design-dataset/img_003466.jpg,512,512
JW_003196,Img 003467,jewellery,data/catalogue/JW_003468.jpg,https://huggingface.co/datasets/sidd707/jewelry-design-dataset/img_003467.jpg,512,512
JW_003197,Img 003468,jewellery,data/catalogue/JW_003469.jpg,https://huggingface.co/datasets/sidd707/jewelry-design-dataset/img_003468.jpg,512,512
JW_003198,Img 003469,jewellery,data/catalogue/JW_003470.jpg,https://huggingface.co/datasets/sidd707/jewelry-design-dataset/img_003469.jpg,512,512
JW_003199,Img 003470,jewellery,data/catalogue/JW_003471.jpg,https://huggingface.co/datasets/sidd707/jewelry-design-dataset/img_003470.jpg,512,512
JW_003200,Img 003471,jewellery,data/catalogue/JW_003472.jpg,https://huggingface.co/datasets/sidd707/jewelry-design-dataset/img_003471.jpg,512,512
JW_003201,Img 003472,jewellery,data/catalogue/JW_003473.jpg,https://huggingface.co/datasets/sidd707/jewelry-design-dataset/img_003472.jpg,512,512
JW_003202,Img 003473,jewellery,data/catalogue/JW_003474.jpg,https://huggingface.co/datasets/sidd707/jewelry-design-dataset/img_003473.jpg,512,512
JW_003203,Img 003474,jewellery,data/catalogue/JW_003475.jpg,https://huggingface.co/datasets/sidd707/jewelry-design-dataset/img_003474.jpg,512,512
JW_003204,Img 003475,jewellery,data/catalogue/JW_003476.jpg,https://huggingface.co/datasets/sidd707/jewelry-design-dataset/img_003475.jpg,512,512
JW_003205,Img 003476,jewellery,data/catalogue/JW_003477.jpg,https://huggingface.co/datasets/sidd707/jewelry-design-dataset/img_003476.jpg,512,512
JW_003206,Img 003477,jewellery,data/catalogue/JW_003478.jpg,https://huggingface.co/datasets/sidd707/jewelry-design-dataset/img_003477.jpg,512,512
JW_003207,Img 003478,jewellery,data/catalogue/JW_003479.jpg,https://huggingface.co/datasets/sidd707/jewelry-design-dataset/img_003478.jpg,512,512
JW_003208,Img 003479,jewellery,data/catalogue/JW_003480.jpg,https://huggingface.co/datasets/sidd707/jewelry-design-dataset/img_003479.jpg,512,512
JW_003209,Img 003480,jewellery,data/catalogue/JW_003481.jpg,https://huggingface.co/datasets/sidd707/jewelry-design-dataset/img_003480.jpg,512,512
JW_003210,Img 003481,jewellery,data/catalogue/JW_003482.jpg,https://huggingface.co/datasets/sidd707/jewelry-design-dataset/img_003481.jpg,512,512
JW_003211,Img 003482,jewellery,data/catalogue/JW_003483.jpg,https://huggingface.co/datasets/sidd707/jewelry-design-dataset/img_003482.jpg,512,512
JW_003212,Img 003483,jewellery,data/catalogue/JW_003484.jpg,https://huggingface.co/datasets/sidd707/jewelry-design-dataset/img_003483.jpg,512,512
JW_003213,Img 003484,jewellery,data/catalogue/JW_003485.jpg,https://huggingface.co/datasets/sidd707/jewelry-design-dataset/img_003484.jpg,512,512
JW_003214,Img 003485,jewellery,data/catalogue/JW_003486.jpg,https://huggingface.co/datasets/sidd707/jewelry-design-dataset/img_003485.jpg,512,512
JW_003215,Img 003486,jewellery,data/catalogue/JW_003487.jpg,https://huggingface.co/datasets/sidd707/jewelry-design-dataset/img_003486.jpg,512,512
JW_003216,Img 003487,jewellery,data/catalogue/JW_003488.jpg,https://huggingface.co/datasets/sidd707/jewelry-design-dataset/img_003487.jpg,512,512
JW_003217,Img 003488,jewellery,data/catalogue/JW_003489.jpg,https://huggingface.co/datasets/sidd707/jewelry-design-dataset/img_003488.jpg,512,512
JW_003218,Img 003489,jewellery,data/catalogue/JW_003490.jpg,https://huggingface.co/datasets/sidd707/jewelry-design-dataset/img_003489.jpg,512,512
JW_003219,Img 003490,jewellery,data/catalogue/JW_003491.jpg,https://huggingface.co/datasets/sidd707/jewelry-design-dataset/img_003490.jpg,512,512
JW_003220,Img 003491,jewellery,data/catalogue/JW_003492.jpg,https://huggingface.co/datasets/sidd707/jewelry-design-dataset/img_003491.jpg,512,512
JW_003221,Img 003492,jewellery,data/catalogue/JW_003493.jpg,https://huggingface.co/datasets/sidd707/jewelry-design-dataset/img_003492.jpg,512,512
JW_003222,Img 003493,jewellery,data/catalogue/JW_003494.jpg,https://huggingface.co/datasets/sidd707/jewelry-design-dataset/img_003493.jpg,512,512
JW_003223,Img 003494,jewellery,data/catalogue/JW_003495.jpg,https://huggingface.co/datasets/sidd707/jewelry-design-dataset/img_003494.jpg,680,680
JW_003224,Img 003495,jewellery,data/catalogue/JW_003496.jpg,https://huggingface.co/datasets/sidd707/jewelry-design-dataset/img_003495.jpg,680,680
JW_003225,Img 003496,jewellery,data/catalogue/JW_003497.jpg,https://huggingface.co/datasets/sidd707/jewelry-design-dataset/img_003496.jpg,720,960
JW_003226,Img 003497,jewellery,data/catalogue/JW_003498.jpg,https://huggingface.co/datasets/sidd707/jewelry-design-dataset/img_003497.jpg,720,960
JW_003227,Img 003498,jewellery,data/catalogue/JW_003499.jpg,https://huggingface.co/datasets/sidd707/jewelry-design-dataset/img_003498.jpg,600,480
JW_003228,Img 003499,jewellery,data/catalogue/JW_003500.jpg,https://huggingface.co/datasets/sidd707/jewelry-design-dataset/img_003499.jpg,450,450
JW_003229,Img 003500,jewellery,data/catalogue/JW_003501.jpg,https://huggingface.co/datasets/sidd707/jewelry-design-dataset/img_003500.jpg,300,300
JW_003230,Img 003502,jewellery,data/catalogue/JW_003503.jpg,https://huggingface.co/datasets/sidd707/jewelry-design-dataset/img_003502.jpg,375,500
JW_003231,Img 003503,jewellery,data/catalogue/JW_003504.jpg,https://huggingface.co/datasets/sidd707/jewelry-design-dataset/img_003503.jpg,1000,1000
JW_003232,Img 003504,jewellery,data/catalogue/JW_003505.jpg,https://huggingface.co/datasets/sidd707/jewelry-design-dataset/img_003504.jpg,300,300
JW_003233,Img 003506,jewellery,data/catalogue/JW_003507.jpg,https://huggingface.co/datasets/sidd707/jewelry-design-dataset/img_003506.jpg,540,540
JW_003234,Img 003507,jewellery,data/catalogue/JW_003508.jpg,https://huggingface.co/datasets/sidd707/jewelry-design-dataset/img_003507.jpg,480,480
JW_003235,Img 003508,jewellery,data/catalogue/JW_003509.jpg,https://huggingface.co/datasets/sidd707/jewelry-design-dataset/img_003508.jpg,395,395
JW_003236,Img 003509,jewellery,data/catalogue/JW_003510.jpg,https://huggingface.co/datasets/sidd707/jewelry-design-dataset/img_003509.jpg,395,395
JW_003237,Img 003510,jewellery,data/catalogue/JW_003511.jpg,https://huggingface.co/datasets/sidd707/jewelry-design-dataset/img_003510.jpg,300,300
JW_003238,Img 003511,jewellery,data/catalogue/JW_003512.jpg,https://huggingface.co/datasets/sidd707/jewelry-design-dataset/img_003511.jpg,407,500
JW_003239,Img 003512,jewellery,data/catalogue/JW_003513.jpg,https://huggingface.co/datasets/sidd707/jewelry-design-dataset/img_003512.jpg,395,395
JW_003240,Img 003513,jewellery,data/catalogue/JW_003514.jpg,https://huggingface.co/datasets/sidd707/jewelry-design-dataset/img_003513.jpg,500,500
JW_003241,Img 003514,jewellery,data/catalogue/JW_003515.jpg,https://huggingface.co/datasets/sidd707/jewelry-design-dataset/img_003514.jpg,1100,950
JW_003242,Img 003515,jewellery,data/catalogue/JW_003516.jpg,https://huggingface.co/datasets/sidd707/jewelry-design-dataset/img_003515.jpg,1100,950
JW_003243,Img 003516,jewellery,data/catalogue/JW_003517.jpg,https://huggingface.co/datasets/sidd707/jewelry-design-dataset/img_003516.jpg,500,500
JW_003244,Img 003517,jewellery,data/catalogue/JW_003518.jpg,https://huggingface.co/datasets/sidd707/jewelry-design-dataset/img_003517.jpg,395,278
JW_003245,Img 003518,jewellery,data/catalogue/JW_003519.jpg,https://huggingface.co/datasets/sidd707/jewelry-design-dataset/img_003518.jpg,337,535
JW_003246,Img 003519,jewellery,data/catalogue/JW_003520.jpg,https://huggingface.co/datasets/sidd707/jewelry-design-dataset/img_003519.jpg,393,500
JW_003247,Img 003521,jewellery,data/catalogue/JW_003522.jpg,https://huggingface.co/datasets/sidd707/jewelry-design-dataset/img_003521.jpg,395,395
JW_003248,Img 003522,jewellery,data/catalogue/JW_003523.jpg,https://huggingface.co/datasets/sidd707/jewelry-design-dataset/img_003522.jpg,395,395
JW_003249,Img 003523,jewellery,data/catalogue/JW_003524.jpg,https://huggingface.co/datasets/sidd707/jewelry-design-dataset/img_003523.jpg,500,500
JW_003250,Img 003524,jewellery,data/catalogue/JW_003525.jpg,https://huggingface.co/datasets/sidd707/jewelry-design-dataset/img_003524.jpg,1100,950
JW_003251,Img 003525,jewellery,data/catalogue/JW_003526.jpg,https://huggingface.co/datasets/sidd707/jewelry-design-dataset/img_003525.jpg,500,500
JW_003252,Img 003526,jewellery,data/catalogue/JW_003527.jpg,https://huggingface.co/datasets/sidd707/jewelry-design-dataset/img_003526.jpg,376,395
JW_003253,Img 003527,jewellery,data/catalogue/JW_003528.jpg,https://huggingface.co/datasets/sidd707/jewelry-design-dataset/img_003527.jpg,374,395
JW_003254,Img 003528,jewellery,data/catalogue/JW_003529.jpg,https://huggingface.co/datasets/sidd707/jewelry-design-dataset/img_003528.jpg,395,395
JW_003255,Img 003529,jewellery,data/catalogue/JW_003530.jpg,https://huggingface.co/datasets/sidd707/jewelry-design-dataset/img_003529.jpg,395,288
JW_003256,Img 003530,jewellery,data/catalogue/JW_003531.jpg,https://huggingface.co/datasets/sidd707/jewelry-design-dataset/img_003530.jpg,395,395
JW_003257,Img 003531,jewellery,data/catalogue/JW_003532.jpg,https://huggingface.co/datasets/sidd707/jewelry-design-dataset/img_003531.jpg,395,395
JW_003258,Img 003532,jewellery,data/catalogue/JW_003533.jpg,https://huggingface.co/datasets/sidd707/jewelry-design-dataset/img_003532.jpg,1500,1500
JW_003259,Img 003533,jewellery,data/catalogue/JW_003534.jpg,https://huggingface.co/datasets/sidd707/jewelry-design-dataset/img_003533.jpg,344,535
JW_003260,Img 003534,jewellery,data/catalogue/JW_003535.jpg,https://huggingface.co/datasets/sidd707/jewelry-design-dataset/img_003534.jpg,720,960
JW_003261,Img 003535,jewellery,data/catalogue/JW_003536.jpg,https://huggingface.co/datasets/sidd707/jewelry-design-dataset/img_003535.jpg,500,625
JW_003262,Img 003536,jewellery,data/catalogue/JW_003537.jpg,https://huggingface.co/datasets/sidd707/jewelry-design-dataset/img_003536.jpg,500,625
JW_003263,Img 003537,jewellery,data/catalogue/JW_003538.jpg,https://huggingface.co/datasets/sidd707/jewelry-design-dataset/img_003537.jpg,450,450
JW_003264,Img 003538,jewellery,data/catalogue/JW_003539.jpg,https://huggingface.co/datasets/sidd707/jewelry-design-dataset/img_003538.jpg,2250,1500
JW_003265,Img 003539,jewellery,data/catalogue/JW_003540.jpg,https://huggingface.co/datasets/sidd707/jewelry-design-dataset/img_003539.jpg,750,500
JW_003266,Img 003540,jewellery,data/catalogue/JW_003541.jpg,https://huggingface.co/datasets/sidd707/jewelry-design-dataset/img_003540.jpg,250,250
JW_003267,Img 003541,jewellery,data/catalogue/JW_003542.jpg,https://huggingface.co/datasets/sidd707/jewelry-design-dataset/img_003541.jpg,745,697
JW_003268,Img 003542,jewellery,data/catalogue/JW_003543.jpg,https://huggingface.co/datasets/sidd707/jewelry-design-dataset/img_003542.jpg,741,683
JW_003269,Img 003543,jewellery,data/catalogue/JW_003544.jpg,https://huggingface.co/datasets/sidd707/jewelry-design-dataset/img_003543.jpg,250,250
JW_003270,Img 003544,jewellery,data/catalogue/JW_003545.jpg,https://huggingface.co/datasets/sidd707/jewelry-design-dataset/img_003544.jpg,1000,1000
JW_003271,Img 003545,jewellery,data/catalogue/JW_003546.jpg,https://huggingface.co/datasets/sidd707/jewelry-design-dataset/img_003545.jpg,750,500
JW_003272,Img 003547,jewellery,data/catalogue/JW_003548.jpg,https://huggingface.co/datasets/sidd707/jewelry-design-dataset/img_003547.jpg,350,350
JW_003273,Img 003548,jewellery,data/catalogue/JW_003549.jpg,https://huggingface.co/datasets/sidd707/jewelry-design-dataset/img_003548.jpg,1100,950
JW_003274,Img 003549,jewellery,data/catalogue/JW_003550.jpg,https://huggingface.co/datasets/sidd707/jewelry-design-dataset/img_003549.jpg,600,600
JW_003275,Img 003550,jewellery,data/catalogue/JW_003551.jpg,https://huggingface.co/datasets/sidd707/jewelry-design-dataset/img_003550.jpg,600,600
JW_003276,Img 003551,jewellery,data/catalogue/JW_003552.jpg,https://huggingface.co/datasets/sidd707/jewelry-design-dataset/img_003551.jpg,1500,1500
JW_003277,Img 003552,jewellery,data/catalogue/JW_003553.jpg,https://huggingface.co/datasets/sidd707/jewelry-design-dataset/img_003552.jpg,350,350
JW_003278,Img 003553,jewellery,data/catalogue/JW_003554.jpg,https://huggingface.co/datasets/sidd707/jewelry-design-dataset/img_003553.jpg,800,800
JW_003279,Img 003554,jewellery,data/catalogue/JW_003555.jpg,https://huggingface.co/datasets/sidd707/jewelry-design-dataset/img_003554.jpg,760,500
JW_003280,Img 003555,jewellery,data/catalogue/JW_003556.jpg,https://huggingface.co/datasets/sidd707/jewelry-design-dataset/img_003555.jpg,760,500
JW_003281,Img 003556,jewellery,data/catalogue/JW_003557.jpg,https://huggingface.co/datasets/sidd707/jewelry-design-dataset/img_003556.jpg,1200,800
JW_003282,Img 003557,jewellery,data/catalogue/JW_003558.jpg,https://huggingface.co/datasets/sidd707/jewelry-design-dataset/img_003557.jpg,1200,800
JW_003283,Img 003558,jewellery,data/catalogue/JW_003559.jpg,https://huggingface.co/datasets/sidd707/jewelry-design-dataset/img_003558.jpg,760,500
JW_003284,Img 003559,jewellery,data/catalogue/JW_003560.jpg,https://huggingface.co/datasets/sidd707/jewelry-design-dataset/img_003559.jpg,1080,1440
JW_003285,Img 003560,jewellery,data/catalogue/JW_003561.jpg,https://huggingface.co/datasets/sidd707/jewelry-design-dataset/img_003560.jpg,600,600
JW_003286,Img 003561,jewellery,data/catalogue/JW_003562.jpg,https://huggingface.co/datasets/sidd707/jewelry-design-dataset/img_003561.jpg,262,262
JW_003287,Img 003562,jewellery,data/catalogue/JW_003563.jpg,https://huggingface.co/datasets/sidd707/jewelry-design-dataset/img_003562.jpg,262,262
JW_003288,Img 003563,jewellery,data/catalogue/JW_003564.jpg,https://huggingface.co/datasets/sidd707/jewelry-design-dataset/img_003563.jpg,262,262
JW_003289,Img 003564,jewellery,data/catalogue/JW_003565.jpg,https://huggingface.co/datasets/sidd707/jewelry-design-dataset/img_003564.jpg,262,262
JW_003290,Img 003568,jewellery,data/catalogue/JW_003569.jpg,https://huggingface.co/datasets/sidd707/jewelry-design-dataset/img_003568.jpg,262,262
JW_003291,Img 003569,jewellery,data/catalogue/JW_003570.jpg,https://huggingface.co/datasets/sidd707/jewelry-design-dataset/img_003569.jpg,262,262
JW_003292,Img 003570,jewellery,data/catalogue/JW_003571.jpg,https://huggingface.co/datasets/sidd707/jewelry-design-dataset/img_003570.jpg,262,262
JW_003293,Img 003571,jewellery,data/catalogue/JW_003572.jpg,https://huggingface.co/datasets/sidd707/jewelry-design-dataset/img_003571.jpg,262,262
JW_003294,Img 003572,jewellery,data/catalogue/JW_003573.jpg,https://huggingface.co/datasets/sidd707/jewelry-design-dataset/img_003572.jpg,262,262
JW_003295,Img 003573,jewellery,data/catalogue/JW_003574.jpg,https://huggingface.co/datasets/sidd707/jewelry-design-dataset/img_003573.jpg,262,262
JW_003296,Img 003574,jewellery,data/catalogue/JW_003575.jpg,https://huggingface.co/datasets/sidd707/jewelry-design-dataset/img_003574.jpg,262,262
JW_003297,Img 003575,jewellery,data/catalogue/JW_003576.jpg,https://huggingface.co/datasets/sidd707/jewelry-design-dataset/img_003575.jpg,262,262
JW_003298,Img 003576,jewellery,data/catalogue/JW_003577.jpg,https://huggingface.co/datasets/sidd707/jewelry-design-dataset/img_003576.jpg,262,262
JW_003299,Img 003577,jewellery,data/catalogue/JW_003578.jpg,https://huggingface.co/datasets/sidd707/jewelry-design-dataset/img_003577.jpg,262,262
JW_003300,Img 003578,jewellery,data/catalogue/JW_003579.jpg,https://huggingface.co/datasets/sidd707/jewelry-design-dataset/img_003578.jpg,262,262
JW_003301,Img 003579,jewellery,data/catalogue/JW_003580.jpg,https://huggingface.co/datasets/sidd707/jewelry-design-dataset/img_003579.jpg,262,262
JW_003302,Img 003580,jewellery,data/catalogue/JW_003581.jpg,https://huggingface.co/datasets/sidd707/jewelry-design-dataset/img_003580.jpg,262,262
JW_003303,Img 003581,jewellery,data/catalogue/JW_003582.jpg,https://huggingface.co/datasets/sidd707/jewelry-design-dataset/img_003581.jpg,262,262
JW_003304,Img 003582,jewellery,data/catalogue/JW_003583.jpg,https://huggingface.co/datasets/sidd707/jewelry-design-dataset/img_003582.jpg,262,262
JW_003305,Img 003583,jewellery,data/catalogue/JW_003584.jpg,https://huggingface.co/datasets/sidd707/jewelry-design-dataset/img_003583.jpg,262,262
JW_003306,Img 003584,jewellery,data/catalogue/JW_003585.jpg,https://huggingface.co/datasets/sidd707/jewelry-design-dataset/img_003584.jpg,262,262
JW_003307,Img 003585,jewellery,data/catalogue/JW_003586.jpg,https://huggingface.co/datasets/sidd707/jewelry-design-dataset/img_003585.jpg,262,262
JW_003308,Img 003586,jewellery,data/catalogue/JW_003587.jpg,https://huggingface.co/datasets/sidd707/jewelry-design-dataset/img_003586.jpg,262,262
JW_003309,Img 003587,jewellery,data/catalogue/JW_003588.jpg,https://huggingface.co/datasets/sidd707/jewelry-design-dataset/img_003587.jpg,262,262
JW_003310,Img 003588,jewellery,data/catalogue/JW_003589.jpg,https://huggingface.co/datasets/sidd707/jewelry-design-dataset/img_003588.jpg,262,262
JW_003311,Img 003589,jewellery,data/catalogue/JW_003590.jpg,https://huggingface.co/datasets/sidd707/jewelry-design-dataset/img_003589.jpg,262,262
JW_003312,Img 003590,jewellery,data/catalogue/JW_003591.jpg,https://huggingface.co/datasets/sidd707/jewelry-design-dataset/img_003590.jpg,262,262
JW_003313,Img 003591,jewellery,data/catalogue/JW_003592.jpg,https://huggingface.co/datasets/sidd707/jewelry-design-dataset/img_003591.jpg,262,262
JW_003314,Img 003592,jewellery,data/catalogue/JW_003593.jpg,https://huggingface.co/datasets/sidd707/jewelry-design-dataset/img_003592.jpg,262,262
JW_003315,Img 003593,jewellery,data/catalogue/JW_003594.jpg,https://huggingface.co/datasets/sidd707/jewelry-design-dataset/img_003593.jpg,262,262
JW_003316,Img 003594,jewellery,data/catalogue/JW_003595.jpg,https://huggingface.co/datasets/sidd707/jewelry-design-dataset/img_003594.jpg,262,262
JW_003317,Img 003595,jewellery,data/catalogue/JW_003596.jpg,https://huggingface.co/datasets/sidd707/jewelry-design-dataset/img_003595.jpg,262,262
JW_003318,Img 003596,jewellery,data/catalogue/JW_003597.jpg,https://huggingface.co/datasets/sidd707/jewelry-design-dataset/img_003596.jpg,262,262
JW_003319,Img 003597,jewellery,data/catalogue/JW_003598.jpg,https://huggingface.co/datasets/sidd707/jewelry-design-dataset/img_003597.jpg,262,262
JW_003320,Img 003598,jewellery,data/catalogue/JW_003599.jpg,https://huggingface.co/datasets/sidd707/jewelry-design-dataset/img_003598.jpg,262,262
JW_003321,Img 003599,jewellery,data/catalogue/JW_003600.jpg,https://huggingface.co/datasets/sidd707/jewelry-design-dataset/img_003599.jpg,262,262
JW_003322,Img 003600,jewellery,data/catalogue/JW_003601.jpg,https://huggingface.co/datasets/sidd707/jewelry-design-dataset/img_003600.jpg,262,262
JW_003323,Img 003601,jewellery,data/catalogue/JW_003602.jpg,https://huggingface.co/datasets/sidd707/jewelry-design-dataset/img_003601.jpg,262,262
JW_003324,Img 003602,jewellery,data/catalogue/JW_003603.jpg,https://huggingface.co/datasets/sidd707/jewelry-design-dataset/img_003602.jpg,262,262
JW_003325,Img 003603,jewellery,data/catalogue/JW_003604.jpg,https://huggingface.co/datasets/sidd707/jewelry-design-dataset/img_003603.jpg,262,262
JW_003326,Img 003604,jewellery,data/catalogue/JW_003605.jpg,https://huggingface.co/datasets/sidd707/jewelry-design-dataset/img_003604.jpg,262,262
JW_003327,Img 003605,jewellery,data/catalogue/JW_003606.jpg,https://huggingface.co/datasets/sidd707/jewelry-design-dataset/img_003605.jpg,262,262
JW_003328,Img 003606,jewellery,data/catalogue/JW_003607.jpg,https://huggingface.co/datasets/sidd707/jewelry-design-dataset/img_003606.jpg,262,262
JW_003329,Img 003607,jewellery,data/catalogue/JW_003608.jpg,https://huggingface.co/datasets/sidd707/jewelry-design-dataset/img_003607.jpg,262,262
JW_003330,Img 003608,jewellery,data/catalogue/JW_003609.jpg,https://huggingface.co/datasets/sidd707/jewelry-design-dataset/img_003608.jpg,262,262
JW_003331,Img 003609,jewellery,data/catalogue/JW_003610.jpg,https://huggingface.co/datasets/sidd707/jewelry-design-dataset/img_003609.jpg,262,262
JW_003332,Img 003610,jewellery,data/catalogue/JW_003611.jpg,https://huggingface.co/datasets/sidd707/jewelry-design-dataset/img_003610.jpg,262,262
JW_003333,Img 003611,jewellery,data/catalogue/JW_003612.jpg,https://huggingface.co/datasets/sidd707/jewelry-design-dataset/img_003611.jpg,262,262
JW_003334,Img 003612,jewellery,data/catalogue/JW_003613.jpg,https://huggingface.co/datasets/sidd707/jewelry-design-dataset/img_003612.jpg,262,262
JW_003335,Img 003613,jewellery,data/catalogue/JW_003614.jpg,https://huggingface.co/datasets/sidd707/jewelry-design-dataset/img_003613.jpg,262,262
JW_003336,Img 003614,jewellery,data/catalogue/JW_003615.jpg,https://huggingface.co/datasets/sidd707/jewelry-design-dataset/img_003614.jpg,262,262
JW_003337,Img 003615,jewellery,data/catalogue/JW_003616.jpg,https://huggingface.co/datasets/sidd707/jewelry-design-dataset/img_003615.jpg,262,262
JW_003338,Img 003616,jewellery,data/catalogue/JW_003617.jpg,https://huggingface.co/datasets/sidd707/jewelry-design-dataset/img_003616.jpg,262,262
JW_003339,Img 003617,jewellery,data/catalogue/JW_003618.jpg,https://huggingface.co/datasets/sidd707/jewelry-design-dataset/img_003617.jpg,262,262
JW_003340,Img 003618,jewellery,data/catalogue/JW_003619.jpg,https://huggingface.co/datasets/sidd707/jewelry-design-dataset/img_003618.jpg,262,262
JW_003341,Img 003619,jewellery,data/catalogue/JW_003620.jpg,https://huggingface.co/datasets/sidd707/jewelry-design-dataset/img_003619.jpg,262,262
JW_003342,Img 003620,jewellery,data/catalogue/JW_003621.jpg,https://huggingface.co/datasets/sidd707/jewelry-design-dataset/img_003620.jpg,262,262
JW_003343,Img 003621,jewellery,data/catalogue/JW_003622.jpg,https://huggingface.co/datasets/sidd707/jewelry-design-dataset/img_003621.jpg,262,262
JW_003344,Img 003622,jewellery,data/catalogue/JW_003623.jpg,https://huggingface.co/datasets/sidd707/jewelry-design-dataset/img_003622.jpg,262,262
JW_003345,Img 003623,jewellery,data/catalogue/JW_003624.jpg,https://huggingface.co/datasets/sidd707/jewelry-design-dataset/img_003623.jpg,262,262
JW_003346,Img 003624,jewellery,data/catalogue/JW_003625.jpg,https://huggingface.co/datasets/sidd707/jewelry-design-dataset/img_003624.jpg,262,262
JW_003347,Img 003625,jewellery,data/catalogue/JW_003626.jpg,https://huggingface.co/datasets/sidd707/jewelry-design-dataset/img_003625.jpg,262,262
JW_003348,Img 003626,jewellery,data/catalogue/JW_003627.jpg,https://huggingface.co/datasets/sidd707/jewelry-design-dataset/img_003626.jpg,262,262
JW_003349,Img 003627,jewellery,data/catalogue/JW_003628.jpg,https://huggingface.co/datasets/sidd707/jewelry-design-dataset/img_003627.jpg,262,262
JW_003350,Img 003628,jewellery,data/catalogue/JW_003629.jpg,https://huggingface.co/datasets/sidd707/jewelry-design-dataset/img_003628.jpg,262,262
JW_003351,Img 003629,jewellery,data/catalogue/JW_003630.jpg,https://huggingface.co/datasets/sidd707/jewelry-design-dataset/img_003629.jpg,262,262
JW_003352,Img 003630,jewellery,data/catalogue/JW_003631.jpg,https://huggingface.co/datasets/sidd707/jewelry-design-dataset/img_003630.jpg,262,262
JW_003353,Img 003631,jewellery,data/catalogue/JW_003632.jpg,https://huggingface.co/datasets/sidd707/jewelry-design-dataset/img_003631.jpg,262,262
JW_003354,Img 003632,jewellery,data/catalogue/JW_003633.jpg,https://huggingface.co/datasets/sidd707/jewelry-design-dataset/img_003632.jpg,262,262
JW_003355,Img 003633,jewellery,data/catalogue/JW_003634.jpg,https://huggingface.co/datasets/sidd707/jewelry-design-dataset/img_003633.jpg,262,262
JW_003356,Img 003634,jewellery,data/catalogue/JW_003635.jpg,https://huggingface.co/datasets/sidd707/jewelry-design-dataset/img_003634.jpg,262,262
JW_003357,Img 003635,jewellery,data/catalogue/JW_003636.jpg,https://huggingface.co/datasets/sidd707/jewelry-design-dataset/img_003635.jpg,262,262
JW_003358,Img 003636,jewellery,data/catalogue/JW_003637.jpg,https://huggingface.co/datasets/sidd707/jewelry-design-dataset/img_003636.jpg,262,262
JW_003359,Img 003637,jewellery,data/catalogue/JW_003638.jpg,https://huggingface.co/datasets/sidd707/jewelry-design-dataset/img_003637.jpg,262,262
JW_003360,Img 003638,jewellery,data/catalogue/JW_003639.jpg,https://huggingface.co/datasets/sidd707/jewelry-design-dataset/img_003638.jpg,262,262
JW_003361,Img 003639,jewellery,data/catalogue/JW_003640.jpg,https://huggingface.co/datasets/sidd707/jewelry-design-dataset/img_003639.jpg,262,262
JW_003362,Img 003640,jewellery,data/catalogue/JW_003641.jpg,https://huggingface.co/datasets/sidd707/jewelry-design-dataset/img_003640.jpg,262,262
JW_003363,Img 003641,jewellery,data/catalogue/JW_003642.jpg,https://huggingface.co/datasets/sidd707/jewelry-design-dataset/img_003641.jpg,262,262
JW_003364,Img 003642,jewellery,data/catalogue/JW_003643.jpg,https://huggingface.co/datasets/sidd707/jewelry-design-dataset/img_003642.jpg,262,262
JW_003365,Img 003643,jewellery,data/catalogue/JW_003644.jpg,https://huggingface.co/datasets/sidd707/jewelry-design-dataset/img_003643.jpg,262,262
JW_003366,Img 003644,jewellery,data/catalogue/JW_003645.jpg,https://huggingface.co/datasets/sidd707/jewelry-design-dataset/img_003644.jpg,262,262
JW_003367,Img 003645,jewellery,data/catalogue/JW_003646.jpg,https://huggingface.co/datasets/sidd707/jewelry-design-dataset/img_003645.jpg,262,262
JW_003368,Img 003646,jewellery,data/catalogue/JW_003647.jpg,https://huggingface.co/datasets/sidd707/jewelry-design-dataset/img_003646.jpg,262,262
JW_003369,Img 003647,jewellery,data/catalogue/JW_003648.jpg,https://huggingface.co/datasets/sidd707/jewelry-design-dataset/img_003647.jpg,262,262
JW_003370,Img 003648,jewellery,data/catalogue/JW_003649.jpg,https://huggingface.co/datasets/sidd707/jewelry-design-dataset/img_003648.jpg,262,262
JW_003371,Img 003649,jewellery,data/catalogue/JW_003650.jpg,https://huggingface.co/datasets/sidd707/jewelry-design-dataset/img_003649.jpg,262,262
JW_003372,Img 003650,jewellery,data/catalogue/JW_003651.jpg,https://huggingface.co/datasets/sidd707/jewelry-design-dataset/img_003650.jpg,262,262
JW_003373,Img 003651,jewellery,data/catalogue/JW_003652.jpg,https://huggingface.co/datasets/sidd707/jewelry-design-dataset/img_003651.jpg,262,262
JW_003374,Img 003652,jewellery,data/catalogue/JW_003653.jpg,https://huggingface.co/datasets/sidd707/jewelry-design-dataset/img_003652.jpg,262,262
JW_003375,Img 003653,jewellery,data/catalogue/JW_003654.jpg,https://huggingface.co/datasets/sidd707/jewelry-design-dataset/img_003653.jpg,262,262
JW_003376,Img 003654,jewellery,data/catalogue/JW_003655.jpg,https://huggingface.co/datasets/sidd707/jewelry-design-dataset/img_003654.jpg,262,262
JW_003377,Img 003655,jewellery,data/catalogue/JW_003656.jpg,https://huggingface.co/datasets/sidd707/jewelry-design-dataset/img_003655.jpg,262,262
JW_003378,Img 003656,jewellery,data/catalogue/JW_003657.jpg,https://huggingface.co/datasets/sidd707/jewelry-design-dataset/img_003656.jpg,262,262
JW_003379,Img 003657,jewellery,data/catalogue/JW_003658.jpg,https://huggingface.co/datasets/sidd707/jewelry-design-dataset/img_003657.jpg,262,262
JW_003380,Img 003658,jewellery,data/catalogue/JW_003659.jpg,https://huggingface.co/datasets/sidd707/jewelry-design-dataset/img_003658.jpg,262,262
JW_003381,Img 003659,jewellery,data/catalogue/JW_003660.jpg,https://huggingface.co/datasets/sidd707/jewelry-design-dataset/img_003659.jpg,262,262
JW_003382,Img 003660,jewellery,data/catalogue/JW_003661.jpg,https://huggingface.co/datasets/sidd707/jewelry-design-dataset/img_003660.jpg,262,262
JW_003383,Img 003661,jewellery,data/catalogue/JW_003662.jpg,https://huggingface.co/datasets/sidd707/jewelry-design-dataset/img_003661.jpg,262,262
JW_003384,Img 003662,jewellery,data/catalogue/JW_003663.jpg,https://huggingface.co/datasets/sidd707/jewelry-design-dataset/img_003662.jpg,262,262
JW_003385,Img 003663,jewellery,data/catalogue/JW_003664.jpg,https://huggingface.co/datasets/sidd707/jewelry-design-dataset/img_003663.jpg,262,262
JW_003386,Img 003664,jewellery,data/catalogue/JW_003665.jpg,https://huggingface.co/datasets/sidd707/jewelry-design-dataset/img_003664.jpg,262,262
JW_003387,Img 003665,jewellery,data/catalogue/JW_003666.jpg,https://huggingface.co/datasets/sidd707/jewelry-design-dataset/img_003665.jpg,262,262
JW_003388,Img 003666,jewellery,data/catalogue/JW_003667.jpg,https://huggingface.co/datasets/sidd707/jewelry-design-dataset/img_003666.jpg,262,262
JW_003389,Img 003667,jewellery,data/catalogue/JW_003668.jpg,https://huggingface.co/datasets/sidd707/jewelry-design-dataset/img_003667.jpg,262,262
JW_003390,Img 003668,jewellery,data/catalogue/JW_003669.jpg,https://huggingface.co/datasets/sidd707/jewelry-design-dataset/img_003668.jpg,262,262
JW_003391,Img 003669,jewellery,data/catalogue/JW_003670.jpg,https://huggingface.co/datasets/sidd707/jewelry-design-dataset/img_003669.jpg,262,262
JW_003392,Img 003670,jewellery,data/catalogue/JW_003671.jpg,https://huggingface.co/datasets/sidd707/jewelry-design-dataset/img_003670.jpg,262,262
JW_003393,Img 003671,jewellery,data/catalogue/JW_003672.jpg,https://huggingface.co/datasets/sidd707/jewelry-design-dataset/img_003671.jpg,262,262
JW_003394,Img 003672,jewellery,data/catalogue/JW_003673.jpg,https://huggingface.co/datasets/sidd707/jewelry-design-dataset/img_003672.jpg,262,262
JW_003395,Img 003674,jewellery,data/catalogue/JW_003675.jpg,https://huggingface.co/datasets/sidd707/jewelry-design-dataset/img_003674.jpg,262,262
JW_003396,Img 003675,jewellery,data/catalogue/JW_003676.jpg,https://huggingface.co/datasets/sidd707/jewelry-design-dataset/img_003675.jpg,262,262
JW_003397,Img 003676,jewellery,data/catalogue/JW_003677.jpg,https://huggingface.co/datasets/sidd707/jewelry-design-dataset/img_003676.jpg,262,262
JW_003398,Img 003677,jewellery,data/catalogue/JW_003678.jpg,https://huggingface.co/datasets/sidd707/jewelry-design-dataset/img_003677.jpg,262,262
JW_003399,Img 003679,jewellery,data/catalogue/JW_003680.jpg,https://huggingface.co/datasets/sidd707/jewelry-design-dataset/img_003679.jpg,262,262
JW_003400,Img 003680,jewellery,data/catalogue/JW_003681.jpg,https://huggingface.co/datasets/sidd707/jewelry-design-dataset/img_003680.jpg,262,262
JW_003401,Img 003681,jewellery,data/catalogue/JW_003682.jpg,https://huggingface.co/datasets/sidd707/jewelry-design-dataset/img_003681.jpg,262,262
JW_003402,Img 003682,jewellery,data/catalogue/JW_003683.jpg,https://huggingface.co/datasets/sidd707/jewelry-design-dataset/img_003682.jpg,262,262
JW_003403,Img 003683,jewellery,data/catalogue/JW_003684.jpg,https://huggingface.co/datasets/sidd707/jewelry-design-dataset/img_003683.jpg,262,262
JW_003404,Img 003684,jewellery,data/catalogue/JW_003685.jpg,https://huggingface.co/datasets/sidd707/jewelry-design-dataset/img_003684.jpg,262,262
JW_003405,Img 003685,jewellery,data/catalogue/JW_003686.jpg,https://huggingface.co/datasets/sidd707/jewelry-design-dataset/img_003685.jpg,262,262
JW_003406,Img 003686,jewellery,data/catalogue/JW_003687.jpg,https://huggingface.co/datasets/sidd707/jewelry-design-dataset/img_003686.jpg,262,262
JW_003407,Img 003687,jewellery,data/catalogue/JW_003688.jpg,https://huggingface.co/datasets/sidd707/jewelry-design-dataset/img_003687.jpg,262,262
JW_003408,Img 003688,jewellery,data/catalogue/JW_003689.jpg,https://huggingface.co/datasets/sidd707/jewelry-design-dataset/img_003688.jpg,262,262
JW_003409,Img 003689,jewellery,data/catalogue/JW_003690.jpg,https://huggingface.co/datasets/sidd707/jewelry-design-dataset/img_003689.jpg,262,262
JW_003410,Img 003690,jewellery,data/catalogue/JW_003691.jpg,https://huggingface.co/datasets/sidd707/jewelry-design-dataset/img_003690.jpg,262,262
JW_003411,Img 003691,jewellery,data/catalogue/JW_003692.jpg,https://huggingface.co/datasets/sidd707/jewelry-design-dataset/img_003691.jpg,262,262
JW_003412,Img 003692,jewellery,data/catalogue/JW_003693.jpg,https://huggingface.co/datasets/sidd707/jewelry-design-dataset/img_003692.jpg,262,262
JW_003413,Img 003693,jewellery,data/catalogue/JW_003694.jpg,https://huggingface.co/datasets/sidd707/jewelry-design-dataset/img_003693.jpg,262,262
JW_003414,Img 003694,jewellery,data/catalogue/JW_003695.jpg,https://huggingface.co/datasets/sidd707/jewelry-design-dataset/img_003694.jpg,262,262
JW_003415,Img 003695,jewellery,data/catalogue/JW_003696.jpg,https://huggingface.co/datasets/sidd707/jewelry-design-dataset/img_003695.jpg,262,262
JW_003416,Img 003696,jewellery,data/catalogue/JW_003697.jpg,https://huggingface.co/datasets/sidd707/jewelry-design-dataset/img_003696.jpg,262,262
JW_003417,Img 003697,jewellery,data/catalogue/JW_003698.jpg,https://huggingface.co/datasets/sidd707/jewelry-design-dataset/img_003697.jpg,262,262
JW_003418,Img 003698,jewellery,data/catalogue/JW_003699.jpg,https://huggingface.co/datasets/sidd707/jewelry-design-dataset/img_003698.jpg,262,262
JW_003419,Img 003699,jewellery,data/catalogue/JW_003700.jpg,https://huggingface.co/datasets/sidd707/jewelry-design-dataset/img_003699.jpg,262,262
JW_003420,Img 003700,jewellery,data/catalogue/JW_003701.jpg,https://huggingface.co/datasets/sidd707/jewelry-design-dataset/img_003700.jpg,262,262
JW_003421,Img 003701,jewellery,data/catalogue/JW_003702.jpg,https://huggingface.co/datasets/sidd707/jewelry-design-dataset/img_003701.jpg,262,262
JW_003422,Img 003702,jewellery,data/catalogue/JW_003703.jpg,https://huggingface.co/datasets/sidd707/jewelry-design-dataset/img_003702.jpg,262,262
JW_003423,Img 003703,jewellery,data/catalogue/JW_003704.jpg,https://huggingface.co/datasets/sidd707/jewelry-design-dataset/img_003703.jpg,262,262
JW_003424,Img 003704,jewellery,data/catalogue/JW_003705.jpg,https://huggingface.co/datasets/sidd707/jewelry-design-dataset/img_003704.jpg,262,262
JW_003425,Img 003705,jewellery,data/catalogue/JW_003706.jpg,https://huggingface.co/datasets/sidd707/jewelry-design-dataset/img_003705.jpg,262,262
JW_003426,Img 003706,jewellery,data/catalogue/JW_003707.jpg,https://huggingface.co/datasets/sidd707/jewelry-design-dataset/img_003706.jpg,262,262
JW_003427,Img 003707,jewellery,data/catalogue/JW_003708.jpg,https://huggingface.co/datasets/sidd707/jewelry-design-dataset/img_003707.jpg,262,262
JW_003428,Img 003709,jewellery,data/catalogue/JW_003710.jpg,https://huggingface.co/datasets/sidd707/jewelry-design-dataset/img_003709.jpg,262,262
JW_003429,Img 003710,jewellery,data/catalogue/JW_003711.jpg,https://huggingface.co/datasets/sidd707/jewelry-design-dataset/img_003710.jpg,262,262
JW_003430,Img 003711,jewellery,data/catalogue/JW_003712.jpg,https://huggingface.co/datasets/sidd707/jewelry-design-dataset/img_003711.jpg,262,262
JW_003431,Img 003712,jewellery,data/catalogue/JW_003713.jpg,https://huggingface.co/datasets/sidd707/jewelry-design-dataset/img_003712.jpg,262,262
JW_003432,Img 003713,jewellery,data/catalogue/JW_003714.jpg,https://huggingface.co/datasets/sidd707/jewelry-design-dataset/img_003713.jpg,262,262
JW_003433,Img 003714,jewellery,data/catalogue/JW_003715.jpg,https://huggingface.co/datasets/sidd707/jewelry-design-dataset/img_003714.jpg,262,262
JW_003434,Img 003715,jewellery,data/catalogue/JW_003716.jpg,https://huggingface.co/datasets/sidd707/jewelry-design-dataset/img_003715.jpg,262,262
JW_003435,Img 003716,jewellery,data/catalogue/JW_003717.jpg,https://huggingface.co/datasets/sidd707/jewelry-design-dataset/img_003716.jpg,262,262
JW_003436,Img 003717,jewellery,data/catalogue/JW_003718.jpg,https://huggingface.co/datasets/sidd707/jewelry-design-dataset/img_003717.jpg,262,262
JW_003437,Img 003718,jewellery,data/catalogue/JW_003719.jpg,https://huggingface.co/datasets/sidd707/jewelry-design-dataset/img_003718.jpg,262,262
JW_003438,Img 003719,jewellery,data/catalogue/JW_003720.jpg,https://huggingface.co/datasets/sidd707/jewelry-design-dataset/img_003719.jpg,262,262
JW_003439,Img 003720,jewellery,data/catalogue/JW_003721.jpg,https://huggingface.co/datasets/sidd707/jewelry-design-dataset/img_003720.jpg,262,262
JW_003440,Img 003721,jewellery,data/catalogue/JW_003722.jpg,https://huggingface.co/datasets/sidd707/jewelry-design-dataset/img_003721.jpg,262,262
JW_003441,Img 003722,jewellery,data/catalogue/JW_003723.jpg,https://huggingface.co/datasets/sidd707/jewelry-design-dataset/img_003722.jpg,262,262
JW_003442,Img 003723,jewellery,data/catalogue/JW_003724.jpg,https://huggingface.co/datasets/sidd707/jewelry-design-dataset/img_003723.jpg,262,262
JW_003443,Img 003724,jewellery,data/catalogue/JW_003725.jpg,https://huggingface.co/datasets/sidd707/jewelry-design-dataset/img_003724.jpg,262,262
JW_003444,Img 003725,jewellery,data/catalogue/JW_003726.jpg,https://huggingface.co/datasets/sidd707/jewelry-design-dataset/img_003725.jpg,262,262
JW_003445,Img 003726,jewellery,data/catalogue/JW_003727.jpg,https://huggingface.co/datasets/sidd707/jewelry-design-dataset/img_003726.jpg,262,262
JW_003446,Img 003727,jewellery,data/catalogue/JW_003728.jpg,https://huggingface.co/datasets/sidd707/jewelry-design-dataset/img_003727.jpg,262,262
JW_003447,Img 003728,jewellery,data/catalogue/JW_003729.jpg,https://huggingface.co/datasets/sidd707/jewelry-design-dataset/img_003728.jpg,262,262
JW_003448,Img 003729,jewellery,data/catalogue/JW_003730.jpg,https://huggingface.co/datasets/sidd707/jewelry-design-dataset/img_003729.jpg,262,262
JW_003449,Img 003730,jewellery,data/catalogue/JW_003731.jpg,https://huggingface.co/datasets/sidd707/jewelry-design-dataset/img_003730.jpg,262,262
JW_003450,Img 003731,jewellery,data/catalogue/JW_003732.jpg,https://huggingface.co/datasets/sidd707/jewelry-design-dataset/img_003731.jpg,262,262
JW_003451,Img 003732,jewellery,data/catalogue/JW_003733.jpg,https://huggingface.co/datasets/sidd707/jewelry-design-dataset/img_003732.jpg,262,262
JW_003452,Img 003733,jewellery,data/catalogue/JW_003734.jpg,https://huggingface.co/datasets/sidd707/jewelry-design-dataset/img_003733.jpg,262,262
JW_003453,Img 003734,jewellery,data/catalogue/JW_003735.jpg,https://huggingface.co/datasets/sidd707/jewelry-design-dataset/img_003734.jpg,262,262
JW_003454,Img 003735,jewellery,data/catalogue/JW_003736.jpg,https://huggingface.co/datasets/sidd707/jewelry-design-dataset/img_003735.jpg,262,262
JW_003455,Img 003736,jewellery,data/catalogue/JW_003737.jpg,https://huggingface.co/datasets/sidd707/jewelry-design-dataset/img_003736.jpg,262,262
JW_003456,Img 003737,jewellery,data/catalogue/JW_003738.jpg,https://huggingface.co/datasets/sidd707/jewelry-design-dataset/img_003737.jpg,262,262
JW_003457,Img 003738,jewellery,data/catalogue/JW_003739.jpg,https://huggingface.co/datasets/sidd707/jewelry-design-dataset/img_003738.jpg,262,262
JW_003458,Img 003739,jewellery,data/catalogue/JW_003740.jpg,https://huggingface.co/datasets/sidd707/jewelry-design-dataset/img_003739.jpg,262,262
JW_003459,Img 003740,jewellery,data/catalogue/JW_003741.jpg,https://huggingface.co/datasets/sidd707/jewelry-design-dataset/img_003740.jpg,262,262
JW_003460,Img 003741,jewellery,data/catalogue/JW_003742.jpg,https://huggingface.co/datasets/sidd707/jewelry-design-dataset/img_003741.jpg,262,262
JW_003461,Img 003742,jewellery,data/catalogue/JW_003743.jpg,https://huggingface.co/datasets/sidd707/jewelry-design-dataset/img_003742.jpg,262,262
JW_003462,Img 003743,jewellery,data/catalogue/JW_003744.jpg,https://huggingface.co/datasets/sidd707/jewelry-design-dataset/img_003743.jpg,262,262
JW_003463,Img 003744,jewellery,data/catalogue/JW_003745.jpg,https://huggingface.co/datasets/sidd707/jewelry-design-dataset/img_003744.jpg,262,262
JW_003464,Img 003745,jewellery,data/catalogue/JW_003746.jpg,https://huggingface.co/datasets/sidd707/jewelry-design-dataset/img_003745.jpg,262,262
JW_003465,Img 003746,jewellery,data/catalogue/JW_003747.jpg,https://huggingface.co/datasets/sidd707/jewelry-design-dataset/img_003746.jpg,262,262
JW_003466,Img 003747,jewellery,data/catalogue/JW_003748.jpg,https://huggingface.co/datasets/sidd707/jewelry-design-dataset/img_003747.jpg,262,262
JW_003467,Img 003748,jewellery,data/catalogue/JW_003749.jpg,https://huggingface.co/datasets/sidd707/jewelry-design-dataset/img_003748.jpg,262,262
JW_003468,Img 003749,jewellery,data/catalogue/JW_003750.jpg,https://huggingface.co/datasets/sidd707/jewelry-design-dataset/img_003749.jpg,262,262
JW_003469,Img 003750,jewellery,data/catalogue/JW_003751.jpg,https://huggingface.co/datasets/sidd707/jewelry-design-dataset/img_003750.jpg,262,262
JW_003470,Img 003751,jewellery,data/catalogue/JW_003752.jpg,https://huggingface.co/datasets/sidd707/jewelry-design-dataset/img_003751.jpg,262,262
JW_003471,Img 003752,jewellery,data/catalogue/JW_003753.jpg,https://huggingface.co/datasets/sidd707/jewelry-design-dataset/img_003752.jpg,262,262
JW_003472,Img 003753,jewellery,data/catalogue/JW_003754.jpg,https://huggingface.co/datasets/sidd707/jewelry-design-dataset/img_003753.jpg,262,262
JW_003473,Img 003754,jewellery,data/catalogue/JW_003755.jpg,https://huggingface.co/datasets/sidd707/jewelry-design-dataset/img_003754.jpg,262,262
JW_003474,Img 003755,jewellery,data/catalogue/JW_003756.jpg,https://huggingface.co/datasets/sidd707/jewelry-design-dataset/img_003755.jpg,262,262
JW_003475,Img 003756,jewellery,data/catalogue/JW_003757.jpg,https://huggingface.co/datasets/sidd707/jewelry-design-dataset/img_003756.jpg,262,262
JW_003476,Img 003757,jewellery,data/catalogue/JW_003758.jpg,https://huggingface.co/datasets/sidd707/jewelry-design-dataset/img_003757.jpg,262,262
JW_003477,Img 003758,jewellery,data/catalogue/JW_003759.jpg,https://huggingface.co/datasets/sidd707/jewelry-design-dataset/img_003758.jpg,262,262
JW_003478,Img 003759,jewellery,data/catalogue/JW_003760.jpg,https://huggingface.co/datasets/sidd707/jewelry-design-dataset/img_003759.jpg,262,262
JW_003479,Img 003760,jewellery,data/catalogue/JW_003761.jpg,https://huggingface.co/datasets/sidd707/jewelry-design-dataset/img_003760.jpg,262,262
JW_003480,Img 003761,jewellery,data/catalogue/JW_003762.jpg,https://huggingface.co/datasets/sidd707/jewelry-design-dataset/img_003761.jpg,262,262
JW_003481,Img 003762,jewellery,data/catalogue/JW_003763.jpg,https://huggingface.co/datasets/sidd707/jewelry-design-dataset/img_003762.jpg,262,262
JW_003482,Img 003763,jewellery,data/catalogue/JW_003764.jpg,https://huggingface.co/datasets/sidd707/jewelry-design-dataset/img_003763.jpg,262,262
JW_003483,Img 003764,jewellery,data/catalogue/JW_003765.jpg,https://huggingface.co/datasets/sidd707/jewelry-design-dataset/img_003764.jpg,262,262
JW_003484,Img 003765,jewellery,data/catalogue/JW_003766.jpg,https://huggingface.co/datasets/sidd707/jewelry-design-dataset/img_003765.jpg,262,262
JW_003485,Img 003766,jewellery,data/catalogue/JW_003767.jpg,https://huggingface.co/datasets/sidd707/jewelry-design-dataset/img_003766.jpg,262,262
JW_003486,Img 003767,jewellery,data/catalogue/JW_003768.jpg,https://huggingface.co/datasets/sidd707/jewelry-design-dataset/img_003767.jpg,262,262
JW_003487,Img 003768,jewellery,data/catalogue/JW_003769.jpg,https://huggingface.co/datasets/sidd707/jewelry-design-dataset/img_003768.jpg,262,262
JW_003488,Img 003769,jewellery,data/catalogue/JW_003770.jpg,https://huggingface.co/datasets/sidd707/jewelry-design-dataset/img_003769.jpg,262,262
JW_003489,Img 003770,jewellery,data/catalogue/JW_003771.jpg,https://huggingface.co/datasets/sidd707/jewelry-design-dataset/img_003770.jpg,262,262
JW_003490,Img 003771,jewellery,data/catalogue/JW_003772.jpg,https://huggingface.co/datasets/sidd707/jewelry-design-dataset/img_003771.jpg,262,262
JW_003491,Img 003772,jewellery,data/catalogue/JW_003773.jpg,https://huggingface.co/datasets/sidd707/jewelry-design-dataset/img_003772.jpg,262,262
JW_003492,Img 003773,jewellery,data/catalogue/JW_003774.jpg,https://huggingface.co/datasets/sidd707/jewelry-design-dataset/img_003773.jpg,262,262
JW_003493,Img 003774,jewellery,data/catalogue/JW_003775.jpg,https://huggingface.co/datasets/sidd707/jewelry-design-dataset/img_003774.jpg,262,262
JW_003494,Img 003775,jewellery,data/catalogue/JW_003776.jpg,https://huggingface.co/datasets/sidd707/jewelry-design-dataset/img_003775.jpg,262,262
JW_003495,Img 003776,jewellery,data/catalogue/JW_003777.jpg,https://huggingface.co/datasets/sidd707/jewelry-design-dataset/img_003776.jpg,262,262
JW_003496,Img 003777,jewellery,data/catalogue/JW_003778.jpg,https://huggingface.co/datasets/sidd707/jewelry-design-dataset/img_003777.jpg,262,262
JW_003497,Img 003778,jewellery,data/catalogue/JW_003779.jpg,https://huggingface.co/datasets/sidd707/jewelry-design-dataset/img_003778.jpg,262,262
JW_003498,Img 003779,jewellery,data/catalogue/JW_003780.jpg,https://huggingface.co/datasets/sidd707/jewelry-design-dataset/img_003779.jpg,262,262
JW_003499,Img 003780,jewellery,data/catalogue/JW_003781.jpg,https://huggingface.co/datasets/sidd707/jewelry-design-dataset/img_003780.jpg,262,262
JW_003500,Img 003781,jewellery,data/catalogue/JW_003782.jpg,https://huggingface.co/datasets/sidd707/jewelry-design-dataset/img_003781.jpg,262,262
JW_003501,Img 003782,jewellery,data/catalogue/JW_003783.jpg,https://huggingface.co/datasets/sidd707/jewelry-design-dataset/img_003782.jpg,262,262
JW_003502,Img 003783,jewellery,data/catalogue/JW_003784.jpg,https://huggingface.co/datasets/sidd707/jewelry-design-dataset/img_003783.jpg,262,262
JW_003503,Img 003784,jewellery,data/catalogue/JW_003785.jpg,https://huggingface.co/datasets/sidd707/jewelry-design-dataset/img_003784.jpg,262,262
JW_003504,Img 003785,jewellery,data/catalogue/JW_003786.jpg,https://huggingface.co/datasets/sidd707/jewelry-design-dataset/img_003785.jpg,262,262
JW_003505,Img 003786,jewellery,data/catalogue/JW_003787.jpg,https://huggingface.co/datasets/sidd707/jewelry-design-dataset/img_003786.jpg,262,262
JW_003506,Img 003787,jewellery,data/catalogue/JW_003788.jpg,https://huggingface.co/datasets/sidd707/jewelry-design-dataset/img_003787.jpg,262,262
JW_003507,Img 003788,jewellery,data/catalogue/JW_003789.jpg,https://huggingface.co/datasets/sidd707/jewelry-design-dataset/img_003788.jpg,262,262
JW_003508,Img 003789,jewellery,data/catalogue/JW_003790.jpg,https://huggingface.co/datasets/sidd707/jewelry-design-dataset/img_003789.jpg,262,262
JW_003509,Img 003790,jewellery,data/catalogue/JW_003791.jpg,https://huggingface.co/datasets/sidd707/jewelry-design-dataset/img_003790.jpg,262,262
JW_003510,Img 003791,jewellery,data/catalogue/JW_003792.jpg,https://huggingface.co/datasets/sidd707/jewelry-design-dataset/img_003791.jpg,262,262
JW_003511,Img 003792,jewellery,data/catalogue/JW_003793.jpg,https://huggingface.co/datasets/sidd707/jewelry-design-dataset/img_003792.jpg,262,262
JW_003512,Img 003793,jewellery,data/catalogue/JW_003794.jpg,https://huggingface.co/datasets/sidd707/jewelry-design-dataset/img_003793.jpg,262,262
JW_003513,Img 003794,jewellery,data/catalogue/JW_003795.jpg,https://huggingface.co/datasets/sidd707/jewelry-design-dataset/img_003794.jpg,262,262
JW_003514,Img 003795,jewellery,data/catalogue/JW_003796.jpg,https://huggingface.co/datasets/sidd707/jewelry-design-dataset/img_003795.jpg,262,262
JW_003515,Img 003796,jewellery,data/catalogue/JW_003797.jpg,https://huggingface.co/datasets/sidd707/jewelry-design-dataset/img_003796.jpg,262,262
JW_003516,Img 003797,jewellery,data/catalogue/JW_003798.jpg,https://huggingface.co/datasets/sidd707/jewelry-design-dataset/img_003797.jpg,262,262
JW_003517,Img 003798,jewellery,data/catalogue/JW_003799.jpg,https://huggingface.co/datasets/sidd707/jewelry-design-dataset/img_003798.jpg,262,262
JW_003518,Img 003799,jewellery,data/catalogue/JW_003800.jpg,https://huggingface.co/datasets/sidd707/jewelry-design-dataset/img_003799.jpg,262,262
JW_003519,Img 003800,jewellery,data/catalogue/JW_003801.jpg,https://huggingface.co/datasets/sidd707/jewelry-design-dataset/img_003800.jpg,262,262
JW_003520,Img 003801,jewellery,data/catalogue/JW_003802.jpg,https://huggingface.co/datasets/sidd707/jewelry-design-dataset/img_003801.jpg,262,262
JW_003521,Img 003802,jewellery,data/catalogue/JW_003803.jpg,https://huggingface.co/datasets/sidd707/jewelry-design-dataset/img_003802.jpg,262,262
JW_003522,Img 003803,jewellery,data/catalogue/JW_003804.jpg,https://huggingface.co/datasets/sidd707/jewelry-design-dataset/img_003803.jpg,262,262
JW_003523,Img 003804,jewellery,data/catalogue/JW_003805.jpg,https://huggingface.co/datasets/sidd707/jewelry-design-dataset/img_003804.jpg,262,262
JW_003524,Img 003805,jewellery,data/catalogue/JW_003806.jpg,https://huggingface.co/datasets/sidd707/jewelry-design-dataset/img_003805.jpg,262,262
JW_003525,Img 003806,jewellery,data/catalogue/JW_003807.jpg,https://huggingface.co/datasets/sidd707/jewelry-design-dataset/img_003806.jpg,262,262
JW_003526,Img 003807,jewellery,data/catalogue/JW_003808.jpg,https://huggingface.co/datasets/sidd707/jewelry-design-dataset/img_003807.jpg,262,262
JW_003527,Img 003808,jewellery,data/catalogue/JW_003809.jpg,https://huggingface.co/datasets/sidd707/jewelry-design-dataset/img_003808.jpg,262,262
JW_003528,Img 003809,jewellery,data/catalogue/JW_003810.jpg,https://huggingface.co/datasets/sidd707/jewelry-design-dataset/img_003809.jpg,262,262
JW_003529,Img 003810,jewellery,data/catalogue/JW_003811.jpg,https://huggingface.co/datasets/sidd707/jewelry-design-dataset/img_003810.jpg,262,262
JW_003530,Img 003811,jewellery,data/catalogue/JW_003812.jpg,https://huggingface.co/datasets/sidd707/jewelry-design-dataset/img_003811.jpg,262,262
JW_003531,Img 003812,jewellery,data/catalogue/JW_003813.jpg,https://huggingface.co/datasets/sidd707/jewelry-design-dataset/img_003812.jpg,262,262
JW_003532,Img 003813,jewellery,data/catalogue/JW_003814.jpg,https://huggingface.co/datasets/sidd707/jewelry-design-dataset/img_003813.jpg,262,262
JW_003533,Img 003814,jewellery,data/catalogue/JW_003815.jpg,https://huggingface.co/datasets/sidd707/jewelry-design-dataset/img_003814.jpg,262,262
JW_003534,Img 003815,jewellery,data/catalogue/JW_003816.jpg,https://huggingface.co/datasets/sidd707/jewelry-design-dataset/img_003815.jpg,262,262
JW_003535,Img 003816,jewellery,data/catalogue/JW_003817.jpg,https://huggingface.co/datasets/sidd707/jewelry-design-dataset/img_003816.jpg,262,262
JW_003536,Img 003817,jewellery,data/catalogue/JW_003818.jpg,https://huggingface.co/datasets/sidd707/jewelry-design-dataset/img_003817.jpg,262,262
JW_003537,Img 003818,jewellery,data/catalogue/JW_003819.jpg,https://huggingface.co/datasets/sidd707/jewelry-design-dataset/img_003818.jpg,262,262
JW_003538,Img 003819,jewellery,data/catalogue/JW_003820.jpg,https://huggingface.co/datasets/sidd707/jewelry-design-dataset/img_003819.jpg,262,262
JW_003539,Img 003820,jewellery,data/catalogue/JW_003821.jpg,https://huggingface.co/datasets/sidd707/jewelry-design-dataset/img_003820.jpg,262,262
JW_003540,Img 003821,jewellery,data/catalogue/JW_003822.jpg,https://huggingface.co/datasets/sidd707/jewelry-design-dataset/img_003821.jpg,262,262
JW_003541,Img 003822,jewellery,data/catalogue/JW_003823.jpg,https://huggingface.co/datasets/sidd707/jewelry-design-dataset/img_003822.jpg,262,262
JW_003542,Img 003823,jewellery,data/catalogue/JW_003824.jpg,https://huggingface.co/datasets/sidd707/jewelry-design-dataset/img_003823.jpg,262,262
JW_003543,Img 003824,jewellery,data/catalogue/JW_003825.jpg,https://huggingface.co/datasets/sidd707/jewelry-design-dataset/img_003824.jpg,262,262
JW_003544,Img 003825,jewellery,data/catalogue/JW_003826.jpg,https://huggingface.co/datasets/sidd707/jewelry-design-dataset/img_003825.jpg,262,262
JW_003545,Img 003826,jewellery,data/catalogue/JW_003827.jpg,https://huggingface.co/datasets/sidd707/jewelry-design-dataset/img_003826.jpg,262,262
JW_003546,Img 003827,jewellery,data/catalogue/JW_003828.jpg,https://huggingface.co/datasets/sidd707/jewelry-design-dataset/img_003827.jpg,262,262
JW_003547,Img 003828,jewellery,data/catalogue/JW_003829.jpg,https://huggingface.co/datasets/sidd707/jewelry-design-dataset/img_003828.jpg,262,262
JW_003548,Img 003829,jewellery,data/catalogue/JW_003830.jpg,https://huggingface.co/datasets/sidd707/jewelry-design-dataset/img_003829.jpg,262,262
JW_003549,Img 003830,jewellery,data/catalogue/JW_003831.jpg,https://huggingface.co/datasets/sidd707/jewelry-design-dataset/img_003830.jpg,262,262
JW_003550,Img 003831,jewellery,data/catalogue/JW_003832.jpg,https://huggingface.co/datasets/sidd707/jewelry-design-dataset/img_003831.jpg,262,262
JW_003551,Img 003832,jewellery,data/catalogue/JW_003833.jpg,https://huggingface.co/datasets/sidd707/jewelry-design-dataset/img_003832.jpg,262,262
JW_003552,Img 003833,jewellery,data/catalogue/JW_003834.jpg,https://huggingface.co/datasets/sidd707/jewelry-design-dataset/img_003833.jpg,262,262
JW_003553,Img 003834,jewellery,data/catalogue/JW_003835.jpg,https://huggingface.co/datasets/sidd707/jewelry-design-dataset/img_003834.jpg,262,262
JW_003554,Img 003835,jewellery,data/catalogue/JW_003836.jpg,https://huggingface.co/datasets/sidd707/jewelry-design-dataset/img_003835.jpg,262,262
JW_003555,Img 003836,jewellery,data/catalogue/JW_003837.jpg,https://huggingface.co/datasets/sidd707/jewelry-design-dataset/img_003836.jpg,262,262
JW_003556,Img 003837,jewellery,data/catalogue/JW_003838.jpg,https://huggingface.co/datasets/sidd707/jewelry-design-dataset/img_003837.jpg,262,262
JW_003557,Img 003838,jewellery,data/catalogue/JW_003839.jpg,https://huggingface.co/datasets/sidd707/jewelry-design-dataset/img_003838.jpg,262,262
JW_003558,Img 003839,jewellery,data/catalogue/JW_003840.jpg,https://huggingface.co/datasets/sidd707/jewelry-design-dataset/img_003839.jpg,262,262
JW_003559,Img 003840,jewellery,data/catalogue/JW_003841.jpg,https://huggingface.co/datasets/sidd707/jewelry-design-dataset/img_003840.jpg,262,262
JW_003560,Img 003841,jewellery,data/catalogue/JW_003842.jpg,https://huggingface.co/datasets/sidd707/jewelry-design-dataset/img_003841.jpg,262,262
JW_003561,Img 003842,jewellery,data/catalogue/JW_003843.jpg,https://huggingface.co/datasets/sidd707/jewelry-design-dataset/img_003842.jpg,262,262
JW_003562,Img 003843,jewellery,data/catalogue/JW_003844.jpg,https://huggingface.co/datasets/sidd707/jewelry-design-dataset/img_003843.jpg,262,262
JW_003563,Img 003844,jewellery,data/catalogue/JW_003845.jpg,https://huggingface.co/datasets/sidd707/jewelry-design-dataset/img_003844.jpg,262,262
JW_003564,Img 003845,jewellery,data/catalogue/JW_003846.jpg,https://huggingface.co/datasets/sidd707/jewelry-design-dataset/img_003845.jpg,262,262
JW_003565,Img 003846,jewellery,data/catalogue/JW_003847.jpg,https://huggingface.co/datasets/sidd707/jewelry-design-dataset/img_003846.jpg,262,262
JW_003566,Img 003847,jewellery,data/catalogue/JW_003848.jpg,https://huggingface.co/datasets/sidd707/jewelry-design-dataset/img_003847.jpg,262,262
JW_003567,Img 003848,jewellery,data/catalogue/JW_003849.jpg,https://huggingface.co/datasets/sidd707/jewelry-design-dataset/img_003848.jpg,262,262
JW_003568,Img 003849,jewellery,data/catalogue/JW_003850.jpg,https://huggingface.co/datasets/sidd707/jewelry-design-dataset/img_003849.jpg,262,262
JW_003569,Img 003850,jewellery,data/catalogue/JW_003851.jpg,https://huggingface.co/datasets/sidd707/jewelry-design-dataset/img_003850.jpg,262,262
JW_003570,Img 003851,jewellery,data/catalogue/JW_003852.jpg,https://huggingface.co/datasets/sidd707/jewelry-design-dataset/img_003851.jpg,262,262
JW_003571,Img 003852,jewellery,data/catalogue/JW_003853.jpg,https://huggingface.co/datasets/sidd707/jewelry-design-dataset/img_003852.jpg,262,262
JW_003572,Img 003853,jewellery,data/catalogue/JW_003854.jpg,https://huggingface.co/datasets/sidd707/jewelry-design-dataset/img_003853.jpg,262,262
JW_003573,Img 003854,jewellery,data/catalogue/JW_003855.jpg,https://huggingface.co/datasets/sidd707/jewelry-design-dataset/img_003854.jpg,262,262
JW_003574,Img 003855,jewellery,data/catalogue/JW_003856.jpg,https://huggingface.co/datasets/sidd707/jewelry-design-dataset/img_003855.jpg,262,262
JW_003575,Img 003856,jewellery,data/catalogue/JW_003857.jpg,https://huggingface.co/datasets/sidd707/jewelry-design-dataset/img_003856.jpg,262,262
JW_003576,Img 003857,jewellery,data/catalogue/JW_003858.jpg,https://huggingface.co/datasets/sidd707/jewelry-design-dataset/img_003857.jpg,262,262
JW_003577,Img 003858,jewellery,data/catalogue/JW_003859.jpg,https://huggingface.co/datasets/sidd707/jewelry-design-dataset/img_003858.jpg,262,262
JW_003578,Img 003859,jewellery,data/catalogue/JW_003860.jpg,https://huggingface.co/datasets/sidd707/jewelry-design-dataset/img_003859.jpg,262,262
JW_003579,Img 003860,jewellery,data/catalogue/JW_003861.jpg,https://huggingface.co/datasets/sidd707/jewelry-design-dataset/img_003860.jpg,262,262
JW_003580,Img 003861,jewellery,data/catalogue/JW_003862.jpg,https://huggingface.co/datasets/sidd707/jewelry-design-dataset/img_003861.jpg,262,262
JW_003581,Img 003862,jewellery,data/catalogue/JW_003863.jpg,https://huggingface.co/datasets/sidd707/jewelry-design-dataset/img_003862.jpg,262,262
JW_003582,Img 003863,jewellery,data/catalogue/JW_003864.jpg,https://huggingface.co/datasets/sidd707/jewelry-design-dataset/img_003863.jpg,262,262
JW_003583,Img 003864,jewellery,data/catalogue/JW_003865.jpg,https://huggingface.co/datasets/sidd707/jewelry-design-dataset/img_003864.jpg,262,262
JW_003584,Img 003865,jewellery,data/catalogue/JW_003866.jpg,https://huggingface.co/datasets/sidd707/jewelry-design-dataset/img_003865.jpg,262,262
JW_003585,Img 003866,jewellery,data/catalogue/JW_003867.jpg,https://huggingface.co/datasets/sidd707/jewelry-design-dataset/img_003866.jpg,262,262
JW_003586,Img 003867,jewellery,data/catalogue/JW_003868.jpg,https://huggingface.co/datasets/sidd707/jewelry-design-dataset/img_003867.jpg,262,262
JW_003587,Img 003868,jewellery,data/catalogue/JW_003869.jpg,https://huggingface.co/datasets/sidd707/jewelry-design-dataset/img_003868.jpg,262,262
JW_003588,Img 003869,jewellery,data/catalogue/JW_003870.jpg,https://huggingface.co/datasets/sidd707/jewelry-design-dataset/img_003869.jpg,262,262
JW_003589,Img 003870,jewellery,data/catalogue/JW_003871.jpg,https://huggingface.co/datasets/sidd707/jewelry-design-dataset/img_003870.jpg,262,262
JW_003590,Img 003871,jewellery,data/catalogue/JW_003872.jpg,https://huggingface.co/datasets/sidd707/jewelry-design-dataset/img_003871.jpg,262,262
JW_003591,Img 003872,jewellery,data/catalogue/JW_003873.jpg,https://huggingface.co/datasets/sidd707/jewelry-design-dataset/img_003872.jpg,262,262
JW_003592,Img 003873,jewellery,data/catalogue/JW_003874.jpg,https://huggingface.co/datasets/sidd707/jewelry-design-dataset/img_003873.jpg,262,262
JW_003593,Img 003874,jewellery,data/catalogue/JW_003875.jpg,https://huggingface.co/datasets/sidd707/jewelry-design-dataset/img_003874.jpg,262,262
JW_003594,Img 003875,jewellery,data/catalogue/JW_003876.jpg,https://huggingface.co/datasets/sidd707/jewelry-design-dataset/img_003875.jpg,262,262
JW_003595,Img 003876,jewellery,data/catalogue/JW_003877.jpg,https://huggingface.co/datasets/sidd707/jewelry-design-dataset/img_003876.jpg,262,262
JW_003596,Img 003877,jewellery,data/catalogue/JW_003878.jpg,https://huggingface.co/datasets/sidd707/jewelry-design-dataset/img_003877.jpg,262,262
JW_003597,Img 003878,jewellery,data/catalogue/JW_003879.jpg,https://huggingface.co/datasets/sidd707/jewelry-design-dataset/img_003878.jpg,262,262
JW_003598,Img 003879,jewellery,data/catalogue/JW_003880.jpg,https://huggingface.co/datasets/sidd707/jewelry-design-dataset/img_003879.jpg,262,262
JW_003599,Img 003880,jewellery,data/catalogue/JW_003881.jpg,https://huggingface.co/datasets/sidd707/jewelry-design-dataset/img_003880.jpg,262,262
JW_003600,Img 003881,jewellery,data/catalogue/JW_003882.jpg,https://huggingface.co/datasets/sidd707/jewelry-design-dataset/img_003881.jpg,262,262
JW_003601,Img 003882,jewellery,data/catalogue/JW_003883.jpg,https://huggingface.co/datasets/sidd707/jewelry-design-dataset/img_003882.jpg,262,262
JW_003602,Img 003883,jewellery,data/catalogue/JW_003884.jpg,https://huggingface.co/datasets/sidd707/jewelry-design-dataset/img_003883.jpg,262,262
JW_003603,Img 003884,jewellery,data/catalogue/JW_003885.jpg,https://huggingface.co/datasets/sidd707/jewelry-design-dataset/img_003884.jpg,262,262
JW_003604,Img 003885,jewellery,data/catalogue/JW_003886.jpg,https://huggingface.co/datasets/sidd707/jewelry-design-dataset/img_003885.jpg,262,262
JW_003605,Img 003886,jewellery,data/catalogue/JW_003887.jpg,https://huggingface.co/datasets/sidd707/jewelry-design-dataset/img_003886.jpg,262,262
JW_003606,Img 003887,jewellery,data/catalogue/JW_003888.jpg,https://huggingface.co/datasets/sidd707/jewelry-design-dataset/img_003887.jpg,262,262
JW_003607,Img 003888,jewellery,data/catalogue/JW_003889.jpg,https://huggingface.co/datasets/sidd707/jewelry-design-dataset/img_003888.jpg,262,262
JW_003608,Img 003889,jewellery,data/catalogue/JW_003890.jpg,https://huggingface.co/datasets/sidd707/jewelry-design-dataset/img_003889.jpg,262,262
JW_003609,Img 003890,jewellery,data/catalogue/JW_003891.jpg,https://huggingface.co/datasets/sidd707/jewelry-design-dataset/img_003890.jpg,262,262
JW_003610,Img 003892,jewellery,data/catalogue/JW_003893.jpg,https://huggingface.co/datasets/sidd707/jewelry-design-dataset/img_003892.jpg,262,262
JW_003611,Img 003893,jewellery,data/catalogue/JW_003894.jpg,https://huggingface.co/datasets/sidd707/jewelry-design-dataset/img_003893.jpg,262,262
JW_003612,Img 003894,jewellery,data/catalogue/JW_003895.jpg,https://huggingface.co/datasets/sidd707/jewelry-design-dataset/img_003894.jpg,262,262
JW_003613,Img 003895,jewellery,data/catalogue/JW_003896.jpg,https://huggingface.co/datasets/sidd707/jewelry-design-dataset/img_003895.jpg,262,262
JW_003614,Img 003896,jewellery,data/catalogue/JW_003897.jpg,https://huggingface.co/datasets/sidd707/jewelry-design-dataset/img_003896.jpg,262,262
JW_003615,Img 003897,jewellery,data/catalogue/JW_003898.jpg,https://huggingface.co/datasets/sidd707/jewelry-design-dataset/img_003897.jpg,262,262
JW_003616,Img 003898,jewellery,data/catalogue/JW_003899.jpg,https://huggingface.co/datasets/sidd707/jewelry-design-dataset/img_003898.jpg,262,262
JW_003617,Img 003899,jewellery,data/catalogue/JW_003900.jpg,https://huggingface.co/datasets/sidd707/jewelry-design-dataset/img_003899.jpg,262,262
JW_003618,Img 003900,jewellery,data/catalogue/JW_003901.jpg,https://huggingface.co/datasets/sidd707/jewelry-design-dataset/img_003900.jpg,262,262
JW_003619,Img 003901,jewellery,data/catalogue/JW_003902.jpg,https://huggingface.co/datasets/sidd707/jewelry-design-dataset/img_003901.jpg,262,262
JW_003620,Img 003903,jewellery,data/catalogue/JW_003904.jpg,https://huggingface.co/datasets/sidd707/jewelry-design-dataset/img_003903.jpg,262,262
JW_003621,Img 003904,jewellery,data/catalogue/JW_003905.jpg,https://huggingface.co/datasets/sidd707/jewelry-design-dataset/img_003904.jpg,262,262
JW_003622,Img 003905,jewellery,data/catalogue/JW_003906.jpg,https://huggingface.co/datasets/sidd707/jewelry-design-dataset/img_003905.jpg,262,262
JW_003623,Img 003908,jewellery,data/catalogue/JW_003909.jpg,https://huggingface.co/datasets/sidd707/jewelry-design-dataset/img_003908.jpg,262,262
JW_003624,Img 003909,jewellery,data/catalogue/JW_003910.jpg,https://huggingface.co/datasets/sidd707/jewelry-design-dataset/img_003909.jpg,262,262
JW_003625,Img 003910,jewellery,data/catalogue/JW_003911.jpg,https://huggingface.co/datasets/sidd707/jewelry-design-dataset/img_003910.jpg,262,262
JW_003626,Img 003911,jewellery,data/catalogue/JW_003912.jpg,https://huggingface.co/datasets/sidd707/jewelry-design-dataset/img_003911.jpg,262,262
JW_003627,Img 003912,jewellery,data/catalogue/JW_003913.jpg,https://huggingface.co/datasets/sidd707/jewelry-design-dataset/img_003912.jpg,262,262
JW_003628,Img 003913,jewellery,data/catalogue/JW_003914.jpg,https://huggingface.co/datasets/sidd707/jewelry-design-dataset/img_003913.jpg,262,262
JW_003629,Img 003914,jewellery,data/catalogue/JW_003915.jpg,https://huggingface.co/datasets/sidd707/jewelry-design-dataset/img_003914.jpg,262,262
JW_003630,Img 003915,jewellery,data/catalogue/JW_003916.jpg,https://huggingface.co/datasets/sidd707/jewelry-design-dataset/img_003915.jpg,262,262
JW_003631,Img 003916,jewellery,data/catalogue/JW_003917.jpg,https://huggingface.co/datasets/sidd707/jewelry-design-dataset/img_003916.jpg,262,262
JW_003632,Img 003917,jewellery,data/catalogue/JW_003918.jpg,https://huggingface.co/datasets/sidd707/jewelry-design-dataset/img_003917.jpg,262,262
JW_003633,Img 003918,jewellery,data/catalogue/JW_003919.jpg,https://huggingface.co/datasets/sidd707/jewelry-design-dataset/img_003918.jpg,262,262
JW_003634,Img 003919,jewellery,data/catalogue/JW_003920.jpg,https://huggingface.co/datasets/sidd707/jewelry-design-dataset/img_003919.jpg,262,262
JW_003635,Img 003920,jewellery,data/catalogue/JW_003921.jpg,https://huggingface.co/datasets/sidd707/jewelry-design-dataset/img_003920.jpg,262,262
JW_003636,Img 003921,jewellery,data/catalogue/JW_003922.jpg,https://huggingface.co/datasets/sidd707/jewelry-design-dataset/img_003921.jpg,262,262
JW_003637,Img 003922,jewellery,data/catalogue/JW_003923.jpg,https://huggingface.co/datasets/sidd707/jewelry-design-dataset/img_003922.jpg,262,262
JW_003638,Img 003923,jewellery,data/catalogue/JW_003924.jpg,https://huggingface.co/datasets/sidd707/jewelry-design-dataset/img_003923.jpg,262,262
JW_003639,Img 003924,jewellery,data/catalogue/JW_003925.jpg,https://huggingface.co/datasets/sidd707/jewelry-design-dataset/img_003924.jpg,262,262
JW_003640,Img 003925,jewellery,data/catalogue/JW_003926.jpg,https://huggingface.co/datasets/sidd707/jewelry-design-dataset/img_003925.jpg,262,262
JW_003641,Img 003926,jewellery,data/catalogue/JW_003927.jpg,https://huggingface.co/datasets/sidd707/jewelry-design-dataset/img_003926.jpg,262,262
JW_003642,Img 003927,jewellery,data/catalogue/JW_003928.jpg,https://huggingface.co/datasets/sidd707/jewelry-design-dataset/img_003927.jpg,262,262
JW_003643,Img 003928,jewellery,data/catalogue/JW_003929.jpg,https://huggingface.co/datasets/sidd707/jewelry-design-dataset/img_003928.jpg,262,262
JW_003644,Img 003929,jewellery,data/catalogue/JW_003930.jpg,https://huggingface.co/datasets/sidd707/jewelry-design-dataset/img_003929.jpg,262,262
JW_003645,Img 003930,jewellery,data/catalogue/JW_003931.jpg,https://huggingface.co/datasets/sidd707/jewelry-design-dataset/img_003930.jpg,262,262
JW_003646,Img 003931,jewellery,data/catalogue/JW_003932.jpg,https://huggingface.co/datasets/sidd707/jewelry-design-dataset/img_003931.jpg,262,262
JW_003647,Img 003932,jewellery,data/catalogue/JW_003933.jpg,https://huggingface.co/datasets/sidd707/jewelry-design-dataset/img_003932.jpg,262,262
JW_003648,Img 003933,jewellery,data/catalogue/JW_003934.jpg,https://huggingface.co/datasets/sidd707/jewelry-design-dataset/img_003933.jpg,262,262
JW_003649,Img 003934,jewellery,data/catalogue/JW_003935.jpg,https://huggingface.co/datasets/sidd707/jewelry-design-dataset/img_003934.jpg,262,262
JW_003650,Img 003935,jewellery,data/catalogue/JW_003936.jpg,https://huggingface.co/datasets/sidd707/jewelry-design-dataset/img_003935.jpg,262,262
JW_003651,Img 003936,jewellery,data/catalogue/JW_003937.jpg,https://huggingface.co/datasets/sidd707/jewelry-design-dataset/img_003936.jpg,262,262
JW_003652,Img 003938,jewellery,data/catalogue/JW_003939.jpg,https://huggingface.co/datasets/sidd707/jewelry-design-dataset/img_003938.jpg,262,262
JW_003653,Img 003939,jewellery,data/catalogue/JW_003940.jpg,https://huggingface.co/datasets/sidd707/jewelry-design-dataset/img_003939.jpg,262,262
JW_003654,Img 003940,jewellery,data/catalogue/JW_003941.jpg,https://huggingface.co/datasets/sidd707/jewelry-design-dataset/img_003940.jpg,262,262
JW_003655,Img 003941,jewellery,data/catalogue/JW_003942.jpg,https://huggingface.co/datasets/sidd707/jewelry-design-dataset/img_003941.jpg,262,262
JW_003656,Img 003942,jewellery,data/catalogue/JW_003943.jpg,https://huggingface.co/datasets/sidd707/jewelry-design-dataset/img_003942.jpg,262,262
JW_003657,Img 003943,jewellery,data/catalogue/JW_003944.jpg,https://huggingface.co/datasets/sidd707/jewelry-design-dataset/img_003943.jpg,262,262
JW_003658,Img 003944,jewellery,data/catalogue/JW_003945.jpg,https://huggingface.co/datasets/sidd707/jewelry-design-dataset/img_003944.jpg,262,262
JW_003659,Img 003945,jewellery,data/catalogue/JW_003946.jpg,https://huggingface.co/datasets/sidd707/jewelry-design-dataset/img_003945.jpg,262,262
JW_003660,Img 003946,jewellery,data/catalogue/JW_003947.jpg,https://huggingface.co/datasets/sidd707/jewelry-design-dataset/img_003946.jpg,262,262
JW_003661,Img 003947,jewellery,data/catalogue/JW_003948.jpg,https://huggingface.co/datasets/sidd707/jewelry-design-dataset/img_003947.jpg,262,262
JW_003662,Img 003948,jewellery,data/catalogue/JW_003949.jpg,https://huggingface.co/datasets/sidd707/jewelry-design-dataset/img_003948.jpg,262,262
JW_003663,Img 003949,jewellery,data/catalogue/JW_003950.jpg,https://huggingface.co/datasets/sidd707/jewelry-design-dataset/img_003949.jpg,262,262
JW_003664,Img 003950,jewellery,data/catalogue/JW_003951.jpg,https://huggingface.co/datasets/sidd707/jewelry-design-dataset/img_003950.jpg,262,262
JW_003665,Img 003951,jewellery,data/catalogue/JW_003952.jpg,https://huggingface.co/datasets/sidd707/jewelry-design-dataset/img_003951.jpg,262,262
JW_003666,Img 003952,jewellery,data/catalogue/JW_003953.jpg,https://huggingface.co/datasets/sidd707/jewelry-design-dataset/img_003952.jpg,262,262
JW_003667,Img 003953,jewellery,data/catalogue/JW_003954.jpg,https://huggingface.co/datasets/sidd707/jewelry-design-dataset/img_003953.jpg,262,262
JW_003668,Img 003954,jewellery,data/catalogue/JW_003955.jpg,https://huggingface.co/datasets/sidd707/jewelry-design-dataset/img_003954.jpg,262,262
JW_003669,Img 003955,jewellery,data/catalogue/JW_003956.jpg,https://huggingface.co/datasets/sidd707/jewelry-design-dataset/img_003955.jpg,262,262
JW_003670,Img 003956,jewellery,data/catalogue/JW_003957.jpg,https://huggingface.co/datasets/sidd707/jewelry-design-dataset/img_003956.jpg,262,262
JW_003671,Img 003957,jewellery,data/catalogue/JW_003958.jpg,https://huggingface.co/datasets/sidd707/jewelry-design-dataset/img_003957.jpg,262,262
JW_003672,Img 003958,jewellery,data/catalogue/JW_003959.jpg,https://huggingface.co/datasets/sidd707/jewelry-design-dataset/img_003958.jpg,262,262
JW_003673,Img 003959,jewellery,data/catalogue/JW_003960.jpg,https://huggingface.co/datasets/sidd707/jewelry-design-dataset/img_003959.jpg,262,262
JW_003674,Img 003960,jewellery,data/catalogue/JW_003961.jpg,https://huggingface.co/datasets/sidd707/jewelry-design-dataset/img_003960.jpg,262,262
JW_003675,Img 003961,jewellery,data/catalogue/JW_003962.jpg,https://huggingface.co/datasets/sidd707/jewelry-design-dataset/img_003961.jpg,262,262
JW_003676,Img 003962,jewellery,data/catalogue/JW_003963.jpg,https://huggingface.co/datasets/sidd707/jewelry-design-dataset/img_003962.jpg,262,262
JW_003677,Img 003963,jewellery,data/catalogue/JW_003964.jpg,https://huggingface.co/datasets/sidd707/jewelry-design-dataset/img_003963.jpg,262,262
JW_003678,Img 003964,jewellery,data/catalogue/JW_003965.jpg,https://huggingface.co/datasets/sidd707/jewelry-design-dataset/img_003964.jpg,262,262
JW_003679,Img 003965,jewellery,data/catalogue/JW_003966.jpg,https://huggingface.co/datasets/sidd707/jewelry-design-dataset/img_003965.jpg,262,262
JW_003680,Img 003966,jewellery,data/catalogue/JW_003967.jpg,https://huggingface.co/datasets/sidd707/jewelry-design-dataset/img_003966.jpg,262,262
JW_003681,Img 003967,jewellery,data/catalogue/JW_003968.jpg,https://huggingface.co/datasets/sidd707/jewelry-design-dataset/img_003967.jpg,262,262
JW_003682,Img 003968,jewellery,data/catalogue/JW_003969.jpg,https://huggingface.co/datasets/sidd707/jewelry-design-dataset/img_003968.jpg,262,262
JW_003683,Img 003969,jewellery,data/catalogue/JW_003970.jpg,https://huggingface.co/datasets/sidd707/jewelry-design-dataset/img_003969.jpg,262,262
JW_003684,Img 003970,jewellery,data/catalogue/JW_003971.jpg,https://huggingface.co/datasets/sidd707/jewelry-design-dataset/img_003970.jpg,262,262
JW_003685,Img 003971,jewellery,data/catalogue/JW_003972.jpg,https://huggingface.co/datasets/sidd707/jewelry-design-dataset/img_003971.jpg,262,262
JW_003686,Img 003972,jewellery,data/catalogue/JW_003973.jpg,https://huggingface.co/datasets/sidd707/jewelry-design-dataset/img_003972.jpg,262,262
JW_003687,Img 003973,jewellery,data/catalogue/JW_003974.jpg,https://huggingface.co/datasets/sidd707/jewelry-design-dataset/img_003973.jpg,262,262
JW_003688,Img 003974,jewellery,data/catalogue/JW_003975.jpg,https://huggingface.co/datasets/sidd707/jewelry-design-dataset/img_003974.jpg,262,262
JW_003689,Img 003975,jewellery,data/catalogue/JW_003976.jpg,https://huggingface.co/datasets/sidd707/jewelry-design-dataset/img_003975.jpg,262,262
JW_003690,Img 003976,jewellery,data/catalogue/JW_003977.jpg,https://huggingface.co/datasets/sidd707/jewelry-design-dataset/img_003976.jpg,262,262
JW_003691,Img 003977,jewellery,data/catalogue/JW_003978.jpg,https://huggingface.co/datasets/sidd707/jewelry-design-dataset/img_003977.jpg,262,262
JW_003692,Img 003978,jewellery,data/catalogue/JW_003979.jpg,https://huggingface.co/datasets/sidd707/jewelry-design-dataset/img_003978.jpg,262,262
JW_003693,Img 003979,jewellery,data/catalogue/JW_003980.jpg,https://huggingface.co/datasets/sidd707/jewelry-design-dataset/img_003979.jpg,262,262
JW_003694,Img 003980,jewellery,data/catalogue/JW_003981.jpg,https://huggingface.co/datasets/sidd707/jewelry-design-dataset/img_003980.jpg,262,262
JW_003695,Img 003981,jewellery,data/catalogue/JW_003982.jpg,https://huggingface.co/datasets/sidd707/jewelry-design-dataset/img_003981.jpg,262,262
JW_003696,Img 003983,jewellery,data/catalogue/JW_003984.jpg,https://huggingface.co/datasets/sidd707/jewelry-design-dataset/img_003983.jpg,262,262
JW_003697,Img 003984,jewellery,data/catalogue/JW_003985.jpg,https://huggingface.co/datasets/sidd707/jewelry-design-dataset/img_003984.jpg,262,262
JW_003698,Img 003985,jewellery,data/catalogue/JW_003986.jpg,https://huggingface.co/datasets/sidd707/jewelry-design-dataset/img_003985.jpg,262,262
JW_003699,Img 003986,jewellery,data/catalogue/JW_003987.jpg,https://huggingface.co/datasets/sidd707/jewelry-design-dataset/img_003986.jpg,262,262
JW_003700,Img 003987,jewellery,data/catalogue/JW_003988.jpg,https://huggingface.co/datasets/sidd707/jewelry-design-dataset/img_003987.jpg,262,262
JW_003701,Img 003988,jewellery,data/catalogue/JW_003989.jpg,https://huggingface.co/datasets/sidd707/jewelry-design-dataset/img_003988.jpg,262,262
JW_003702,Img 003989,jewellery,data/catalogue/JW_003990.jpg,https://huggingface.co/datasets/sidd707/jewelry-design-dataset/img_003989.jpg,262,262
JW_003703,Img 003990,jewellery,data/catalogue/JW_003991.jpg,https://huggingface.co/datasets/sidd707/jewelry-design-dataset/img_003990.jpg,262,262
JW_003704,Img 003991,jewellery,data/catalogue/JW_003992.jpg,https://huggingface.co/datasets/sidd707/jewelry-design-dataset/img_003991.jpg,262,262
JW_003705,Img 003992,jewellery,data/catalogue/JW_003993.jpg,https://huggingface.co/datasets/sidd707/jewelry-design-dataset/img_003992.jpg,262,262
JW_003706,Img 003993,jewellery,data/catalogue/JW_003994.jpg,https://huggingface.co/datasets/sidd707/jewelry-design-dataset/img_003993.jpg,262,262
JW_003707,Img 003994,jewellery,data/catalogue/JW_003995.jpg,https://huggingface.co/datasets/sidd707/jewelry-design-dataset/img_003994.jpg,262,262
JW_003708,Img 003995,jewellery,data/catalogue/JW_003996.jpg,https://huggingface.co/datasets/sidd707/jewelry-design-dataset/img_003995.jpg,262,262
JW_003709,Img 003996,jewellery,data/catalogue/JW_003997.jpg,https://huggingface.co/datasets/sidd707/jewelry-design-dataset/img_003996.jpg,262,262
JW_003710,Img 003997,jewellery,data/catalogue/JW_003998.jpg,https://huggingface.co/datasets/sidd707/jewelry-design-dataset/img_003997.jpg,262,262
JW_003711,Img 003998,jewellery,data/catalogue/JW_003999.jpg,https://huggingface.co/datasets/sidd707/jewelry-design-dataset/img_003998.jpg,262,262
JW_003712,Img 003999,jewellery,data/catalogue/JW_004000.jpg,https://huggingface.co/datasets/sidd707/jewelry-design-dataset/img_003999.jpg,262,262
JW_003713,Img 004000,jewellery,data/catalogue/JW_004001.jpg,https://huggingface.co/datasets/sidd707/jewelry-design-dataset/img_004000.jpg,262,262
JW_003714,Img 004001,jewellery,data/catalogue/JW_004002.jpg,https://huggingface.co/datasets/sidd707/jewelry-design-dataset/img_004001.jpg,262,262
JW_003715,Img 004002,jewellery,data/catalogue/JW_004003.jpg,https://huggingface.co/datasets/sidd707/jewelry-design-dataset/img_004002.jpg,262,262
JW_003716,Img 004003,jewellery,data/catalogue/JW_004004.jpg,https://huggingface.co/datasets/sidd707/jewelry-design-dataset/img_004003.jpg,262,262
JW_003717,Img 004004,jewellery,data/catalogue/JW_004005.jpg,https://huggingface.co/datasets/sidd707/jewelry-design-dataset/img_004004.jpg,262,262
JW_003718,Img 004005,jewellery,data/catalogue/JW_004006.jpg,https://huggingface.co/datasets/sidd707/jewelry-design-dataset/img_004005.jpg,262,262
JW_003719,Img 004006,jewellery,data/catalogue/JW_004007.jpg,https://huggingface.co/datasets/sidd707/jewelry-design-dataset/img_004006.jpg,262,262
JW_003720,Img 004007,jewellery,data/catalogue/JW_004008.jpg,https://huggingface.co/datasets/sidd707/jewelry-design-dataset/img_004007.jpg,262,262
JW_003721,Img 004008,jewellery,data/catalogue/JW_004009.jpg,https://huggingface.co/datasets/sidd707/jewelry-design-dataset/img_004008.jpg,262,262
JW_003722,Img 004009,jewellery,data/catalogue/JW_004010.jpg,https://huggingface.co/datasets/sidd707/jewelry-design-dataset/img_004009.jpg,262,262
JW_003723,Img 004010,jewellery,data/catalogue/JW_004011.jpg,https://huggingface.co/datasets/sidd707/jewelry-design-dataset/img_004010.jpg,262,262
JW_003724,Img 004011,jewellery,data/catalogue/JW_004012.jpg,https://huggingface.co/datasets/sidd707/jewelry-design-dataset/img_004011.jpg,262,262
JW_003725,Img 004012,jewellery,data/catalogue/JW_004013.jpg,https://huggingface.co/datasets/sidd707/jewelry-design-dataset/img_004012.jpg,262,262
JW_003726,Img 004013,jewellery,data/catalogue/JW_004014.jpg,https://huggingface.co/datasets/sidd707/jewelry-design-dataset/img_004013.jpg,262,262
JW_003727,Img 004014,jewellery,data/catalogue/JW_004015.jpg,https://huggingface.co/datasets/sidd707/jewelry-design-dataset/img_004014.jpg,262,262
JW_003728,Img 004015,jewellery,data/catalogue/JW_004016.jpg,https://huggingface.co/datasets/sidd707/jewelry-design-dataset/img_004015.jpg,262,262
JW_003729,Img 004016,jewellery,data/catalogue/JW_004017.jpg,https://huggingface.co/datasets/sidd707/jewelry-design-dataset/img_004016.jpg,262,262
JW_003730,Img 004017,jewellery,data/catalogue/JW_004018.jpg,https://huggingface.co/datasets/sidd707/jewelry-design-dataset/img_004017.jpg,262,262
JW_003731,Img 004018,jewellery,data/catalogue/JW_004019.jpg,https://huggingface.co/datasets/sidd707/jewelry-design-dataset/img_004018.jpg,262,262
JW_003732,Img 004019,jewellery,data/catalogue/JW_004020.jpg,https://huggingface.co/datasets/sidd707/jewelry-design-dataset/img_004019.jpg,262,262
JW_003733,Img 004021,jewellery,data/catalogue/JW_004022.jpg,https://huggingface.co/datasets/sidd707/jewelry-design-dataset/img_004021.jpg,262,262
JW_003734,Img 004022,jewellery,data/catalogue/JW_004023.jpg,https://huggingface.co/datasets/sidd707/jewelry-design-dataset/img_004022.jpg,262,262
JW_003735,Img 004023,jewellery,data/catalogue/JW_004024.jpg,https://huggingface.co/datasets/sidd707/jewelry-design-dataset/img_004023.jpg,262,262
JW_003736,Img 004024,jewellery,data/catalogue/JW_004025.jpg,https://huggingface.co/datasets/sidd707/jewelry-design-dataset/img_004024.jpg,262,262
JW_003737,Img 004025,jewellery,data/catalogue/JW_004026.jpg,https://huggingface.co/datasets/sidd707/jewelry-design-dataset/img_004025.jpg,262,262
JW_003738,Img 004026,jewellery,data/catalogue/JW_004027.jpg,https://huggingface.co/datasets/sidd707/jewelry-design-dataset/img_004026.jpg,262,262
JW_003739,Img 004027,jewellery,data/catalogue/JW_004028.jpg,https://huggingface.co/datasets/sidd707/jewelry-design-dataset/img_004027.jpg,262,262
JW_003740,Img 004028,jewellery,data/catalogue/JW_004029.jpg,https://huggingface.co/datasets/sidd707/jewelry-design-dataset/img_004028.jpg,262,262
JW_003741,Img 004029,jewellery,data/catalogue/JW_004030.jpg,https://huggingface.co/datasets/sidd707/jewelry-design-dataset/img_004029.jpg,262,262
JW_003742,Img 004030,jewellery,data/catalogue/JW_004031.jpg,https://huggingface.co/datasets/sidd707/jewelry-design-dataset/img_004030.jpg,262,262
JW_003743,Img 004031,jewellery,data/catalogue/JW_004032.jpg,https://huggingface.co/datasets/sidd707/jewelry-design-dataset/img_004031.jpg,262,262
JW_003744,Img 004032,jewellery,data/catalogue/JW_004033.jpg,https://huggingface.co/datasets/sidd707/jewelry-design-dataset/img_004032.jpg,307,400
JW_003745,Img 004033,jewellery,data/catalogue/JW_004034.jpg,https://huggingface.co/datasets/sidd707/jewelry-design-dataset/img_004033.jpg,3872,3872
JW_003746,Img 004034,jewellery,data/catalogue/JW_004035.jpg,https://huggingface.co/datasets/sidd707/jewelry-design-dataset/img_004034.jpg,456,513
JW_003747,Img 004035,jewellery,data/catalogue/JW_004036.jpg,https://huggingface.co/datasets/sidd707/jewelry-design-dataset/img_004035.jpg,400,400
JW_003748,Img 004036,jewellery,data/catalogue/JW_004037.jpg,https://huggingface.co/datasets/sidd707/jewelry-design-dataset/img_004036.jpg,360,360
JW_003749,Img 004037,jewellery,data/catalogue/JW_004038.jpg,https://huggingface.co/datasets/sidd707/jewelry-design-dataset/img_004037.jpg,2000,2000
JW_003750,Img 004038,jewellery,data/catalogue/JW_004039.jpg,https://huggingface.co/datasets/sidd707/jewelry-design-dataset/img_004038.jpg,2000,2000
JW_003751,Img 004039,jewellery,data/catalogue/JW_004040.jpg,https://huggingface.co/datasets/sidd707/jewelry-design-dataset/img_004039.jpg,850,995
JW_003752,Img 004040,jewellery,data/catalogue/JW_004041.jpg,https://huggingface.co/datasets/sidd707/jewelry-design-dataset/img_004040.jpg,1200,800
JW_003753,Img 004041,jewellery,data/catalogue/JW_004042.jpg,https://huggingface.co/datasets/sidd707/jewelry-design-dataset/img_004041.jpg,414,414
JW_003754,Img 004042,jewellery,data/catalogue/JW_004043.jpg,https://huggingface.co/datasets/sidd707/jewelry-design-dataset/img_004042.jpg,456,480
JW_003755,Img 004043,jewellery,data/catalogue/JW_004044.jpg,https://huggingface.co/datasets/sidd707/jewelry-design-dataset/img_004043.jpg,201,251
JW_003756,Img 004044,jewellery,data/catalogue/JW_004045.jpg,https://huggingface.co/datasets/sidd707/jewelry-design-dataset/img_004044.jpg,236,213
JW_003757,Img 004045,jewellery,data/catalogue/JW_004046.jpg,https://huggingface.co/datasets/sidd707/jewelry-design-dataset/img_004045.jpg,204,247
JW_003758,Img 004046,jewellery,data/catalogue/JW_004047.jpg,https://huggingface.co/datasets/sidd707/jewelry-design-dataset/img_004046.jpg,225,225
JW_003759,Img 004047,jewellery,data/catalogue/JW_004048.jpg,https://huggingface.co/datasets/sidd707/jewelry-design-dataset/img_004047.jpg,225,225
JW_003760,Img 004048,jewellery,data/catalogue/JW_004049.jpg,https://huggingface.co/datasets/sidd707/jewelry-design-dataset/img_004048.jpg,225,225
JW_003761,Img 004049,jewellery,data/catalogue/JW_004050.jpg,https://huggingface.co/datasets/sidd707/jewelry-design-dataset/img_004049.jpg,225,225
JW_003762,Img 004050,jewellery,data/catalogue/JW_004051.jpg,https://huggingface.co/datasets/sidd707/jewelry-design-dataset/img_004050.jpg,198,254
JW_003763,Img 004051,jewellery,data/catalogue/JW_004052.jpg,https://huggingface.co/datasets/sidd707/jewelry-design-dataset/img_004051.jpg,225,225
JW_003764,Img 004052,jewellery,data/catalogue/JW_004053.jpg,https://huggingface.co/datasets/sidd707/jewelry-design-dataset/img_004052.jpg,183,275
JW_003765,Img 004053,jewellery,data/catalogue/JW_004054.jpg,https://huggingface.co/datasets/sidd707/jewelry-design-dataset/img_004053.jpg,183,275
JW_003766,Img 004054,jewellery,data/catalogue/JW_004055.jpg,https://huggingface.co/datasets/sidd707/jewelry-design-dataset/img_004054.jpg,225,225
JW_003767,Img 004055,jewellery,data/catalogue/JW_004056.jpg,https://huggingface.co/datasets/sidd707/jewelry-design-dataset/img_004055.jpg,225,225
JW_003768,Img 004056,jewellery,data/catalogue/JW_004057.jpg,https://huggingface.co/datasets/sidd707/jewelry-design-dataset/img_004056.jpg,264,191
JW_003769,Img 004057,jewellery,data/catalogue/JW_004058.jpg,https://huggingface.co/datasets/sidd707/jewelry-design-dataset/img_004057.jpg,225,225
JW_003770,Img 004058,jewellery,data/catalogue/JW_004059.jpg,https://huggingface.co/datasets/sidd707/jewelry-design-dataset/img_004058.jpg,225,225
JW_003771,Img 004059,jewellery,data/catalogue/JW_004060.jpg,https://huggingface.co/datasets/sidd707/jewelry-design-dataset/img_004059.jpg,198,254
JW_003772,Img 004060,jewellery,data/catalogue/JW_004061.jpg,https://huggingface.co/datasets/sidd707/jewelry-design-dataset/img_004060.jpg,225,225
JW_003773,Img 004061,jewellery,data/catalogue/JW_004062.jpg,https://huggingface.co/datasets/sidd707/jewelry-design-dataset/img_004061.jpg,225,225
JW_003774,Img 004062,jewellery,data/catalogue/JW_004063.jpg,https://huggingface.co/datasets/sidd707/jewelry-design-dataset/img_004062.jpg,225,225
JW_003775,Img 004063,jewellery,data/catalogue/JW_004064.jpg,https://huggingface.co/datasets/sidd707/jewelry-design-dataset/img_004063.jpg,225,225
JW_003776,Img 004064,jewellery,data/catalogue/JW_004065.jpg,https://huggingface.co/datasets/sidd707/jewelry-design-dataset/img_004064.jpg,225,225
JW_003777,Img 004065,jewellery,data/catalogue/JW_004066.jpg,https://huggingface.co/datasets/sidd707/jewelry-design-dataset/img_004065.jpg,224,224
JW_003778,Img 004066,jewellery,data/catalogue/JW_004067.jpg,https://huggingface.co/datasets/sidd707/jewelry-design-dataset/img_004066.jpg,207,243
JW_003779,Img 004067,jewellery,data/catalogue/JW_004068.jpg,https://huggingface.co/datasets/sidd707/jewelry-design-dataset/img_004067.jpg,225,225
JW_003780,Img 004069,jewellery,data/catalogue/JW_004070.jpg,https://huggingface.co/datasets/sidd707/jewelry-design-dataset/img_004069.jpg,224,224
JW_003781,Img 004070,jewellery,data/catalogue/JW_004071.jpg,https://huggingface.co/datasets/sidd707/jewelry-design-dataset/img_004070.jpg,225,225
JW_003782,Img 004071,jewellery,data/catalogue/JW_004072.jpg,https://huggingface.co/datasets/sidd707/jewelry-design-dataset/img_004071.jpg,275,183
JW_003783,Img 004072,jewellery,data/catalogue/JW_004073.jpg,https://huggingface.co/datasets/sidd707/jewelry-design-dataset/img_004072.jpg,225,225
JW_003784,Img 004073,jewellery,data/catalogue/JW_004074.jpg,https://huggingface.co/datasets/sidd707/jewelry-design-dataset/img_004073.jpg,194,259
JW_003785,Img 004074,jewellery,data/catalogue/JW_004075.jpg,https://huggingface.co/datasets/sidd707/jewelry-design-dataset/img_004074.jpg,225,225
JW_003786,Img 004075,jewellery,data/catalogue/JW_004076.jpg,https://huggingface.co/datasets/sidd707/jewelry-design-dataset/img_004075.jpg,242,209
JW_003787,Img 004077,jewellery,data/catalogue/JW_004078.jpg,https://huggingface.co/datasets/sidd707/jewelry-design-dataset/img_004077.jpg,201,251
JW_003788,Img 004078,jewellery,data/catalogue/JW_004079.jpg,https://huggingface.co/datasets/sidd707/jewelry-design-dataset/img_004078.jpg,225,225
JW_003789,Img 004079,jewellery,data/catalogue/JW_004080.jpg,https://huggingface.co/datasets/sidd707/jewelry-design-dataset/img_004079.jpg,225,225
JW_003790,Img 004080,jewellery,data/catalogue/JW_004081.jpg,https://huggingface.co/datasets/sidd707/jewelry-design-dataset/img_004080.jpg,207,243
JW_003791,Img 004081,jewellery,data/catalogue/JW_004082.jpg,https://huggingface.co/datasets/sidd707/jewelry-design-dataset/img_004081.jpg,225,225
JW_003792,Img 004082,jewellery,data/catalogue/JW_004083.jpg,https://huggingface.co/datasets/sidd707/jewelry-design-dataset/img_004082.jpg,225,225
JW_003793,Img 004083,jewellery,data/catalogue/JW_004084.jpg,https://huggingface.co/datasets/sidd707/jewelry-design-dataset/img_004083.jpg,225,225
JW_003794,Img 004085,jewellery,data/catalogue/JW_004086.jpg,https://huggingface.co/datasets/sidd707/jewelry-design-dataset/img_004085.jpg,183,275
JW_003795,Img 004086,jewellery,data/catalogue/JW_004087.jpg,https://huggingface.co/datasets/sidd707/jewelry-design-dataset/img_004086.jpg,198,254
JW_003796,Img 004088,jewellery,data/catalogue/JW_004089.jpg,https://huggingface.co/datasets/sidd707/jewelry-design-dataset/img_004088.jpg,502,610
JW_003797,Img 004089,jewellery,data/catalogue/JW_004090.jpg,https://huggingface.co/datasets/sidd707/jewelry-design-dataset/img_004089.jpg,204,247
JW_003798,Img 004090,jewellery,data/catalogue/JW_004091.jpg,https://huggingface.co/datasets/sidd707/jewelry-design-dataset/img_004090.jpg,208,243
JW_003799,Img 004091,jewellery,data/catalogue/JW_004092.jpg,https://huggingface.co/datasets/sidd707/jewelry-design-dataset/img_004091.jpg,225,225
JW_003800,Img 004092,jewellery,data/catalogue/JW_004093.jpg,https://huggingface.co/datasets/sidd707/jewelry-design-dataset/img_004092.jpg,225,225
JW_003801,Img 004093,jewellery,data/catalogue/JW_004094.jpg,https://huggingface.co/datasets/sidd707/jewelry-design-dataset/img_004093.jpg,258,195
JW_003802,Img 004094,jewellery,data/catalogue/JW_004095.jpg,https://huggingface.co/datasets/sidd707/jewelry-design-dataset/img_004094.jpg,223,226
JW_003803,Img 004095,jewellery,data/catalogue/JW_004096.jpg,https://huggingface.co/datasets/sidd707/jewelry-design-dataset/img_004095.jpg,225,225
JW_003804,Img 004096,jewellery,data/catalogue/JW_004097.jpg,https://huggingface.co/datasets/sidd707/jewelry-design-dataset/img_004096.jpg,197,255
JW_003805,Img 004097,jewellery,data/catalogue/JW_004098.jpg,https://huggingface.co/datasets/sidd707/jewelry-design-dataset/img_004097.jpg,225,225
JW_003806,Img 004098,jewellery,data/catalogue/JW_004099.jpg,https://huggingface.co/datasets/sidd707/jewelry-design-dataset/img_004098.jpg,225,225
JW_003807,Img 004099,jewellery,data/catalogue/JW_004100.jpg,https://huggingface.co/datasets/sidd707/jewelry-design-dataset/img_004099.jpg,187,270
JW_003808,Img 004100,jewellery,data/catalogue/JW_004101.jpg,https://huggingface.co/datasets/sidd707/jewelry-design-dataset/img_004100.jpg,554,554
JW_003809,Img 004101,jewellery,data/catalogue/JW_004102.jpg,https://huggingface.co/datasets/sidd707/jewelry-design-dataset/img_004101.jpg,259,194
JW_003810,Img 004102,jewellery,data/catalogue/JW_004103.jpg,https://huggingface.co/datasets/sidd707/jewelry-design-dataset/img_004102.jpg,225,225
JW_003811,Img 004103,jewellery,data/catalogue/JW_004104.jpg,https://huggingface.co/datasets/sidd707/jewelry-design-dataset/img_004103.jpg,183,275
JW_003812,Img 004104,jewellery,data/catalogue/JW_004105.jpg,https://huggingface.co/datasets/sidd707/jewelry-design-dataset/img_004104.jpg,225,225
JW_003813,Img 004105,jewellery,data/catalogue/JW_004106.jpg,https://huggingface.co/datasets/sidd707/jewelry-design-dataset/img_004105.jpg,199,253
JW_003814,Img 004106,jewellery,data/catalogue/JW_004107.jpg,https://huggingface.co/datasets/sidd707/jewelry-design-dataset/img_004106.jpg,554,554
JW_003815,Img 004107,jewellery,data/catalogue/JW_004108.jpg,https://huggingface.co/datasets/sidd707/jewelry-design-dataset/img_004107.jpg,225,225
JW_003816,Img 004108,jewellery,data/catalogue/JW_004109.jpg,https://huggingface.co/datasets/sidd707/jewelry-design-dataset/img_004108.jpg,225,225
JW_003817,Img 004109,jewellery,data/catalogue/JW_004110.jpg,https://huggingface.co/datasets/sidd707/jewelry-design-dataset/img_004109.jpg,194,259
JW_003818,Img 004110,jewellery,data/catalogue/JW_004111.jpg,https://huggingface.co/datasets/sidd707/jewelry-design-dataset/img_004110.jpg,211,239
JW_003819,Img 004112,jewellery,data/catalogue/JW_004113.jpg,https://huggingface.co/datasets/sidd707/jewelry-design-dataset/img_004112.jpg,500,500
JW_003820,Img 004113,jewellery,data/catalogue/JW_004114.jpg,https://huggingface.co/datasets/sidd707/jewelry-design-dataset/img_004113.jpg,225,225
JW_003821,Img 004114,jewellery,data/catalogue/JW_004115.jpg,https://huggingface.co/datasets/sidd707/jewelry-design-dataset/img_004114.jpg,512,599
JW_003822,Img 004115,jewellery,data/catalogue/JW_004116.jpg,https://huggingface.co/datasets/sidd707/jewelry-design-dataset/img_004115.jpg,225,225
JW_003823,Img 004116,jewellery,data/catalogue/JW_004117.jpg,https://huggingface.co/datasets/sidd707/jewelry-design-dataset/img_004116.jpg,225,225
JW_003824,Img 004117,jewellery,data/catalogue/JW_004118.jpg,https://huggingface.co/datasets/sidd707/jewelry-design-dataset/img_004117.jpg,225,225
JW_003825,Img 004119,jewellery,data/catalogue/JW_004120.jpg,https://huggingface.co/datasets/sidd707/jewelry-design-dataset/img_004119.jpg,900,900
JW_003826,Img 004120,jewellery,data/catalogue/JW_004121.jpg,https://huggingface.co/datasets/sidd707/jewelry-design-dataset/img_004120.jpg,1000,1000
JW_003827,Img 004123,jewellery,data/catalogue/JW_004124.jpg,https://huggingface.co/datasets/sidd707/jewelry-design-dataset/img_004123.jpg,440,440
JW_003828,Img 004124,jewellery,data/catalogue/JW_004125.jpg,https://huggingface.co/datasets/sidd707/jewelry-design-dataset/img_004124.jpg,440,440
JW_003829,Img 004125,jewellery,data/catalogue/JW_004126.jpg,https://huggingface.co/datasets/sidd707/jewelry-design-dataset/img_004125.jpg,440,440
JW_003830,Img 004126,jewellery,data/catalogue/JW_004127.jpg,https://huggingface.co/datasets/sidd707/jewelry-design-dataset/img_004126.jpg,850,995
JW_003831,Img 004127,jewellery,data/catalogue/JW_004128.jpg,https://huggingface.co/datasets/sidd707/jewelry-design-dataset/img_004127.jpg,640,640
JW_003832,Img 004128,jewellery,data/catalogue/JW_004129.jpg,https://huggingface.co/datasets/sidd707/jewelry-design-dataset/img_004128.jpg,235,215
JW_003833,Img 004129,jewellery,data/catalogue/JW_004130.jpg,https://huggingface.co/datasets/sidd707/jewelry-design-dataset/img_004129.jpg,903,1340
JW_003834,Img 004130,jewellery,data/catalogue/JW_004131.jpg,https://huggingface.co/datasets/sidd707/jewelry-design-dataset/img_004130.jpg,500,500
JW_003835,Img 004131,jewellery,data/catalogue/JW_004132.jpg,https://huggingface.co/datasets/sidd707/jewelry-design-dataset/img_004131.jpg,360,480
JW_003836,Img 004132,jewellery,data/catalogue/JW_004133.jpg,https://huggingface.co/datasets/sidd707/jewelry-design-dataset/img_004132.jpg,550,550
JW_003837,Img 004133,jewellery,data/catalogue/JW_004134.jpg,https://huggingface.co/datasets/sidd707/jewelry-design-dataset/img_004133.jpg,437,648
JW_003838,Img 004134,jewellery,data/catalogue/JW_004135.jpg,https://huggingface.co/datasets/sidd707/jewelry-design-dataset/img_004134.jpg,437,648
JW_003839,Img 004135,jewellery,data/catalogue/JW_004136.jpg,https://huggingface.co/datasets/sidd707/jewelry-design-dataset/img_004135.jpg,583,442
JW_003840,Img 004136,jewellery,data/catalogue/JW_004137.jpg,https://huggingface.co/datasets/sidd707/jewelry-design-dataset/img_004136.jpg,1200,1500
JW_003841,Img 004137,jewellery,data/catalogue/JW_004138.jpg,https://huggingface.co/datasets/sidd707/jewelry-design-dataset/img_004137.jpg,604,728
JW_003842,Img 004138,jewellery,data/catalogue/JW_004139.jpg,https://huggingface.co/datasets/sidd707/jewelry-design-dataset/img_004138.jpg,490,500
JW_003843,Img 004139,jewellery,data/catalogue/JW_004140.jpg,https://huggingface.co/datasets/sidd707/jewelry-design-dataset/img_004139.jpg,760,500
JW_003844,Img 004140,jewellery,data/catalogue/JW_004141.jpg,https://huggingface.co/datasets/sidd707/jewelry-design-dataset/img_004140.jpg,1000,1000
JW_003845,Img 004141,jewellery,data/catalogue/JW_004142.jpg,https://huggingface.co/datasets/sidd707/jewelry-design-dataset/img_004141.jpg,500,500
JW_003846,Img 004142,jewellery,data/catalogue/JW_004143.jpg,https://huggingface.co/datasets/sidd707/jewelry-design-dataset/img_004142.jpg,898,898
JW_003847,Img 004143,jewellery,data/catalogue/JW_004144.jpg,https://huggingface.co/datasets/sidd707/jewelry-design-dataset/img_004143.jpg,941,934
JW_003848,Img 004145,jewellery,data/catalogue/JW_004146.jpg,https://huggingface.co/datasets/sidd707/jewelry-design-dataset/img_004145.jpg,800,800
JW_003849,Img 004146,jewellery,data/catalogue/JW_004147.jpg,https://huggingface.co/datasets/sidd707/jewelry-design-dataset/img_004146.jpg,800,800
JW_003850,Img 004147,jewellery,data/catalogue/JW_004148.jpg,https://huggingface.co/datasets/sidd707/jewelry-design-dataset/img_004147.jpg,320,400
JW_003851,Img 004148,jewellery,data/catalogue/JW_004149.jpg,https://huggingface.co/datasets/sidd707/jewelry-design-dataset/img_004148.jpg,1600,1600
JW_003852,Img 004149,jewellery,data/catalogue/JW_004150.jpg,https://huggingface.co/datasets/sidd707/jewelry-design-dataset/img_004149.jpg,1240,1860
JW_003853,Img 004150,jewellery,data/catalogue/JW_004151.jpg,https://huggingface.co/datasets/sidd707/jewelry-design-dataset/img_004150.jpg,690,675
JW_003854,Img 004151,jewellery,data/catalogue/JW_004152.jpg,https://huggingface.co/datasets/sidd707/jewelry-design-dataset/img_004151.jpg,622,512
JW_003855,Img 004152,jewellery,data/catalogue/JW_004153.jpg,https://huggingface.co/datasets/sidd707/jewelry-design-dataset/img_004152.jpg,690,634
JW_003856,Img 004153,jewellery,data/catalogue/JW_004154.jpg,https://huggingface.co/datasets/sidd707/jewelry-design-dataset/img_004153.jpg,690,692
JW_003857,Img 004154,jewellery,data/catalogue/JW_004155.jpg,https://huggingface.co/datasets/sidd707/jewelry-design-dataset/img_004154.jpg,690,384
JW_003858,Img 004155,jewellery,data/catalogue/JW_004156.jpg,https://huggingface.co/datasets/sidd707/jewelry-design-dataset/img_004155.jpg,690,467
JW_003859,Img 004156,jewellery,data/catalogue/JW_004157.jpg,https://huggingface.co/datasets/sidd707/jewelry-design-dataset/img_004156.jpg,690,611
JW_003860,Img 004157,jewellery,data/catalogue/JW_004158.jpg,https://huggingface.co/datasets/sidd707/jewelry-design-dataset/img_004157.jpg,720,1440
JW_003861,Img 004158,jewellery,data/catalogue/JW_004159.jpg,https://huggingface.co/datasets/sidd707/jewelry-design-dataset/img_004158.jpg,613,789
JW_003862,Img 004159,jewellery,data/catalogue/JW_004160.jpg,https://huggingface.co/datasets/sidd707/jewelry-design-dataset/img_004159.jpg,488,760
JW_003863,Img 004160,jewellery,data/catalogue/JW_004161.jpg,https://huggingface.co/datasets/sidd707/jewelry-design-dataset/img_004160.jpg,690,800
JW_003864,Img 004161,jewellery,data/catalogue/JW_004162.jpg,https://huggingface.co/datasets/sidd707/jewelry-design-dataset/img_004161.jpg,463,387
JW_003865,Img 004162,jewellery,data/catalogue/JW_004163.jpg,https://huggingface.co/datasets/sidd707/jewelry-design-dataset/img_004162.jpg,669,857
JW_003866,Img 004163,jewellery,data/catalogue/JW_004164.jpg,https://huggingface.co/datasets/sidd707/jewelry-design-dataset/img_004163.jpg,678,664
JW_003867,Img 004164,jewellery,data/catalogue/JW_004165.jpg,https://huggingface.co/datasets/sidd707/jewelry-design-dataset/img_004164.jpg,656,662
JW_003868,Img 004165,jewellery,data/catalogue/JW_004166.jpg,https://huggingface.co/datasets/sidd707/jewelry-design-dataset/img_004165.jpg,646,658
JW_003869,Img 004166,jewellery,data/catalogue/JW_004167.jpg,https://huggingface.co/datasets/sidd707/jewelry-design-dataset/img_004166.jpg,628,360
JW_003870,Img 004167,jewellery,data/catalogue/JW_004168.jpg,https://huggingface.co/datasets/sidd707/jewelry-design-dataset/img_004167.jpg,646,648
JW_003871,Img 004168,jewellery,data/catalogue/JW_004169.jpg,https://huggingface.co/datasets/sidd707/jewelry-design-dataset/img_004168.jpg,690,668
JW_003872,Img 004169,jewellery,data/catalogue/JW_004170.jpg,https://huggingface.co/datasets/sidd707/jewelry-design-dataset/img_004169.jpg,650,652
JW_003873,Img 004170,jewellery,data/catalogue/JW_004171.jpg,https://huggingface.co/datasets/sidd707/jewelry-design-dataset/img_004170.jpg,675,654
JW_003874,Img 004171,jewellery,data/catalogue/JW_004172.jpg,https://huggingface.co/datasets/sidd707/jewelry-design-dataset/img_004171.jpg,654,744
JW_003875,Img 004172,jewellery,data/catalogue/JW_004173.jpg,https://huggingface.co/datasets/sidd707/jewelry-design-dataset/img_004172.jpg,1000,1000
JW_003876,Img 004173,jewellery,data/catalogue/JW_004174.jpg,https://huggingface.co/datasets/sidd707/jewelry-design-dataset/img_004173.jpg,400,400
JW_003877,Img 004174,jewellery,data/catalogue/JW_004175.jpg,https://huggingface.co/datasets/sidd707/jewelry-design-dataset/img_004174.jpg,850,995
JW_003878,Img 004175,jewellery,data/catalogue/JW_004176.jpg,https://huggingface.co/datasets/sidd707/jewelry-design-dataset/img_004175.jpg,400,400
JW_003879,Img 004176,jewellery,data/catalogue/JW_004177.jpg,https://huggingface.co/datasets/sidd707/jewelry-design-dataset/img_004176.jpg,720,659
JW_003880,Img 004179,jewellery,data/catalogue/JW_004180.jpg,https://huggingface.co/datasets/sidd707/jewelry-design-dataset/img_004179.jpg,440,440
JW_003881,Img 004180,jewellery,data/catalogue/JW_004181.jpg,https://huggingface.co/datasets/sidd707/jewelry-design-dataset/img_004180.jpg,440,440
JW_003882,Img 004181,jewellery,data/catalogue/JW_004182.jpg,https://huggingface.co/datasets/sidd707/jewelry-design-dataset/img_004181.jpg,440,440
JW_003883,Img 004182,jewellery,data/catalogue/JW_004183.jpg,https://huggingface.co/datasets/sidd707/jewelry-design-dataset/img_004182.jpg,440,440
JW_003884,Img 004183,jewellery,data/catalogue/JW_004184.jpg,https://huggingface.co/datasets/sidd707/jewelry-design-dataset/img_004183.jpg,440,440
JW_003885,Img 004185,jewellery,data/catalogue/JW_004186.jpg,https://huggingface.co/datasets/sidd707/jewelry-design-dataset/img_004185.jpg,612,586
JW_003886,Img 004186,jewellery,data/catalogue/JW_004187.jpg,https://huggingface.co/datasets/sidd707/jewelry-design-dataset/img_004186.jpg,256,256
JW_003887,Img 004187,jewellery,data/catalogue/JW_004188.jpg,https://huggingface.co/datasets/sidd707/jewelry-design-dataset/img_004187.jpg,256,256
JW_003888,Img 004188,jewellery,data/catalogue/JW_004189.jpg,https://huggingface.co/datasets/sidd707/jewelry-design-dataset/img_004188.jpg,256,256
JW_003889,Img 004189,jewellery,data/catalogue/JW_004190.jpg,https://huggingface.co/datasets/sidd707/jewelry-design-dataset/img_004189.jpg,256,256
JW_003890,Img 004190,jewellery,data/catalogue/JW_004191.jpg,https://huggingface.co/datasets/sidd707/jewelry-design-dataset/img_004190.jpg,256,256
JW_003891,Img 004191,jewellery,data/catalogue/JW_004192.jpg,https://huggingface.co/datasets/sidd707/jewelry-design-dataset/img_004191.jpg,256,256
JW_003892,Img 004192,jewellery,data/catalogue/JW_004193.jpg,https://huggingface.co/datasets/sidd707/jewelry-design-dataset/img_004192.jpg,256,256
JW_003893,Img 004194,jewellery,data/catalogue/JW_004195.jpg,https://huggingface.co/datasets/sidd707/jewelry-design-dataset/img_004194.jpg,256,256
JW_003894,Img 004195,jewellery,data/catalogue/JW_004196.jpg,https://huggingface.co/datasets/sidd707/jewelry-design-dataset/img_004195.jpg,256,256
JW_003895,Img 004196,jewellery,data/catalogue/JW_004197.jpg,https://huggingface.co/datasets/sidd707/jewelry-design-dataset/img_004196.jpg,256,256
JW_003896,Img 004197,jewellery,data/catalogue/JW_004198.jpg,https://huggingface.co/datasets/sidd707/jewelry-design-dataset/img_004197.jpg,256,256
JW_003897,Img 004198,jewellery,data/catalogue/JW_004199.jpg,https://huggingface.co/datasets/sidd707/jewelry-design-dataset/img_004198.jpg,256,256
JW_003898,Img 004199,jewellery,data/catalogue/JW_004200.jpg,https://huggingface.co/datasets/sidd707/jewelry-design-dataset/img_004199.jpg,256,256
JW_003899,Img 004200,jewellery,data/catalogue/JW_004201.jpg,https://huggingface.co/datasets/sidd707/jewelry-design-dataset/img_004200.jpg,256,256
JW_003900,Img 004201,jewellery,data/catalogue/JW_004202.jpg,https://huggingface.co/datasets/sidd707/jewelry-design-dataset/img_004201.jpg,256,256
JW_003901,Img 004202,jewellery,data/catalogue/JW_004203.jpg,https://huggingface.co/datasets/sidd707/jewelry-design-dataset/img_004202.jpg,256,256
JW_003902,Img 004203,jewellery,data/catalogue/JW_004204.jpg,https://huggingface.co/datasets/sidd707/jewelry-design-dataset/img_004203.jpg,256,256
JW_003903,Img 004204,jewellery,data/catalogue/JW_004205.jpg,https://huggingface.co/datasets/sidd707/jewelry-design-dataset/img_004204.jpg,256,256
JW_003904,Img 004205,jewellery,data/catalogue/JW_004206.jpg,https://huggingface.co/datasets/sidd707/jewelry-design-dataset/img_004205.jpg,256,256
JW_003905,Img 004206,jewellery,data/catalogue/JW_004207.jpg,https://huggingface.co/datasets/sidd707/jewelry-design-dataset/img_004206.jpg,256,256
JW_003906,Img 004207,jewellery,data/catalogue/JW_004208.jpg,https://huggingface.co/datasets/sidd707/jewelry-design-dataset/img_004207.jpg,256,256
JW_003907,Img 004208,jewellery,data/catalogue/JW_004209.jpg,https://huggingface.co/datasets/sidd707/jewelry-design-dataset/img_004208.jpg,256,256
JW_003908,Img 004209,jewellery,data/catalogue/JW_004210.jpg,https://huggingface.co/datasets/sidd707/jewelry-design-dataset/img_004209.jpg,256,256
JW_003909,Img 004210,jewellery,data/catalogue/JW_004211.jpg,https://huggingface.co/datasets/sidd707/jewelry-design-dataset/img_004210.jpg,256,256
JW_003910,Img 004211,jewellery,data/catalogue/JW_004212.jpg,https://huggingface.co/datasets/sidd707/jewelry-design-dataset/img_004211.jpg,256,256
JW_003911,Img 004212,jewellery,data/catalogue/JW_004213.jpg,https://huggingface.co/datasets/sidd707/jewelry-design-dataset/img_004212.jpg,256,256
JW_003912,Img 004213,jewellery,data/catalogue/JW_004214.jpg,https://huggingface.co/datasets/sidd707/jewelry-design-dataset/img_004213.jpg,256,256
JW_003913,Img 004214,jewellery,data/catalogue/JW_004215.jpg,https://huggingface.co/datasets/sidd707/jewelry-design-dataset/img_004214.jpg,256,256
JW_003914,Img 004215,jewellery,data/catalogue/JW_004216.jpg,https://huggingface.co/datasets/sidd707/jewelry-design-dataset/img_004215.jpg,256,256
JW_003915,Img 004216,jewellery,data/catalogue/JW_004217.jpg,https://huggingface.co/datasets/sidd707/jewelry-design-dataset/img_004216.jpg,256,256
JW_003916,Img 004217,jewellery,data/catalogue/JW_004218.jpg,https://huggingface.co/datasets/sidd707/jewelry-design-dataset/img_004217.jpg,256,256
JW_003917,Img 004218,jewellery,data/catalogue/JW_004219.jpg,https://huggingface.co/datasets/sidd707/jewelry-design-dataset/img_004218.jpg,256,256
JW_003918,Img 004219,jewellery,data/catalogue/JW_004220.jpg,https://huggingface.co/datasets/sidd707/jewelry-design-dataset/img_004219.jpg,256,256
JW_003919,Img 004220,jewellery,data/catalogue/JW_004221.jpg,https://huggingface.co/datasets/sidd707/jewelry-design-dataset/img_004220.jpg,256,256
JW_003920,Img 004221,jewellery,data/catalogue/JW_004222.jpg,https://huggingface.co/datasets/sidd707/jewelry-design-dataset/img_004221.jpg,256,256
JW_003921,Img 004222,jewellery,data/catalogue/JW_004223.jpg,https://huggingface.co/datasets/sidd707/jewelry-design-dataset/img_004222.jpg,256,256
JW_003922,Img 004223,jewellery,data/catalogue/JW_004224.jpg,https://huggingface.co/datasets/sidd707/jewelry-design-dataset/img_004223.jpg,256,256
JW_003923,Img 004224,jewellery,data/catalogue/JW_004225.jpg,https://huggingface.co/datasets/sidd707/jewelry-design-dataset/img_004224.jpg,256,256
JW_003924,Img 004226,jewellery,data/catalogue/JW_004227.jpg,https://huggingface.co/datasets/sidd707/jewelry-design-dataset/img_004226.jpg,256,256
JW_003925,Img 004228,jewellery,data/catalogue/JW_004229.jpg,https://huggingface.co/datasets/sidd707/jewelry-design-dataset/img_004228.jpg,256,256
JW_003926,Img 004229,jewellery,data/catalogue/JW_004230.jpg,https://huggingface.co/datasets/sidd707/jewelry-design-dataset/img_004229.jpg,256,256
JW_003927,Img 004230,jewellery,data/catalogue/JW_004231.jpg,https://huggingface.co/datasets/sidd707/jewelry-design-dataset/img_004230.jpg,256,256
JW_003928,Img 004231,jewellery,data/catalogue/JW_004232.jpg,https://huggingface.co/datasets/sidd707/jewelry-design-dataset/img_004231.jpg,256,256
JW_003929,Img 004232,jewellery,data/catalogue/JW_004233.jpg,https://huggingface.co/datasets/sidd707/jewelry-design-dataset/img_004232.jpg,256,256
JW_003930,Img 004233,jewellery,data/catalogue/JW_004234.jpg,https://huggingface.co/datasets/sidd707/jewelry-design-dataset/img_004233.jpg,256,256
JW_003931,Img 004234,jewellery,data/catalogue/JW_004235.jpg,https://huggingface.co/datasets/sidd707/jewelry-design-dataset/img_004234.jpg,256,256
JW_003932,Img 004235,jewellery,data/catalogue/JW_004236.jpg,https://huggingface.co/datasets/sidd707/jewelry-design-dataset/img_004235.jpg,256,256
JW_003933,Img 004236,jewellery,data/catalogue/JW_004237.jpg,https://huggingface.co/datasets/sidd707/jewelry-design-dataset/img_004236.jpg,256,256
JW_003934,Img 004237,jewellery,data/catalogue/JW_004238.jpg,https://huggingface.co/datasets/sidd707/jewelry-design-dataset/img_004237.jpg,256,256
JW_003935,Img 004238,jewellery,data/catalogue/JW_004239.jpg,https://huggingface.co/datasets/sidd707/jewelry-design-dataset/img_004238.jpg,256,256
JW_003936,Img 004239,jewellery,data/catalogue/JW_004240.jpg,https://huggingface.co/datasets/sidd707/jewelry-design-dataset/img_004239.jpg,256,256
JW_003937,Img 004240,jewellery,data/catalogue/JW_004241.jpg,https://huggingface.co/datasets/sidd707/jewelry-design-dataset/img_004240.jpg,256,256
JW_003938,Img 004241,jewellery,data/catalogue/JW_004242.jpg,https://huggingface.co/datasets/sidd707/jewelry-design-dataset/img_004241.jpg,256,256
JW_003939,Img 004242,jewellery,data/catalogue/JW_004243.jpg,https://huggingface.co/datasets/sidd707/jewelry-design-dataset/img_004242.jpg,256,256
JW_003940,Img 004243,jewellery,data/catalogue/JW_004244.jpg,https://huggingface.co/datasets/sidd707/jewelry-design-dataset/img_004243.jpg,256,256
JW_003941,Img 004244,jewellery,data/catalogue/JW_004245.jpg,https://huggingface.co/datasets/sidd707/jewelry-design-dataset/img_004244.jpg,256,256
JW_003942,Img 004245,jewellery,data/catalogue/JW_004246.jpg,https://huggingface.co/datasets/sidd707/jewelry-design-dataset/img_004245.jpg,256,256
JW_003943,Img 004246,jewellery,data/catalogue/JW_004247.jpg,https://huggingface.co/datasets/sidd707/jewelry-design-dataset/img_004246.jpg,256,256
JW_003944,Img 004247,jewellery,data/catalogue/JW_004248.jpg,https://huggingface.co/datasets/sidd707/jewelry-design-dataset/img_004247.jpg,256,256
JW_003945,Img 004248,jewellery,data/catalogue/JW_004249.jpg,https://huggingface.co/datasets/sidd707/jewelry-design-dataset/img_004248.jpg,256,256
JW_003946,Img 004249,jewellery,data/catalogue/JW_004250.jpg,https://huggingface.co/datasets/sidd707/jewelry-design-dataset/img_004249.jpg,256,256
JW_003947,Img 004250,jewellery,data/catalogue/JW_004251.jpg,https://huggingface.co/datasets/sidd707/jewelry-design-dataset/img_004250.jpg,256,256
JW_003948,Img 004251,jewellery,data/catalogue/JW_004252.jpg,https://huggingface.co/datasets/sidd707/jewelry-design-dataset/img_004251.jpg,256,256
JW_003949,Img 004252,jewellery,data/catalogue/JW_004253.jpg,https://huggingface.co/datasets/sidd707/jewelry-design-dataset/img_004252.jpg,256,256
JW_003950,Img 004253,jewellery,data/catalogue/JW_004254.jpg,https://huggingface.co/datasets/sidd707/jewelry-design-dataset/img_004253.jpg,256,256
JW_003951,Img 004254,jewellery,data/catalogue/JW_004255.jpg,https://huggingface.co/datasets/sidd707/jewelry-design-dataset/img_004254.jpg,256,256
JW_003952,Img 004255,jewellery,data/catalogue/JW_004256.jpg,https://huggingface.co/datasets/sidd707/jewelry-design-dataset/img_004255.jpg,256,256
JW_003953,Img 004256,jewellery,data/catalogue/JW_004257.jpg,https://huggingface.co/datasets/sidd707/jewelry-design-dataset/img_004256.jpg,256,256
JW_003954,Img 004257,jewellery,data/catalogue/JW_004258.jpg,https://huggingface.co/datasets/sidd707/jewelry-design-dataset/img_004257.jpg,256,256
JW_003955,Img 004258,jewellery,data/catalogue/JW_004259.jpg,https://huggingface.co/datasets/sidd707/jewelry-design-dataset/img_004258.jpg,256,256
JW_003956,Img 004259,jewellery,data/catalogue/JW_004260.jpg,https://huggingface.co/datasets/sidd707/jewelry-design-dataset/img_004259.jpg,256,256
JW_003957,Img 004260,jewellery,data/catalogue/JW_004261.jpg,https://huggingface.co/datasets/sidd707/jewelry-design-dataset/img_004260.jpg,256,256
JW_003958,Img 004262,jewellery,data/catalogue/JW_004263.jpg,https://huggingface.co/datasets/sidd707/jewelry-design-dataset/img_004262.jpg,256,256
JW_003959,Img 004263,jewellery,data/catalogue/JW_004264.jpg,https://huggingface.co/datasets/sidd707/jewelry-design-dataset/img_004263.jpg,256,256
JW_003960,Img 004264,jewellery,data/catalogue/JW_004265.jpg,https://huggingface.co/datasets/sidd707/jewelry-design-dataset/img_004264.jpg,256,256
JW_003961,Img 004265,jewellery,data/catalogue/JW_004266.jpg,https://huggingface.co/datasets/sidd707/jewelry-design-dataset/img_004265.jpg,256,256
JW_003962,Img 004266,jewellery,data/catalogue/JW_004267.jpg,https://huggingface.co/datasets/sidd707/jewelry-design-dataset/img_004266.jpg,256,256
JW_003963,Img 004267,jewellery,data/catalogue/JW_004268.jpg,https://huggingface.co/datasets/sidd707/jewelry-design-dataset/img_004267.jpg,256,256
JW_003964,Img 004268,jewellery,data/catalogue/JW_004269.jpg,https://huggingface.co/datasets/sidd707/jewelry-design-dataset/img_004268.jpg,256,256
JW_003965,Img 004269,jewellery,data/catalogue/JW_004270.jpg,https://huggingface.co/datasets/sidd707/jewelry-design-dataset/img_004269.jpg,256,256
JW_003966,Img 004270,jewellery,data/catalogue/JW_004271.jpg,https://huggingface.co/datasets/sidd707/jewelry-design-dataset/img_004270.jpg,256,256
JW_003967,Img 004271,jewellery,data/catalogue/JW_004272.jpg,https://huggingface.co/datasets/sidd707/jewelry-design-dataset/img_004271.jpg,256,256
JW_003968,Img 004272,jewellery,data/catalogue/JW_004273.jpg,https://huggingface.co/datasets/sidd707/jewelry-design-dataset/img_004272.jpg,256,256
JW_003969,Img 004273,jewellery,data/catalogue/JW_004274.jpg,https://huggingface.co/datasets/sidd707/jewelry-design-dataset/img_004273.jpg,256,256
JW_003970,Img 004274,jewellery,data/catalogue/JW_004275.jpg,https://huggingface.co/datasets/sidd707/jewelry-design-dataset/img_004274.jpg,256,256
JW_003971,Img 004275,jewellery,data/catalogue/JW_004276.jpg,https://huggingface.co/datasets/sidd707/jewelry-design-dataset/img_004275.jpg,256,256
JW_003972,Img 004276,jewellery,data/catalogue/JW_004277.jpg,https://huggingface.co/datasets/sidd707/jewelry-design-dataset/img_004276.jpg,256,256
JW_003973,Img 004277,jewellery,data/catalogue/JW_004278.jpg,https://huggingface.co/datasets/sidd707/jewelry-design-dataset/img_004277.jpg,256,256
JW_003974,Img 004278,jewellery,data/catalogue/JW_004279.jpg,https://huggingface.co/datasets/sidd707/jewelry-design-dataset/img_004278.jpg,256,256
JW_003975,Img 004279,jewellery,data/catalogue/JW_004280.jpg,https://huggingface.co/datasets/sidd707/jewelry-design-dataset/img_004279.jpg,256,256
JW_003976,Img 004280,jewellery,data/catalogue/JW_004281.jpg,https://huggingface.co/datasets/sidd707/jewelry-design-dataset/img_004280.jpg,256,256
JW_003977,Img 004281,jewellery,data/catalogue/JW_004282.jpg,https://huggingface.co/datasets/sidd707/jewelry-design-dataset/img_004281.jpg,256,256
JW_003978,Img 004282,jewellery,data/catalogue/JW_004283.jpg,https://huggingface.co/datasets/sidd707/jewelry-design-dataset/img_004282.jpg,256,256
JW_003979,Img 004283,jewellery,data/catalogue/JW_004284.jpg,https://huggingface.co/datasets/sidd707/jewelry-design-dataset/img_004283.jpg,256,256
JW_003980,Img 004285,jewellery,data/catalogue/JW_004286.jpg,https://huggingface.co/datasets/sidd707/jewelry-design-dataset/img_004285.jpg,256,256
JW_003981,Img 004286,jewellery,data/catalogue/JW_004287.jpg,https://huggingface.co/datasets/sidd707/jewelry-design-dataset/img_004286.jpg,256,256
JW_003982,Img 004287,jewellery,data/catalogue/JW_004288.jpg,https://huggingface.co/datasets/sidd707/jewelry-design-dataset/img_004287.jpg,256,256
JW_003983,Img 004289,jewellery,data/catalogue/JW_004290.jpg,https://huggingface.co/datasets/sidd707/jewelry-design-dataset/img_004289.jpg,256,256
JW_003984,Img 004290,jewellery,data/catalogue/JW_004291.jpg,https://huggingface.co/datasets/sidd707/jewelry-design-dataset/img_004290.jpg,256,256
JW_003985,Img 004291,jewellery,data/catalogue/JW_004292.jpg,https://huggingface.co/datasets/sidd707/jewelry-design-dataset/img_004291.jpg,256,256
JW_003986,Img 004292,jewellery,data/catalogue/JW_004293.jpg,https://huggingface.co/datasets/sidd707/jewelry-design-dataset/img_004292.jpg,256,256
JW_003987,Img 004293,jewellery,data/catalogue/JW_004294.jpg,https://huggingface.co/datasets/sidd707/jewelry-design-dataset/img_004293.jpg,256,256
JW_003988,Img 004294,jewellery,data/catalogue/JW_004295.jpg,https://huggingface.co/datasets/sidd707/jewelry-design-dataset/img_004294.jpg,256,256
JW_003989,Img 004295,jewellery,data/catalogue/JW_004296.jpg,https://huggingface.co/datasets/sidd707/jewelry-design-dataset/img_004295.jpg,256,256
JW_003990,Img 004296,jewellery,data/catalogue/JW_004297.jpg,https://huggingface.co/datasets/sidd707/jewelry-design-dataset/img_004296.jpg,256,256
JW_003991,Img 004297,jewellery,data/catalogue/JW_004298.jpg,https://huggingface.co/datasets/sidd707/jewelry-design-dataset/img_004297.jpg,256,256
JW_003992,Img 004298,jewellery,data/catalogue/JW_004299.jpg,https://huggingface.co/datasets/sidd707/jewelry-design-dataset/img_004298.jpg,256,256
JW_003993,Img 004299,jewellery,data/catalogue/JW_004300.jpg,https://huggingface.co/datasets/sidd707/jewelry-design-dataset/img_004299.jpg,256,256
JW_003994,Img 004301,jewellery,data/catalogue/JW_004302.jpg,https://huggingface.co/datasets/sidd707/jewelry-design-dataset/img_004301.jpg,256,256
JW_003995,Img 004302,jewellery,data/catalogue/JW_004303.jpg,https://huggingface.co/datasets/sidd707/jewelry-design-dataset/img_004302.jpg,256,256
JW_003996,Img 004303,jewellery,data/catalogue/JW_004304.jpg,https://huggingface.co/datasets/sidd707/jewelry-design-dataset/img_004303.jpg,256,256
JW_003997,Img 004304,jewellery,data/catalogue/JW_004305.jpg,https://huggingface.co/datasets/sidd707/jewelry-design-dataset/img_004304.jpg,256,256
JW_003998,Img 004305,jewellery,data/catalogue/JW_004306.jpg,https://huggingface.co/datasets/sidd707/jewelry-design-dataset/img_004305.jpg,256,256
JW_003999,Img 004306,jewellery,data/catalogue/JW_004307.jpg,https://huggingface.co/datasets/sidd707/jewelry-design-dataset/img_004306.jpg,256,256
JW_004000,Img 004307,jewellery,data/catalogue/JW_004308.jpg,https://huggingface.co/datasets/sidd707/jewelry-design-dataset/img_004307.jpg,256,256
JW_004001,Img 004308,jewellery,data/catalogue/JW_004309.jpg,https://huggingface.co/datasets/sidd707/jewelry-design-dataset/img_004308.jpg,256,256
JW_004002,Img 004309,jewellery,data/catalogue/JW_004310.jpg,https://huggingface.co/datasets/sidd707/jewelry-design-dataset/img_004309.jpg,256,256
JW_004003,Img 004310,jewellery,data/catalogue/JW_004311.jpg,https://huggingface.co/datasets/sidd707/jewelry-design-dataset/img_004310.jpg,256,256
JW_004004,Img 004311,jewellery,data/catalogue/JW_004312.jpg,https://huggingface.co/datasets/sidd707/jewelry-design-dataset/img_004311.jpg,256,256
JW_004005,Img 004313,jewellery,data/catalogue/JW_004314.jpg,https://huggingface.co/datasets/sidd707/jewelry-design-dataset/img_004313.jpg,256,256
JW_004006,Img 004314,jewellery,data/catalogue/JW_004315.jpg,https://huggingface.co/datasets/sidd707/jewelry-design-dataset/img_004314.jpg,256,256
JW_004007,Img 004315,jewellery,data/catalogue/JW_004316.jpg,https://huggingface.co/datasets/sidd707/jewelry-design-dataset/img_004315.jpg,256,256
JW_004008,Img 004316,jewellery,data/catalogue/JW_004317.jpg,https://huggingface.co/datasets/sidd707/jewelry-design-dataset/img_004316.jpg,256,256
JW_004009,Img 004317,jewellery,data/catalogue/JW_004318.jpg,https://huggingface.co/datasets/sidd707/jewelry-design-dataset/img_004317.jpg,256,256
JW_004010,Img 004318,jewellery,data/catalogue/JW_004319.jpg,https://huggingface.co/datasets/sidd707/jewelry-design-dataset/img_004318.jpg,256,256
JW_004011,Img 004319,jewellery,data/catalogue/JW_004320.jpg,https://huggingface.co/datasets/sidd707/jewelry-design-dataset/img_004319.jpg,256,256
JW_004012,Img 004321,jewellery,data/catalogue/JW_004322.jpg,https://huggingface.co/datasets/sidd707/jewelry-design-dataset/img_004321.jpg,256,256
JW_004013,Img 004322,jewellery,data/catalogue/JW_004323.jpg,https://huggingface.co/datasets/sidd707/jewelry-design-dataset/img_004322.jpg,256,256
JW_004014,Img 004323,jewellery,data/catalogue/JW_004324.jpg,https://huggingface.co/datasets/sidd707/jewelry-design-dataset/img_004323.jpg,256,256
JW_004015,Img 004324,jewellery,data/catalogue/JW_004325.jpg,https://huggingface.co/datasets/sidd707/jewelry-design-dataset/img_004324.jpg,256,256
JW_004016,Img 004325,jewellery,data/catalogue/JW_004326.jpg,https://huggingface.co/datasets/sidd707/jewelry-design-dataset/img_004325.jpg,256,256
JW_004017,Img 004326,jewellery,data/catalogue/JW_004327.jpg,https://huggingface.co/datasets/sidd707/jewelry-design-dataset/img_004326.jpg,256,256
JW_004018,Img 004327,jewellery,data/catalogue/JW_004328.jpg,https://huggingface.co/datasets/sidd707/jewelry-design-dataset/img_004327.jpg,256,256
JW_004019,Img 004328,jewellery,data/catalogue/JW_004329.jpg,https://huggingface.co/datasets/sidd707/jewelry-design-dataset/img_004328.jpg,256,256
JW_004020,Img 004329,jewellery,data/catalogue/JW_004330.jpg,https://huggingface.co/datasets/sidd707/jewelry-design-dataset/img_004329.jpg,256,256
JW_004021,Img 004330,jewellery,data/catalogue/JW_004331.jpg,https://huggingface.co/datasets/sidd707/jewelry-design-dataset/img_004330.jpg,256,256
JW_004022,Img 004331,jewellery,data/catalogue/JW_004332.jpg,https://huggingface.co/datasets/sidd707/jewelry-design-dataset/img_004331.jpg,256,256
JW_004023,Img 004332,jewellery,data/catalogue/JW_004333.jpg,https://huggingface.co/datasets/sidd707/jewelry-design-dataset/img_004332.jpg,256,256
JW_004024,Img 004333,jewellery,data/catalogue/JW_004334.jpg,https://huggingface.co/datasets/sidd707/jewelry-design-dataset/img_004333.jpg,256,256
JW_004025,Img 004334,jewellery,data/catalogue/JW_004335.jpg,https://huggingface.co/datasets/sidd707/jewelry-design-dataset/img_004334.jpg,256,256
JW_004026,Img 004335,jewellery,data/catalogue/JW_004336.jpg,https://huggingface.co/datasets/sidd707/jewelry-design-dataset/img_004335.jpg,256,256
JW_004027,Img 004336,jewellery,data/catalogue/JW_004337.jpg,https://huggingface.co/datasets/sidd707/jewelry-design-dataset/img_004336.jpg,256,256
JW_004028,Img 004337,jewellery,data/catalogue/JW_004338.jpg,https://huggingface.co/datasets/sidd707/jewelry-design-dataset/img_004337.jpg,256,256
JW_004029,Img 004338,jewellery,data/catalogue/JW_004339.jpg,https://huggingface.co/datasets/sidd707/jewelry-design-dataset/img_004338.jpg,256,256
JW_004030,Img 004339,jewellery,data/catalogue/JW_004340.jpg,https://huggingface.co/datasets/sidd707/jewelry-design-dataset/img_004339.jpg,256,256
JW_004031,Img 004340,jewellery,data/catalogue/JW_004341.jpg,https://huggingface.co/datasets/sidd707/jewelry-design-dataset/img_004340.jpg,256,256
JW_004032,Img 004341,jewellery,data/catalogue/JW_004342.jpg,https://huggingface.co/datasets/sidd707/jewelry-design-dataset/img_004341.jpg,256,256
JW_004033,Img 004342,jewellery,data/catalogue/JW_004343.jpg,https://huggingface.co/datasets/sidd707/jewelry-design-dataset/img_004342.jpg,256,256
JW_004034,Img 004343,jewellery,data/catalogue/JW_004344.jpg,https://huggingface.co/datasets/sidd707/jewelry-design-dataset/img_004343.jpg,256,256
JW_004035,Img 004344,jewellery,data/catalogue/JW_004345.jpg,https://huggingface.co/datasets/sidd707/jewelry-design-dataset/img_004344.jpg,256,256
JW_004036,Img 004345,jewellery,data/catalogue/JW_004346.jpg,https://huggingface.co/datasets/sidd707/jewelry-design-dataset/img_004345.jpg,256,256
JW_004037,Img 004346,jewellery,data/catalogue/JW_004347.jpg,https://huggingface.co/datasets/sidd707/jewelry-design-dataset/img_004346.jpg,256,256
JW_004038,Img 004347,jewellery,data/catalogue/JW_004348.jpg,https://huggingface.co/datasets/sidd707/jewelry-design-dataset/img_004347.jpg,256,256
JW_004039,Img 004348,jewellery,data/catalogue/JW_004349.jpg,https://huggingface.co/datasets/sidd707/jewelry-design-dataset/img_004348.jpg,256,256
JW_004040,Img 004349,jewellery,data/catalogue/JW_004350.jpg,https://huggingface.co/datasets/sidd707/jewelry-design-dataset/img_004349.jpg,256,256
JW_004041,Img 004350,jewellery,data/catalogue/JW_004351.jpg,https://huggingface.co/datasets/sidd707/jewelry-design-dataset/img_004350.jpg,256,256
JW_004042,Img 004352,jewellery,data/catalogue/JW_004353.jpg,https://huggingface.co/datasets/sidd707/jewelry-design-dataset/img_004352.jpg,256,256
JW_004043,Img 004353,jewellery,data/catalogue/JW_004354.jpg,https://huggingface.co/datasets/sidd707/jewelry-design-dataset/img_004353.jpg,256,256
JW_004044,Img 004354,jewellery,data/catalogue/JW_004355.jpg,https://huggingface.co/datasets/sidd707/jewelry-design-dataset/img_004354.jpg,256,256
JW_004045,Img 004355,jewellery,data/catalogue/JW_004356.jpg,https://huggingface.co/datasets/sidd707/jewelry-design-dataset/img_004355.jpg,256,256
JW_004046,Img 004356,jewellery,data/catalogue/JW_004357.jpg,https://huggingface.co/datasets/sidd707/jewelry-design-dataset/img_004356.jpg,256,256
JW_004047,Img 004357,jewellery,data/catalogue/JW_004358.jpg,https://huggingface.co/datasets/sidd707/jewelry-design-dataset/img_004357.jpg,256,256
JW_004048,Img 004358,jewellery,data/catalogue/JW_004359.jpg,https://huggingface.co/datasets/sidd707/jewelry-design-dataset/img_004358.jpg,256,256
JW_004049,Img 004360,jewellery,data/catalogue/JW_004361.jpg,https://huggingface.co/datasets/sidd707/jewelry-design-dataset/img_004360.jpg,256,256
JW_004050,Img 004361,jewellery,data/catalogue/JW_004362.jpg,https://huggingface.co/datasets/sidd707/jewelry-design-dataset/img_004361.jpg,256,256
JW_004051,Img 004362,jewellery,data/catalogue/JW_004363.jpg,https://huggingface.co/datasets/sidd707/jewelry-design-dataset/img_004362.jpg,256,256
JW_004052,Img 004363,jewellery,data/catalogue/JW_004364.jpg,https://huggingface.co/datasets/sidd707/jewelry-design-dataset/img_004363.jpg,256,256
JW_004053,Img 004364,jewellery,data/catalogue/JW_004365.jpg,https://huggingface.co/datasets/sidd707/jewelry-design-dataset/img_004364.jpg,256,256
JW_004054,Img 004365,jewellery,data/catalogue/JW_004366.jpg,https://huggingface.co/datasets/sidd707/jewelry-design-dataset/img_004365.jpg,256,256
JW_004055,Img 004366,jewellery,data/catalogue/JW_004367.jpg,https://huggingface.co/datasets/sidd707/jewelry-design-dataset/img_004366.jpg,256,256
JW_004056,Img 004367,jewellery,data/catalogue/JW_004368.jpg,https://huggingface.co/datasets/sidd707/jewelry-design-dataset/img_004367.jpg,256,256
JW_004057,Img 004368,jewellery,data/catalogue/JW_004369.jpg,https://huggingface.co/datasets/sidd707/jewelry-design-dataset/img_004368.jpg,256,256
JW_004058,Img 004369,jewellery,data/catalogue/JW_004370.jpg,https://huggingface.co/datasets/sidd707/jewelry-design-dataset/img_004369.jpg,256,256
JW_004059,Img 004370,jewellery,data/catalogue/JW_004371.jpg,https://huggingface.co/datasets/sidd707/jewelry-design-dataset/img_004370.jpg,256,256
JW_004060,Img 004371,jewellery,data/catalogue/JW_004372.jpg,https://huggingface.co/datasets/sidd707/jewelry-design-dataset/img_004371.jpg,256,256
JW_004061,Img 004372,jewellery,data/catalogue/JW_004373.jpg,https://huggingface.co/datasets/sidd707/jewelry-design-dataset/img_004372.jpg,256,256
JW_004062,Img 004373,jewellery,data/catalogue/JW_004374.jpg,https://huggingface.co/datasets/sidd707/jewelry-design-dataset/img_004373.jpg,256,256
JW_004063,Img 004374,jewellery,data/catalogue/JW_004375.jpg,https://huggingface.co/datasets/sidd707/jewelry-design-dataset/img_004374.jpg,256,256
JW_004064,Img 004375,jewellery,data/catalogue/JW_004376.jpg,https://huggingface.co/datasets/sidd707/jewelry-design-dataset/img_004375.jpg,256,256
JW_004065,Img 004377,jewellery,data/catalogue/JW_004378.jpg,https://huggingface.co/datasets/sidd707/jewelry-design-dataset/img_004377.jpg,256,256
JW_004066,Img 004378,jewellery,data/catalogue/JW_004379.jpg,https://huggingface.co/datasets/sidd707/jewelry-design-dataset/img_004378.jpg,256,256
JW_004067,Img 004379,jewellery,data/catalogue/JW_004380.jpg,https://huggingface.co/datasets/sidd707/jewelry-design-dataset/img_004379.jpg,256,256
JW_004068,Img 004381,jewellery,data/catalogue/JW_004382.jpg,https://huggingface.co/datasets/sidd707/jewelry-design-dataset/img_004381.jpg,256,256
JW_004069,Img 004382,jewellery,data/catalogue/JW_004383.jpg,https://huggingface.co/datasets/sidd707/jewelry-design-dataset/img_004382.jpg,256,256
JW_004070,Img 004383,jewellery,data/catalogue/JW_004384.jpg,https://huggingface.co/datasets/sidd707/jewelry-design-dataset/img_004383.jpg,256,256
JW_004071,Img 004384,jewellery,data/catalogue/JW_004385.jpg,https://huggingface.co/datasets/sidd707/jewelry-design-dataset/img_004384.jpg,256,256
JW_004072,Img 004386,jewellery,data/catalogue/JW_004387.jpg,https://huggingface.co/datasets/sidd707/jewelry-design-dataset/img_004386.jpg,256,256
JW_004073,Img 004388,jewellery,data/catalogue/JW_004389.jpg,https://huggingface.co/datasets/sidd707/jewelry-design-dataset/img_004388.jpg,256,256
JW_004074,Img 004389,jewellery,data/catalogue/JW_004390.jpg,https://huggingface.co/datasets/sidd707/jewelry-design-dataset/img_004389.jpg,256,256
JW_004075,Img 004390,jewellery,data/catalogue/JW_004391.jpg,https://huggingface.co/datasets/sidd707/jewelry-design-dataset/img_004390.jpg,256,256
JW_004076,Img 004391,jewellery,data/catalogue/JW_004392.jpg,https://huggingface.co/datasets/sidd707/jewelry-design-dataset/img_004391.jpg,256,256
JW_004077,Img 004392,jewellery,data/catalogue/JW_004393.jpg,https://huggingface.co/datasets/sidd707/jewelry-design-dataset/img_004392.jpg,256,256
JW_004078,Img 004393,jewellery,data/catalogue/JW_004394.jpg,https://huggingface.co/datasets/sidd707/jewelry-design-dataset/img_004393.jpg,256,256
JW_004079,Img 004394,jewellery,data/catalogue/JW_004395.jpg,https://huggingface.co/datasets/sidd707/jewelry-design-dataset/img_004394.jpg,256,256
JW_004080,Img 004395,jewellery,data/catalogue/JW_004396.jpg,https://huggingface.co/datasets/sidd707/jewelry-design-dataset/img_004395.jpg,256,256
JW_004081,Img 004396,jewellery,data/catalogue/JW_004397.jpg,https://huggingface.co/datasets/sidd707/jewelry-design-dataset/img_004396.jpg,256,256
JW_004082,Img 004397,jewellery,data/catalogue/JW_004398.jpg,https://huggingface.co/datasets/sidd707/jewelry-design-dataset/img_004397.jpg,256,256
JW_004083,Img 004398,jewellery,data/catalogue/JW_004399.jpg,https://huggingface.co/datasets/sidd707/jewelry-design-dataset/img_004398.jpg,256,256
JW_004084,Img 004399,jewellery,data/catalogue/JW_004400.jpg,https://huggingface.co/datasets/sidd707/jewelry-design-dataset/img_004399.jpg,256,256
JW_004085,Img 004401,jewellery,data/catalogue/JW_004402.jpg,https://huggingface.co/datasets/sidd707/jewelry-design-dataset/img_004401.jpg,256,256
JW_004086,Img 004402,jewellery,data/catalogue/JW_004403.jpg,https://huggingface.co/datasets/sidd707/jewelry-design-dataset/img_004402.jpg,256,256
JW_004087,Img 004403,jewellery,data/catalogue/JW_004404.jpg,https://huggingface.co/datasets/sidd707/jewelry-design-dataset/img_004403.jpg,256,256
JW_004088,Img 004405,jewellery,data/catalogue/JW_004406.jpg,https://huggingface.co/datasets/sidd707/jewelry-design-dataset/img_004405.jpg,256,256
JW_004089,Img 004406,jewellery,data/catalogue/JW_004407.jpg,https://huggingface.co/datasets/sidd707/jewelry-design-dataset/img_004406.jpg,256,256
JW_004090,Img 004407,jewellery,data/catalogue/JW_004408.jpg,https://huggingface.co/datasets/sidd707/jewelry-design-dataset/img_004407.jpg,256,256
JW_004091,Img 004408,jewellery,data/catalogue/JW_004409.jpg,https://huggingface.co/datasets/sidd707/jewelry-design-dataset/img_004408.jpg,256,256
JW_004092,Img 004410,jewellery,data/catalogue/JW_004411.jpg,https://huggingface.co/datasets/sidd707/jewelry-design-dataset/img_004410.jpg,256,256
JW_004093,Img 004411,jewellery,data/catalogue/JW_004412.jpg,https://huggingface.co/datasets/sidd707/jewelry-design-dataset/img_004411.jpg,256,256
JW_004094,Img 004413,jewellery,data/catalogue/JW_004414.jpg,https://huggingface.co/datasets/sidd707/jewelry-design-dataset/img_004413.jpg,256,256
JW_004095,Img 004414,jewellery,data/catalogue/JW_004415.jpg,https://huggingface.co/datasets/sidd707/jewelry-design-dataset/img_004414.jpg,256,256
JW_004096,Img 004415,jewellery,data/catalogue/JW_004416.jpg,https://huggingface.co/datasets/sidd707/jewelry-design-dataset/img_004415.jpg,256,256
JW_004097,Img 004416,jewellery,data/catalogue/JW_004417.jpg,https://huggingface.co/datasets/sidd707/jewelry-design-dataset/img_004416.jpg,256,256
JW_004098,Img 004418,jewellery,data/catalogue/JW_004419.jpg,https://huggingface.co/datasets/sidd707/jewelry-design-dataset/img_004418.jpg,256,256
JW_004099,Img 004419,jewellery,data/catalogue/JW_004420.jpg,https://huggingface.co/datasets/sidd707/jewelry-design-dataset/img_004419.jpg,256,256
JW_004100,Img 004420,jewellery,data/catalogue/JW_004421.jpg,https://huggingface.co/datasets/sidd707/jewelry-design-dataset/img_004420.jpg,256,256
JW_004101,Img 004421,jewellery,data/catalogue/JW_004422.jpg,https://huggingface.co/datasets/sidd707/jewelry-design-dataset/img_004421.jpg,256,256
JW_004102,Img 004422,jewellery,data/catalogue/JW_004423.jpg,https://huggingface.co/datasets/sidd707/jewelry-design-dataset/img_004422.jpg,256,256
JW_004103,Img 004423,jewellery,data/catalogue/JW_004424.jpg,https://huggingface.co/datasets/sidd707/jewelry-design-dataset/img_004423.jpg,256,256
JW_004104,Img 004424,jewellery,data/catalogue/JW_004425.jpg,https://huggingface.co/datasets/sidd707/jewelry-design-dataset/img_004424.jpg,256,256
JW_004105,Img 004425,jewellery,data/catalogue/JW_004426.jpg,https://huggingface.co/datasets/sidd707/jewelry-design-dataset/img_004425.jpg,256,256
JW_004106,Img 004426,jewellery,data/catalogue/JW_004427.jpg,https://huggingface.co/datasets/sidd707/jewelry-design-dataset/img_004426.jpg,256,256
JW_004107,Img 004427,jewellery,data/catalogue/JW_004428.jpg,https://huggingface.co/datasets/sidd707/jewelry-design-dataset/img_004427.jpg,256,256
JW_004108,Img 004428,jewellery,data/catalogue/JW_004429.jpg,https://huggingface.co/datasets/sidd707/jewelry-design-dataset/img_004428.jpg,256,256
JW_004109,Img 004429,jewellery,data/catalogue/JW_004430.jpg,https://huggingface.co/datasets/sidd707/jewelry-design-dataset/img_004429.jpg,256,256
JW_004110,Img 004430,jewellery,data/catalogue/JW_004431.jpg,https://huggingface.co/datasets/sidd707/jewelry-design-dataset/img_004430.jpg,256,256
JW_004111,Img 004432,jewellery,data/catalogue/JW_004433.jpg,https://huggingface.co/datasets/sidd707/jewelry-design-dataset/img_004432.jpg,256,256
JW_004112,Img 004433,jewellery,data/catalogue/JW_004434.jpg,https://huggingface.co/datasets/sidd707/jewelry-design-dataset/img_004433.jpg,256,256
JW_004113,Img 004434,jewellery,data/catalogue/JW_004435.jpg,https://huggingface.co/datasets/sidd707/jewelry-design-dataset/img_004434.jpg,256,256
JW_004114,Img 004436,jewellery,data/catalogue/JW_004437.jpg,https://huggingface.co/datasets/sidd707/jewelry-design-dataset/img_004436.jpg,256,256
JW_004115,Img 004437,jewellery,data/catalogue/JW_004438.jpg,https://huggingface.co/datasets/sidd707/jewelry-design-dataset/img_004437.jpg,256,256
JW_004116,Img 004438,jewellery,data/catalogue/JW_004439.jpg,https://huggingface.co/datasets/sidd707/jewelry-design-dataset/img_004438.jpg,256,256
JW_004117,Img 004439,jewellery,data/catalogue/JW_004440.jpg,https://huggingface.co/datasets/sidd707/jewelry-design-dataset/img_004439.jpg,256,256
JW_004118,Img 004441,jewellery,data/catalogue/JW_004442.jpg,https://huggingface.co/datasets/sidd707/jewelry-design-dataset/img_004441.jpg,256,256
JW_004119,Img 004443,jewellery,data/catalogue/JW_004444.jpg,https://huggingface.co/datasets/sidd707/jewelry-design-dataset/img_004443.jpg,256,256
JW_004120,Img 004444,jewellery,data/catalogue/JW_004445.jpg,https://huggingface.co/datasets/sidd707/jewelry-design-dataset/img_004444.jpg,256,256
JW_004121,Img 004445,jewellery,data/catalogue/JW_004446.jpg,https://huggingface.co/datasets/sidd707/jewelry-design-dataset/img_004445.jpg,256,256
JW_004122,Img 004446,jewellery,data/catalogue/JW_004447.jpg,https://huggingface.co/datasets/sidd707/jewelry-design-dataset/img_004446.jpg,256,256
JW_004123,Img 004448,jewellery,data/catalogue/JW_004449.jpg,https://huggingface.co/datasets/sidd707/jewelry-design-dataset/img_004448.jpg,256,256
JW_004124,Img 004449,jewellery,data/catalogue/JW_004450.jpg,https://huggingface.co/datasets/sidd707/jewelry-design-dataset/img_004449.jpg,256,256
JW_004125,Img 004450,jewellery,data/catalogue/JW_004451.jpg,https://huggingface.co/datasets/sidd707/jewelry-design-dataset/img_004450.jpg,256,256
JW_004126,Img 004451,jewellery,data/catalogue/JW_004452.jpg,https://huggingface.co/datasets/sidd707/jewelry-design-dataset/img_004451.jpg,256,256
JW_004127,Img 004452,jewellery,data/catalogue/JW_004453.jpg,https://huggingface.co/datasets/sidd707/jewelry-design-dataset/img_004452.jpg,256,256
JW_004128,Img 004453,jewellery,data/catalogue/JW_004454.jpg,https://huggingface.co/datasets/sidd707/jewelry-design-dataset/img_004453.jpg,256,256
JW_004129,Img 004456,jewellery,data/catalogue/JW_004457.jpg,https://huggingface.co/datasets/sidd707/jewelry-design-dataset/img_004456.jpg,256,256
JW_004130,Img 004457,jewellery,data/catalogue/JW_004458.jpg,https://huggingface.co/datasets/sidd707/jewelry-design-dataset/img_004457.jpg,256,256
JW_004131,Img 004458,jewellery,data/catalogue/JW_004459.jpg,https://huggingface.co/datasets/sidd707/jewelry-design-dataset/img_004458.jpg,256,256
JW_004132,Img 004459,jewellery,data/catalogue/JW_004460.jpg,https://huggingface.co/datasets/sidd707/jewelry-design-dataset/img_004459.jpg,256,256
JW_004133,Img 004461,jewellery,data/catalogue/JW_004462.jpg,https://huggingface.co/datasets/sidd707/jewelry-design-dataset/img_004461.jpg,256,256
JW_004134,Img 004462,jewellery,data/catalogue/JW_004463.jpg,https://huggingface.co/datasets/sidd707/jewelry-design-dataset/img_004462.jpg,256,256
JW_004135,Img 004463,jewellery,data/catalogue/JW_004464.jpg,https://huggingface.co/datasets/sidd707/jewelry-design-dataset/img_004463.jpg,256,256
JW_004136,Img 004466,jewellery,data/catalogue/JW_004467.jpg,https://huggingface.co/datasets/sidd707/jewelry-design-dataset/img_004466.jpg,256,256
JW_004137,Img 004467,jewellery,data/catalogue/JW_004468.jpg,https://huggingface.co/datasets/sidd707/jewelry-design-dataset/img_004467.jpg,256,256
JW_004138,Img 004468,jewellery,data/catalogue/JW_004469.jpg,https://huggingface.co/datasets/sidd707/jewelry-design-dataset/img_004468.jpg,256,256
JW_004139,Img 004469,jewellery,data/catalogue/JW_004470.jpg,https://huggingface.co/datasets/sidd707/jewelry-design-dataset/img_004469.jpg,256,256
JW_004140,Img 004470,jewellery,data/catalogue/JW_004471.jpg,https://huggingface.co/datasets/sidd707/jewelry-design-dataset/img_004470.jpg,256,256
JW_004141,Img 004471,jewellery,data/catalogue/JW_004472.jpg,https://huggingface.co/datasets/sidd707/jewelry-design-dataset/img_004471.jpg,256,256
JW_004142,Img 004472,jewellery,data/catalogue/JW_004473.jpg,https://huggingface.co/datasets/sidd707/jewelry-design-dataset/img_004472.jpg,256,256
JW_004143,Img 004473,jewellery,data/catalogue/JW_004474.jpg,https://huggingface.co/datasets/sidd707/jewelry-design-dataset/img_004473.jpg,256,256
JW_004144,Img 004474,jewellery,data/catalogue/JW_004475.jpg,https://huggingface.co/datasets/sidd707/jewelry-design-dataset/img_004474.jpg,256,256
JW_004145,Img 004475,jewellery,data/catalogue/JW_004476.jpg,https://huggingface.co/datasets/sidd707/jewelry-design-dataset/img_004475.jpg,256,256
JW_004146,Img 004476,jewellery,data/catalogue/JW_004477.jpg,https://huggingface.co/datasets/sidd707/jewelry-design-dataset/img_004476.jpg,256,256
JW_004147,Img 004477,jewellery,data/catalogue/JW_004478.jpg,https://huggingface.co/datasets/sidd707/jewelry-design-dataset/img_004477.jpg,256,256
JW_004148,Img 004478,jewellery,data/catalogue/JW_004479.jpg,https://huggingface.co/datasets/sidd707/jewelry-design-dataset/img_004478.jpg,256,256
JW_004149,Img 004479,jewellery,data/catalogue/JW_004480.jpg,https://huggingface.co/datasets/sidd707/jewelry-design-dataset/img_004479.jpg,256,256
JW_004150,Img 004480,jewellery,data/catalogue/JW_004481.jpg,https://huggingface.co/datasets/sidd707/jewelry-design-dataset/img_004480.jpg,256,256
JW_004151,Img 004481,jewellery,data/catalogue/JW_004482.jpg,https://huggingface.co/datasets/sidd707/jewelry-design-dataset/img_004481.jpg,256,256
JW_004152,Img 004482,jewellery,data/catalogue/JW_004483.jpg,https://huggingface.co/datasets/sidd707/jewelry-design-dataset/img_004482.jpg,256,256
JW_004153,Img 004483,jewellery,data/catalogue/JW_004484.jpg,https://huggingface.co/datasets/sidd707/jewelry-design-dataset/img_004483.jpg,256,256
JW_004154,Img 004484,jewellery,data/catalogue/JW_004485.jpg,https://huggingface.co/datasets/sidd707/jewelry-design-dataset/img_004484.jpg,256,256
JW_004155,Img 004485,jewellery,data/catalogue/JW_004486.jpg,https://huggingface.co/datasets/sidd707/jewelry-design-dataset/img_004485.jpg,256,256
JW_004156,Img 004486,jewellery,data/catalogue/JW_004487.jpg,https://huggingface.co/datasets/sidd707/jewelry-design-dataset/img_004486.jpg,256,256
JW_004157,Img 004487,jewellery,data/catalogue/JW_004488.jpg,https://huggingface.co/datasets/sidd707/jewelry-design-dataset/img_004487.jpg,256,256
JW_004158,Img 004488,jewellery,data/catalogue/JW_004489.jpg,https://huggingface.co/datasets/sidd707/jewelry-design-dataset/img_004488.jpg,256,256
JW_004159,Img 004489,jewellery,data/catalogue/JW_004490.jpg,https://huggingface.co/datasets/sidd707/jewelry-design-dataset/img_004489.jpg,256,256
JW_004160,Img 004490,jewellery,data/catalogue/JW_004491.jpg,https://huggingface.co/datasets/sidd707/jewelry-design-dataset/img_004490.jpg,256,256
JW_004161,Img 004491,jewellery,data/catalogue/JW_004492.jpg,https://huggingface.co/datasets/sidd707/jewelry-design-dataset/img_004491.jpg,256,256
JW_004162,Img 004492,jewellery,data/catalogue/JW_004493.jpg,https://huggingface.co/datasets/sidd707/jewelry-design-dataset/img_004492.jpg,256,256
JW_004163,Img 004493,jewellery,data/catalogue/JW_004494.jpg,https://huggingface.co/datasets/sidd707/jewelry-design-dataset/img_004493.jpg,256,256
JW_004164,Img 004495,jewellery,data/catalogue/JW_004496.jpg,https://huggingface.co/datasets/sidd707/jewelry-design-dataset/img_004495.jpg,256,256
JW_004165,Img 004496,jewellery,data/catalogue/JW_004497.jpg,https://huggingface.co/datasets/sidd707/jewelry-design-dataset/img_004496.jpg,256,256
JW_004166,Img 004498,jewellery,data/catalogue/JW_004499.jpg,https://huggingface.co/datasets/sidd707/jewelry-design-dataset/img_004498.jpg,256,256
JW_004167,Img 004499,jewellery,data/catalogue/JW_004500.jpg,https://huggingface.co/datasets/sidd707/jewelry-design-dataset/img_004499.jpg,256,256
JW_004168,Img 004503,jewellery,data/catalogue/JW_004504.jpg,https://huggingface.co/datasets/sidd707/jewelry-design-dataset/img_004503.jpg,256,256
JW_004169,Img 004504,jewellery,data/catalogue/JW_004505.jpg,https://huggingface.co/datasets/sidd707/jewelry-design-dataset/img_004504.jpg,256,256
JW_004170,Img 004505,jewellery,data/catalogue/JW_004506.jpg,https://huggingface.co/datasets/sidd707/jewelry-design-dataset/img_004505.jpg,256,256
JW_004171,Img 004506,jewellery,data/catalogue/JW_004507.jpg,https://huggingface.co/datasets/sidd707/jewelry-design-dataset/img_004506.jpg,256,256
JW_004172,Img 004507,jewellery,data/catalogue/JW_004508.jpg,https://huggingface.co/datasets/sidd707/jewelry-design-dataset/img_004507.jpg,256,256
JW_004173,Img 004510,jewellery,data/catalogue/JW_004511.jpg,https://huggingface.co/datasets/sidd707/jewelry-design-dataset/img_004510.jpg,256,256
JW_004174,Img 004511,jewellery,data/catalogue/JW_004512.jpg,https://huggingface.co/datasets/sidd707/jewelry-design-dataset/img_004511.jpg,256,256
JW_004175,Img 004512,jewellery,data/catalogue/JW_004513.jpg,https://huggingface.co/datasets/sidd707/jewelry-design-dataset/img_004512.jpg,256,256
JW_004176,Img 004513,jewellery,data/catalogue/JW_004514.jpg,https://huggingface.co/datasets/sidd707/jewelry-design-dataset/img_004513.jpg,256,256
JW_004177,Img 004514,jewellery,data/catalogue/JW_004515.jpg,https://huggingface.co/datasets/sidd707/jewelry-design-dataset/img_004514.jpg,256,256
JW_004178,Img 004515,jewellery,data/catalogue/JW_004516.jpg,https://huggingface.co/datasets/sidd707/jewelry-design-dataset/img_004515.jpg,256,256
JW_004179,Img 004516,jewellery,data/catalogue/JW_004517.jpg,https://huggingface.co/datasets/sidd707/jewelry-design-dataset/img_004516.jpg,256,256
JW_004180,Img 004517,jewellery,data/catalogue/JW_004518.jpg,https://huggingface.co/datasets/sidd707/jewelry-design-dataset/img_004517.jpg,256,256
JW_004181,Img 004518,jewellery,data/catalogue/JW_004519.jpg,https://huggingface.co/datasets/sidd707/jewelry-design-dataset/img_004518.jpg,256,256
JW_004182,Img 004519,jewellery,data/catalogue/JW_004520.jpg,https://huggingface.co/datasets/sidd707/jewelry-design-dataset/img_004519.jpg,256,256
JW_004183,Img 004520,jewellery,data/catalogue/JW_004521.jpg,https://huggingface.co/datasets/sidd707/jewelry-design-dataset/img_004520.jpg,256,256
JW_004184,Img 004521,jewellery,data/catalogue/JW_004522.jpg,https://huggingface.co/datasets/sidd707/jewelry-design-dataset/img_004521.jpg,256,256
JW_004185,Img 004522,jewellery,data/catalogue/JW_004523.jpg,https://huggingface.co/datasets/sidd707/jewelry-design-dataset/img_004522.jpg,256,256
JW_004186,Img 004523,jewellery,data/catalogue/JW_004524.jpg,https://huggingface.co/datasets/sidd707/jewelry-design-dataset/img_004523.jpg,256,256
JW_004187,Img 004524,jewellery,data/catalogue/JW_004525.jpg,https://huggingface.co/datasets/sidd707/jewelry-design-dataset/img_004524.jpg,256,256
JW_004188,Img 004525,jewellery,data/catalogue/JW_004526.jpg,https://huggingface.co/datasets/sidd707/jewelry-design-dataset/img_004525.jpg,256,256
JW_004189,Img 004526,jewellery,data/catalogue/JW_004527.jpg,https://huggingface.co/datasets/sidd707/jewelry-design-dataset/img_004526.jpg,256,256
JW_004190,Img 004527,jewellery,data/catalogue/JW_004528.jpg,https://huggingface.co/datasets/sidd707/jewelry-design-dataset/img_004527.jpg,256,256
JW_004191,Img 004528,jewellery,data/catalogue/JW_004529.jpg,https://huggingface.co/datasets/sidd707/jewelry-design-dataset/img_004528.jpg,256,256
JW_004192,Img 004530,jewellery,data/catalogue/JW_004531.jpg,https://huggingface.co/datasets/sidd707/jewelry-design-dataset/img_004530.jpg,256,256
JW_004193,Img 004531,jewellery,data/catalogue/JW_004532.jpg,https://huggingface.co/datasets/sidd707/jewelry-design-dataset/img_004531.jpg,256,256
JW_004194,Img 004532,jewellery,data/catalogue/JW_004533.jpg,https://huggingface.co/datasets/sidd707/jewelry-design-dataset/img_004532.jpg,256,256
JW_004195,Img 004533,jewellery,data/catalogue/JW_004534.jpg,https://huggingface.co/datasets/sidd707/jewelry-design-dataset/img_004533.jpg,256,256
JW_004196,Img 004534,jewellery,data/catalogue/JW_004535.jpg,https://huggingface.co/datasets/sidd707/jewelry-design-dataset/img_004534.jpg,256,256
JW_004197,Img 004535,jewellery,data/catalogue/JW_004536.jpg,https://huggingface.co/datasets/sidd707/jewelry-design-dataset/img_004535.jpg,256,256
JW_004198,Img 004536,jewellery,data/catalogue/JW_004537.jpg,https://huggingface.co/datasets/sidd707/jewelry-design-dataset/img_004536.jpg,256,256
JW_004199,Img 004537,jewellery,data/catalogue/JW_004538.jpg,https://huggingface.co/datasets/sidd707/jewelry-design-dataset/img_004537.jpg,256,256
JW_004200,Img 004538,jewellery,data/catalogue/JW_004539.jpg,https://huggingface.co/datasets/sidd707/jewelry-design-dataset/img_004538.jpg,256,256
JW_004201,Img 004540,jewellery,data/catalogue/JW_004541.jpg,https://huggingface.co/datasets/sidd707/jewelry-design-dataset/img_004540.jpg,256,256
JW_004202,Img 004541,jewellery,data/catalogue/JW_004542.jpg,https://huggingface.co/datasets/sidd707/jewelry-design-dataset/img_004541.jpg,256,256
JW_004203,Img 004542,jewellery,data/catalogue/JW_004543.jpg,https://huggingface.co/datasets/sidd707/jewelry-design-dataset/img_004542.jpg,256,256
JW_004204,Img 004544,jewellery,data/catalogue/JW_004545.jpg,https://huggingface.co/datasets/sidd707/jewelry-design-dataset/img_004544.jpg,256,256
JW_004205,Img 004545,jewellery,data/catalogue/JW_004546.jpg,https://huggingface.co/datasets/sidd707/jewelry-design-dataset/img_004545.jpg,256,256
JW_004206,Img 004547,jewellery,data/catalogue/JW_004548.jpg,https://huggingface.co/datasets/sidd707/jewelry-design-dataset/img_004547.jpg,256,256
JW_004207,Img 004548,jewellery,data/catalogue/JW_004549.jpg,https://huggingface.co/datasets/sidd707/jewelry-design-dataset/img_004548.jpg,256,256
JW_004208,Img 004549,jewellery,data/catalogue/JW_004550.jpg,https://huggingface.co/datasets/sidd707/jewelry-design-dataset/img_004549.jpg,256,256
JW_004209,Img 004550,jewellery,data/catalogue/JW_004551.jpg,https://huggingface.co/datasets/sidd707/jewelry-design-dataset/img_004550.jpg,256,256
JW_004210,Img 004551,jewellery,data/catalogue/JW_004552.jpg,https://huggingface.co/datasets/sidd707/jewelry-design-dataset/img_004551.jpg,256,256
JW_004211,Img 004552,jewellery,data/catalogue/JW_004553.jpg,https://huggingface.co/datasets/sidd707/jewelry-design-dataset/img_004552.jpg,256,256
JW_004212,Img 004553,jewellery,data/catalogue/JW_004554.jpg,https://huggingface.co/datasets/sidd707/jewelry-design-dataset/img_004553.jpg,256,256
JW_004213,Img 004554,jewellery,data/catalogue/JW_004555.jpg,https://huggingface.co/datasets/sidd707/jewelry-design-dataset/img_004554.jpg,256,256
JW_004214,Img 004556,jewellery,data/catalogue/JW_004557.jpg,https://huggingface.co/datasets/sidd707/jewelry-design-dataset/img_004556.jpg,256,256
JW_004215,Img 004557,jewellery,data/catalogue/JW_004558.jpg,https://huggingface.co/datasets/sidd707/jewelry-design-dataset/img_004557.jpg,256,256
JW_004216,Img 004558,jewellery,data/catalogue/JW_004559.jpg,https://huggingface.co/datasets/sidd707/jewelry-design-dataset/img_004558.jpg,256,256
JW_004217,Img 004559,jewellery,data/catalogue/JW_004560.jpg,https://huggingface.co/datasets/sidd707/jewelry-design-dataset/img_004559.jpg,256,256
JW_004218,Img 004560,jewellery,data/catalogue/JW_004561.jpg,https://huggingface.co/datasets/sidd707/jewelry-design-dataset/img_004560.jpg,256,256
JW_004219,Img 004561,jewellery,data/catalogue/JW_004562.jpg,https://huggingface.co/datasets/sidd707/jewelry-design-dataset/img_004561.jpg,256,256
JW_004220,Img 004562,jewellery,data/catalogue/JW_004563.jpg,https://huggingface.co/datasets/sidd707/jewelry-design-dataset/img_004562.jpg,256,256
JW_004221,Img 004564,jewellery,data/catalogue/JW_004565.jpg,https://huggingface.co/datasets/sidd707/jewelry-design-dataset/img_004564.jpg,256,256
JW_004222,Img 004565,jewellery,data/catalogue/JW_004566.jpg,https://huggingface.co/datasets/sidd707/jewelry-design-dataset/img_004565.jpg,256,256
JW_004223,Img 004566,jewellery,data/catalogue/JW_004567.jpg,https://huggingface.co/datasets/sidd707/jewelry-design-dataset/img_004566.jpg,256,256
JW_004224,Img 004567,jewellery,data/catalogue/JW_004568.jpg,https://huggingface.co/datasets/sidd707/jewelry-design-dataset/img_004567.jpg,256,256
JW_004225,Img 004568,jewellery,data/catalogue/JW_004569.jpg,https://huggingface.co/datasets/sidd707/jewelry-design-dataset/img_004568.jpg,256,256
JW_004226,Img 004569,jewellery,data/catalogue/JW_004570.jpg,https://huggingface.co/datasets/sidd707/jewelry-design-dataset/img_004569.jpg,256,256
JW_004227,Img 004570,jewellery,data/catalogue/JW_004571.jpg,https://huggingface.co/datasets/sidd707/jewelry-design-dataset/img_004570.jpg,256,256
JW_004228,Img 004571,jewellery,data/catalogue/JW_004572.jpg,https://huggingface.co/datasets/sidd707/jewelry-design-dataset/img_004571.jpg,256,256
JW_004229,Img 004572,jewellery,data/catalogue/JW_004573.jpg,https://huggingface.co/datasets/sidd707/jewelry-design-dataset/img_004572.jpg,256,256
JW_004230,Img 004573,jewellery,data/catalogue/JW_004574.jpg,https://huggingface.co/datasets/sidd707/jewelry-design-dataset/img_004573.jpg,256,256
JW_004231,Img 004574,jewellery,data/catalogue/JW_004575.jpg,https://huggingface.co/datasets/sidd707/jewelry-design-dataset/img_004574.jpg,256,256
JW_004232,Img 004575,jewellery,data/catalogue/JW_004576.jpg,https://huggingface.co/datasets/sidd707/jewelry-design-dataset/img_004575.jpg,256,256
JW_004233,Img 004576,jewellery,data/catalogue/JW_004577.jpg,https://huggingface.co/datasets/sidd707/jewelry-design-dataset/img_004576.jpg,256,256
JW_004234,Img 004577,jewellery,data/catalogue/JW_004578.jpg,https://huggingface.co/datasets/sidd707/jewelry-design-dataset/img_004577.jpg,256,256
JW_004235,Img 004578,jewellery,data/catalogue/JW_004579.jpg,https://huggingface.co/datasets/sidd707/jewelry-design-dataset/img_004578.jpg,256,256
JW_004236,Img 004579,jewellery,data/catalogue/JW_004580.jpg,https://huggingface.co/datasets/sidd707/jewelry-design-dataset/img_004579.jpg,256,256
JW_004237,Img 004580,jewellery,data/catalogue/JW_004581.jpg,https://huggingface.co/datasets/sidd707/jewelry-design-dataset/img_004580.jpg,256,256
JW_004238,Img 004581,jewellery,data/catalogue/JW_004582.jpg,https://huggingface.co/datasets/sidd707/jewelry-design-dataset/img_004581.jpg,256,256
JW_004239,Img 004582,jewellery,data/catalogue/JW_004583.jpg,https://huggingface.co/datasets/sidd707/jewelry-design-dataset/img_004582.jpg,256,256
JW_004240,Img 004583,jewellery,data/catalogue/JW_004584.jpg,https://huggingface.co/datasets/sidd707/jewelry-design-dataset/img_004583.jpg,256,256
JW_004241,Img 004585,jewellery,data/catalogue/JW_004586.jpg,https://huggingface.co/datasets/sidd707/jewelry-design-dataset/img_004585.jpg,256,256
JW_004242,Img 004586,jewellery,data/catalogue/JW_004587.jpg,https://huggingface.co/datasets/sidd707/jewelry-design-dataset/img_004586.jpg,256,256
JW_004243,Img 004588,jewellery,data/catalogue/JW_004589.jpg,https://huggingface.co/datasets/sidd707/jewelry-design-dataset/img_004588.jpg,256,256
JW_004244,Img 004589,jewellery,data/catalogue/JW_004590.jpg,https://huggingface.co/datasets/sidd707/jewelry-design-dataset/img_004589.jpg,256,256
JW_004245,Img 004590,jewellery,data/catalogue/JW_004591.jpg,https://huggingface.co/datasets/sidd707/jewelry-design-dataset/img_004590.jpg,256,256
JW_004246,Img 004591,jewellery,data/catalogue/JW_004592.jpg,https://huggingface.co/datasets/sidd707/jewelry-design-dataset/img_004591.jpg,256,256
JW_004247,Img 004592,jewellery,data/catalogue/JW_004593.jpg,https://huggingface.co/datasets/sidd707/jewelry-design-dataset/img_004592.jpg,256,256
JW_004248,Img 004593,jewellery,data/catalogue/JW_004594.jpg,https://huggingface.co/datasets/sidd707/jewelry-design-dataset/img_004593.jpg,256,256
JW_004249,Img 004594,jewellery,data/catalogue/JW_004595.jpg,https://huggingface.co/datasets/sidd707/jewelry-design-dataset/img_004594.jpg,256,256
JW_004250,Img 004597,jewellery,data/catalogue/JW_004598.jpg,https://huggingface.co/datasets/sidd707/jewelry-design-dataset/img_004597.jpg,256,256
JW_004251,Img 004598,jewellery,data/catalogue/JW_004599.jpg,https://huggingface.co/datasets/sidd707/jewelry-design-dataset/img_004598.jpg,256,256
JW_004252,Img 004599,jewellery,data/catalogue/JW_004600.jpg,https://huggingface.co/datasets/sidd707/jewelry-design-dataset/img_004599.jpg,256,256
JW_004253,Img 004600,jewellery,data/catalogue/JW_004601.jpg,https://huggingface.co/datasets/sidd707/jewelry-design-dataset/img_004600.jpg,256,256
JW_004254,Img 004601,jewellery,data/catalogue/JW_004602.jpg,https://huggingface.co/datasets/sidd707/jewelry-design-dataset/img_004601.jpg,256,256
JW_004255,Img 004602,jewellery,data/catalogue/JW_004603.jpg,https://huggingface.co/datasets/sidd707/jewelry-design-dataset/img_004602.jpg,256,256
JW_004256,Img 004603,jewellery,data/catalogue/JW_004604.jpg,https://huggingface.co/datasets/sidd707/jewelry-design-dataset/img_004603.jpg,256,256
JW_004257,Img 004604,jewellery,data/catalogue/JW_004605.jpg,https://huggingface.co/datasets/sidd707/jewelry-design-dataset/img_004604.jpg,256,256
JW_004258,Img 004605,jewellery,data/catalogue/JW_004606.jpg,https://huggingface.co/datasets/sidd707/jewelry-design-dataset/img_004605.jpg,256,256
JW_004259,Img 004606,jewellery,data/catalogue/JW_004607.jpg,https://huggingface.co/datasets/sidd707/jewelry-design-dataset/img_004606.jpg,256,256
JW_004260,Img 004607,jewellery,data/catalogue/JW_004608.jpg,https://huggingface.co/datasets/sidd707/jewelry-design-dataset/img_004607.jpg,256,256
JW_004261,Img 004609,jewellery,data/catalogue/JW_004610.jpg,https://huggingface.co/datasets/sidd707/jewelry-design-dataset/img_004609.jpg,256,256
JW_004262,Img 004610,jewellery,data/catalogue/JW_004611.jpg,https://huggingface.co/datasets/sidd707/jewelry-design-dataset/img_004610.jpg,256,256
JW_004263,Img 004611,jewellery,data/catalogue/JW_004612.jpg,https://huggingface.co/datasets/sidd707/jewelry-design-dataset/img_004611.jpg,256,256
JW_004264,Img 004612,jewellery,data/catalogue/JW_004613.jpg,https://huggingface.co/datasets/sidd707/jewelry-design-dataset/img_004612.jpg,256,256
JW_004265,Img 004613,jewellery,data/catalogue/JW_004614.jpg,https://huggingface.co/datasets/sidd707/jewelry-design-dataset/img_004613.jpg,256,256
JW_004266,Img 004614,jewellery,data/catalogue/JW_004615.jpg,https://huggingface.co/datasets/sidd707/jewelry-design-dataset/img_004614.jpg,256,256
JW_004267,Img 004615,jewellery,data/catalogue/JW_004616.jpg,https://huggingface.co/datasets/sidd707/jewelry-design-dataset/img_004615.jpg,256,256
JW_004268,Img 004616,jewellery,data/catalogue/JW_004617.jpg,https://huggingface.co/datasets/sidd707/jewelry-design-dataset/img_004616.jpg,256,256
JW_004269,Img 004617,jewellery,data/catalogue/JW_004618.jpg,https://huggingface.co/datasets/sidd707/jewelry-design-dataset/img_004617.jpg,256,256
JW_004270,Img 004619,jewellery,data/catalogue/JW_004620.jpg,https://huggingface.co/datasets/sidd707/jewelry-design-dataset/img_004619.jpg,256,256
JW_004271,Img 004620,jewellery,data/catalogue/JW_004621.jpg,https://huggingface.co/datasets/sidd707/jewelry-design-dataset/img_004620.jpg,256,256
JW_004272,Img 004621,jewellery,data/catalogue/JW_004622.jpg,https://huggingface.co/datasets/sidd707/jewelry-design-dataset/img_004621.jpg,256,256
JW_004273,Img 004622,jewellery,data/catalogue/JW_004623.jpg,https://huggingface.co/datasets/sidd707/jewelry-design-dataset/img_004622.jpg,256,256
JW_004274,Img 004623,jewellery,data/catalogue/JW_004624.jpg,https://huggingface.co/datasets/sidd707/jewelry-design-dataset/img_004623.jpg,256,256
JW_004275,Img 004624,jewellery,data/catalogue/JW_004625.jpg,https://huggingface.co/datasets/sidd707/jewelry-design-dataset/img_004624.jpg,256,256
JW_004276,Img 004625,jewellery,data/catalogue/JW_004626.jpg,https://huggingface.co/datasets/sidd707/jewelry-design-dataset/img_004625.jpg,256,256
JW_004277,Img 004626,jewellery,data/catalogue/JW_004627.jpg,https://huggingface.co/datasets/sidd707/jewelry-design-dataset/img_004626.jpg,256,256
JW_004278,Img 004627,jewellery,data/catalogue/JW_004628.jpg,https://huggingface.co/datasets/sidd707/jewelry-design-dataset/img_004627.jpg,256,256
JW_004279,Img 004628,jewellery,data/catalogue/JW_004629.jpg,https://huggingface.co/datasets/sidd707/jewelry-design-dataset/img_004628.jpg,256,256
JW_004280,Img 004629,jewellery,data/catalogue/JW_004630.jpg,https://huggingface.co/datasets/sidd707/jewelry-design-dataset/img_004629.jpg,256,256
JW_004281,Img 004630,jewellery,data/catalogue/JW_004631.jpg,https://huggingface.co/datasets/sidd707/jewelry-design-dataset/img_004630.jpg,256,256
JW_004282,Img 004632,jewellery,data/catalogue/JW_004633.jpg,https://huggingface.co/datasets/sidd707/jewelry-design-dataset/img_004632.jpg,256,256
JW_004283,Img 004633,jewellery,data/catalogue/JW_004634.jpg,https://huggingface.co/datasets/sidd707/jewelry-design-dataset/img_004633.jpg,256,256
JW_004284,Img 004634,jewellery,data/catalogue/JW_004635.jpg,https://huggingface.co/datasets/sidd707/jewelry-design-dataset/img_004634.jpg,256,256
JW_004285,Img 004635,jewellery,data/catalogue/JW_004636.jpg,https://huggingface.co/datasets/sidd707/jewelry-design-dataset/img_004635.jpg,256,256
JW_004286,Img 004636,jewellery,data/catalogue/JW_004637.jpg,https://huggingface.co/datasets/sidd707/jewelry-design-dataset/img_004636.jpg,256,256
JW_004287,Img 004637,jewellery,data/catalogue/JW_004638.jpg,https://huggingface.co/datasets/sidd707/jewelry-design-dataset/img_004637.jpg,256,256
JW_004288,Img 004638,jewellery,data/catalogue/JW_004639.jpg,https://huggingface.co/datasets/sidd707/jewelry-design-dataset/img_004638.jpg,256,256
JW_004289,Img 004639,jewellery,data/catalogue/JW_004640.jpg,https://huggingface.co/datasets/sidd707/jewelry-design-dataset/img_004639.jpg,256,256
JW_004290,Img 004640,jewellery,data/catalogue/JW_004641.jpg,https://huggingface.co/datasets/sidd707/jewelry-design-dataset/img_004640.jpg,256,256
JW_004291,Img 004641,jewellery,data/catalogue/JW_004642.jpg,https://huggingface.co/datasets/sidd707/jewelry-design-dataset/img_004641.jpg,256,256
JW_004292,Img 004642,jewellery,data/catalogue/JW_004643.jpg,https://huggingface.co/datasets/sidd707/jewelry-design-dataset/img_004642.jpg,256,256
JW_004293,Img 004643,jewellery,data/catalogue/JW_004644.jpg,https://huggingface.co/datasets/sidd707/jewelry-design-dataset/img_004643.jpg,256,256
JW_004294,Img 004644,jewellery,data/catalogue/JW_004645.jpg,https://huggingface.co/datasets/sidd707/jewelry-design-dataset/img_004644.jpg,256,256
JW_004295,Img 004645,jewellery,data/catalogue/JW_004646.jpg,https://huggingface.co/datasets/sidd707/jewelry-design-dataset/img_004645.jpg,256,256
JW_004296,Img 004646,jewellery,data/catalogue/JW_004647.jpg,https://huggingface.co/datasets/sidd707/jewelry-design-dataset/img_004646.jpg,256,256
JW_004297,Img 004647,jewellery,data/catalogue/JW_004648.jpg,https://huggingface.co/datasets/sidd707/jewelry-design-dataset/img_004647.jpg,256,256
JW_004298,Img 004648,jewellery,data/catalogue/JW_004649.jpg,https://huggingface.co/datasets/sidd707/jewelry-design-dataset/img_004648.jpg,256,256
JW_004299,Img 004649,jewellery,data/catalogue/JW_004650.jpg,https://huggingface.co/datasets/sidd707/jewelry-design-dataset/img_004649.jpg,256,256
JW_004300,Img 004650,jewellery,data/catalogue/JW_004651.jpg,https://huggingface.co/datasets/sidd707/jewelry-design-dataset/img_004650.jpg,256,256
JW_004301,Img 004651,jewellery,data/catalogue/JW_004652.jpg,https://huggingface.co/datasets/sidd707/jewelry-design-dataset/img_004651.jpg,256,256
JW_004302,Img 004652,jewellery,data/catalogue/JW_004653.jpg,https://huggingface.co/datasets/sidd707/jewelry-design-dataset/img_004652.jpg,256,256
JW_004303,Img 004653,jewellery,data/catalogue/JW_004654.jpg,https://huggingface.co/datasets/sidd707/jewelry-design-dataset/img_004653.jpg,256,256
JW_004304,Img 004654,jewellery,data/catalogue/JW_004655.jpg,https://huggingface.co/datasets/sidd707/jewelry-design-dataset/img_004654.jpg,256,256
JW_004305,Img 004655,jewellery,data/catalogue/JW_004656.jpg,https://huggingface.co/datasets/sidd707/jewelry-design-dataset/img_004655.jpg,256,256
JW_004306,Img 004657,jewellery,data/catalogue/JW_004658.jpg,https://huggingface.co/datasets/sidd707/jewelry-design-dataset/img_004657.jpg,256,256
JW_004307,Img 004658,jewellery,data/catalogue/JW_004659.jpg,https://huggingface.co/datasets/sidd707/jewelry-design-dataset/img_004658.jpg,256,256
JW_004308,Img 004659,jewellery,data/catalogue/JW_004660.jpg,https://huggingface.co/datasets/sidd707/jewelry-design-dataset/img_004659.jpg,256,256
JW_004309,Img 004660,jewellery,data/catalogue/JW_004661.jpg,https://huggingface.co/datasets/sidd707/jewelry-design-dataset/img_004660.jpg,256,256
JW_004310,Img 004661,jewellery,data/catalogue/JW_004662.jpg,https://huggingface.co/datasets/sidd707/jewelry-design-dataset/img_004661.jpg,256,256
JW_004311,Img 004662,jewellery,data/catalogue/JW_004663.jpg,https://huggingface.co/datasets/sidd707/jewelry-design-dataset/img_004662.jpg,256,256
JW_004312,Img 004663,jewellery,data/catalogue/JW_004664.jpg,https://huggingface.co/datasets/sidd707/jewelry-design-dataset/img_004663.jpg,256,256
JW_004313,Img 004664,jewellery,data/catalogue/JW_004665.jpg,https://huggingface.co/datasets/sidd707/jewelry-design-dataset/img_004664.jpg,256,256
JW_004314,Img 004666,jewellery,data/catalogue/JW_004667.jpg,https://huggingface.co/datasets/sidd707/jewelry-design-dataset/img_004666.jpg,256,256
JW_004315,Img 004668,jewellery,data/catalogue/JW_004669.jpg,https://huggingface.co/datasets/sidd707/jewelry-design-dataset/img_004668.jpg,256,256
JW_004316,Img 004669,jewellery,data/catalogue/JW_004670.jpg,https://huggingface.co/datasets/sidd707/jewelry-design-dataset/img_004669.jpg,256,256
JW_004317,Img 004670,jewellery,data/catalogue/JW_004671.jpg,https://huggingface.co/datasets/sidd707/jewelry-design-dataset/img_004670.jpg,256,256
JW_004318,Img 004671,jewellery,data/catalogue/JW_004672.jpg,https://huggingface.co/datasets/sidd707/jewelry-design-dataset/img_004671.jpg,256,256
JW_004319,Img 004672,jewellery,data/catalogue/JW_004673.jpg,https://huggingface.co/datasets/sidd707/jewelry-design-dataset/img_004672.jpg,256,256
JW_004320,Img 004673,jewellery,data/catalogue/JW_004674.jpg,https://huggingface.co/datasets/sidd707/jewelry-design-dataset/img_004673.jpg,256,256
JW_004321,Img 004674,jewellery,data/catalogue/JW_004675.jpg,https://huggingface.co/datasets/sidd707/jewelry-design-dataset/img_004674.jpg,256,256
JW_004322,Img 004675,jewellery,data/catalogue/JW_004676.jpg,https://huggingface.co/datasets/sidd707/jewelry-design-dataset/img_004675.jpg,256,256
JW_004323,Img 004676,jewellery,data/catalogue/JW_004677.jpg,https://huggingface.co/datasets/sidd707/jewelry-design-dataset/img_004676.jpg,256,256
JW_004324,Img 004677,jewellery,data/catalogue/JW_004678.jpg,https://huggingface.co/datasets/sidd707/jewelry-design-dataset/img_004677.jpg,256,256
JW_004325,Img 004678,jewellery,data/catalogue/JW_004679.jpg,https://huggingface.co/datasets/sidd707/jewelry-design-dataset/img_004678.jpg,256,256
JW_004326,Img 004679,jewellery,data/catalogue/JW_004680.jpg,https://huggingface.co/datasets/sidd707/jewelry-design-dataset/img_004679.jpg,256,256
JW_004327,Img 004680,jewellery,data/catalogue/JW_004681.jpg,https://huggingface.co/datasets/sidd707/jewelry-design-dataset/img_004680.jpg,256,256
JW_004328,Img 004681,jewellery,data/catalogue/JW_004682.jpg,https://huggingface.co/datasets/sidd707/jewelry-design-dataset/img_004681.jpg,256,256
JW_004329,Img 004682,jewellery,data/catalogue/JW_004683.jpg,https://huggingface.co/datasets/sidd707/jewelry-design-dataset/img_004682.jpg,256,256
JW_004330,Img 004683,jewellery,data/catalogue/JW_004684.jpg,https://huggingface.co/datasets/sidd707/jewelry-design-dataset/img_004683.jpg,256,256
JW_004331,Img 004684,jewellery,data/catalogue/JW_004685.jpg,https://huggingface.co/datasets/sidd707/jewelry-design-dataset/img_004684.jpg,256,256
JW_004332,Img 004686,jewellery,data/catalogue/JW_004687.jpg,https://huggingface.co/datasets/sidd707/jewelry-design-dataset/img_004686.jpg,256,256
JW_004333,Img 004687,jewellery,data/catalogue/JW_004688.jpg,https://huggingface.co/datasets/sidd707/jewelry-design-dataset/img_004687.jpg,256,256
JW_004334,Img 004688,jewellery,data/catalogue/JW_004689.jpg,https://huggingface.co/datasets/sidd707/jewelry-design-dataset/img_004688.jpg,256,256
JW_004335,Img 004689,jewellery,data/catalogue/JW_004690.jpg,https://huggingface.co/datasets/sidd707/jewelry-design-dataset/img_004689.jpg,256,256
JW_004336,Img 004690,jewellery,data/catalogue/JW_004691.jpg,https://huggingface.co/datasets/sidd707/jewelry-design-dataset/img_004690.jpg,256,256
JW_004337,Img 004691,jewellery,data/catalogue/JW_004692.jpg,https://huggingface.co/datasets/sidd707/jewelry-design-dataset/img_004691.jpg,256,256
JW_004338,Img 004692,jewellery,data/catalogue/JW_004693.jpg,https://huggingface.co/datasets/sidd707/jewelry-design-dataset/img_004692.jpg,256,256
JW_004339,Img 004693,jewellery,data/catalogue/JW_004694.jpg,https://huggingface.co/datasets/sidd707/jewelry-design-dataset/img_004693.jpg,256,256
JW_004340,Img 004694,jewellery,data/catalogue/JW_004695.jpg,https://huggingface.co/datasets/sidd707/jewelry-design-dataset/img_004694.jpg,256,256
JW_004341,Img 004695,jewellery,data/catalogue/JW_004696.jpg,https://huggingface.co/datasets/sidd707/jewelry-design-dataset/img_004695.jpg,256,256
JW_004342,Img 004696,jewellery,data/catalogue/JW_004697.jpg,https://huggingface.co/datasets/sidd707/jewelry-design-dataset/img_004696.jpg,256,256
JW_004343,Img 004697,jewellery,data/catalogue/JW_004698.jpg,https://huggingface.co/datasets/sidd707/jewelry-design-dataset/img_004697.jpg,256,256
JW_004344,Img 004698,jewellery,data/catalogue/JW_004699.jpg,https://huggingface.co/datasets/sidd707/jewelry-design-dataset/img_004698.jpg,256,256
JW_004345,Img 004699,jewellery,data/catalogue/JW_004700.jpg,https://huggingface.co/datasets/sidd707/jewelry-design-dataset/img_004699.jpg,256,256
JW_004346,Img 004700,jewellery,data/catalogue/JW_004701.jpg,https://huggingface.co/datasets/sidd707/jewelry-design-dataset/img_004700.jpg,256,256
JW_004347,Img 004701,jewellery,data/catalogue/JW_004702.jpg,https://huggingface.co/datasets/sidd707/jewelry-design-dataset/img_004701.jpg,256,256
JW_004348,Img 004703,jewellery,data/catalogue/JW_004704.jpg,https://huggingface.co/datasets/sidd707/jewelry-design-dataset/img_004703.jpg,256,256
JW_004349,Img 004704,jewellery,data/catalogue/JW_004705.jpg,https://huggingface.co/datasets/sidd707/jewelry-design-dataset/img_004704.jpg,256,256
JW_004350,Img 004705,jewellery,data/catalogue/JW_004706.jpg,https://huggingface.co/datasets/sidd707/jewelry-design-dataset/img_004705.jpg,256,256
JW_004351,Img 004706,jewellery,data/catalogue/JW_004707.jpg,https://huggingface.co/datasets/sidd707/jewelry-design-dataset/img_004706.jpg,256,256
JW_004352,Img 004707,jewellery,data/catalogue/JW_004708.jpg,https://huggingface.co/datasets/sidd707/jewelry-design-dataset/img_004707.jpg,256,256
JW_004353,Img 004708,jewellery,data/catalogue/JW_004709.jpg,https://huggingface.co/datasets/sidd707/jewelry-design-dataset/img_004708.jpg,256,256
JW_004354,Img 004709,jewellery,data/catalogue/JW_004710.jpg,https://huggingface.co/datasets/sidd707/jewelry-design-dataset/img_004709.jpg,256,256
JW_004355,Img 004710,jewellery,data/catalogue/JW_004711.jpg,https://huggingface.co/datasets/sidd707/jewelry-design-dataset/img_004710.jpg,256,256
JW_004356,Img 004711,jewellery,data/catalogue/JW_004712.jpg,https://huggingface.co/datasets/sidd707/jewelry-design-dataset/img_004711.jpg,256,256
JW_004357,Img 004712,jewellery,data/catalogue/JW_004713.jpg,https://huggingface.co/datasets/sidd707/jewelry-design-dataset/img_004712.jpg,256,256
JW_004358,Img 004713,jewellery,data/catalogue/JW_004714.jpg,https://huggingface.co/datasets/sidd707/jewelry-design-dataset/img_004713.jpg,256,256
JW_004359,Img 004715,jewellery,data/catalogue/JW_004716.jpg,https://huggingface.co/datasets/sidd707/jewelry-design-dataset/img_004715.jpg,256,256
JW_004360,Img 004716,jewellery,data/catalogue/JW_004717.jpg,https://huggingface.co/datasets/sidd707/jewelry-design-dataset/img_004716.jpg,256,256
JW_004361,Img 004719,jewellery,data/catalogue/JW_004720.jpg,https://huggingface.co/datasets/sidd707/jewelry-design-dataset/img_004719.jpg,256,256
JW_004362,Img 004721,jewellery,data/catalogue/JW_004722.jpg,https://huggingface.co/datasets/sidd707/jewelry-design-dataset/img_004721.jpg,256,256
JW_004363,Img 004722,jewellery,data/catalogue/JW_004723.jpg,https://huggingface.co/datasets/sidd707/jewelry-design-dataset/img_004722.jpg,256,256
JW_004364,Img 004723,jewellery,data/catalogue/JW_004724.jpg,https://huggingface.co/datasets/sidd707/jewelry-design-dataset/img_004723.jpg,256,256
JW_004365,Img 004724,jewellery,data/catalogue/JW_004725.jpg,https://huggingface.co/datasets/sidd707/jewelry-design-dataset/img_004724.jpg,256,256
JW_004366,Img 004725,jewellery,data/catalogue/JW_004726.jpg,https://huggingface.co/datasets/sidd707/jewelry-design-dataset/img_004725.jpg,256,256
JW_004367,Img 004726,jewellery,data/catalogue/JW_004727.jpg,https://huggingface.co/datasets/sidd707/jewelry-design-dataset/img_004726.jpg,256,256
JW_004368,Img 004727,jewellery,data/catalogue/JW_004728.jpg,https://huggingface.co/datasets/sidd707/jewelry-design-dataset/img_004727.jpg,256,256
JW_004369,Img 004728,jewellery,data/catalogue/JW_004729.jpg,https://huggingface.co/datasets/sidd707/jewelry-design-dataset/img_004728.jpg,256,256
JW_004370,Img 004729,jewellery,data/catalogue/JW_004730.jpg,https://huggingface.co/datasets/sidd707/jewelry-design-dataset/img_004729.jpg,256,256
JW_004371,Img 004731,jewellery,data/catalogue/JW_004732.jpg,https://huggingface.co/datasets/sidd707/jewelry-design-dataset/img_004731.jpg,256,256
JW_004372,Img 004732,jewellery,data/catalogue/JW_004733.jpg,https://huggingface.co/datasets/sidd707/jewelry-design-dataset/img_004732.jpg,256,256
JW_004373,Img 004733,jewellery,data/catalogue/JW_004734.jpg,https://huggingface.co/datasets/sidd707/jewelry-design-dataset/img_004733.jpg,256,256
JW_004374,Img 004734,jewellery,data/catalogue/JW_004735.jpg,https://huggingface.co/datasets/sidd707/jewelry-design-dataset/img_004734.jpg,256,256
JW_004375,Img 004735,jewellery,data/catalogue/JW_004736.jpg,https://huggingface.co/datasets/sidd707/jewelry-design-dataset/img_004735.jpg,256,256
JW_004376,Img 004736,jewellery,data/catalogue/JW_004737.jpg,https://huggingface.co/datasets/sidd707/jewelry-design-dataset/img_004736.jpg,256,256
JW_004377,Img 004737,jewellery,data/catalogue/JW_004738.jpg,https://huggingface.co/datasets/sidd707/jewelry-design-dataset/img_004737.jpg,256,256
JW_004378,Img 004738,jewellery,data/catalogue/JW_004739.jpg,https://huggingface.co/datasets/sidd707/jewelry-design-dataset/img_004738.jpg,256,256
JW_004379,Img 004739,jewellery,data/catalogue/JW_004740.jpg,https://huggingface.co/datasets/sidd707/jewelry-design-dataset/img_004739.jpg,256,256
JW_004380,Img 004740,jewellery,data/catalogue/JW_004741.jpg,https://huggingface.co/datasets/sidd707/jewelry-design-dataset/img_004740.jpg,256,256
JW_004381,Img 004741,jewellery,data/catalogue/JW_004742.jpg,https://huggingface.co/datasets/sidd707/jewelry-design-dataset/img_004741.jpg,256,256
JW_004382,Img 004742,jewellery,data/catalogue/JW_004743.jpg,https://huggingface.co/datasets/sidd707/jewelry-design-dataset/img_004742.jpg,256,256
JW_004383,Img 004743,jewellery,data/catalogue/JW_004744.jpg,https://huggingface.co/datasets/sidd707/jewelry-design-dataset/img_004743.jpg,256,256
JW_004384,Img 004744,jewellery,data/catalogue/JW_004745.jpg,https://huggingface.co/datasets/sidd707/jewelry-design-dataset/img_004744.jpg,256,256
JW_004385,Img 004745,jewellery,data/catalogue/JW_004746.jpg,https://huggingface.co/datasets/sidd707/jewelry-design-dataset/img_004745.jpg,256,256
JW_004386,Img 004746,jewellery,data/catalogue/JW_004747.jpg,https://huggingface.co/datasets/sidd707/jewelry-design-dataset/img_004746.jpg,256,256
JW_004387,Img 004747,jewellery,data/catalogue/JW_004748.jpg,https://huggingface.co/datasets/sidd707/jewelry-design-dataset/img_004747.jpg,256,256
JW_004388,Img 004749,jewellery,data/catalogue/JW_004750.jpg,https://huggingface.co/datasets/sidd707/jewelry-design-dataset/img_004749.jpg,256,256
JW_004389,Img 004750,jewellery,data/catalogue/JW_004751.jpg,https://huggingface.co/datasets/sidd707/jewelry-design-dataset/img_004750.jpg,256,256
JW_004390,Img 004751,jewellery,data/catalogue/JW_004752.jpg,https://huggingface.co/datasets/sidd707/jewelry-design-dataset/img_004751.jpg,256,256
JW_004391,Img 004752,jewellery,data/catalogue/JW_004753.jpg,https://huggingface.co/datasets/sidd707/jewelry-design-dataset/img_004752.jpg,256,256
JW_004392,Img 004753,jewellery,data/catalogue/JW_004754.jpg,https://huggingface.co/datasets/sidd707/jewelry-design-dataset/img_004753.jpg,256,256
JW_004393,Img 004754,jewellery,data/catalogue/JW_004755.jpg,https://huggingface.co/datasets/sidd707/jewelry-design-dataset/img_004754.jpg,256,256
JW_004394,Img 004755,jewellery,data/catalogue/JW_004756.jpg,https://huggingface.co/datasets/sidd707/jewelry-design-dataset/img_004755.jpg,256,256
JW_004395,Img 004756,jewellery,data/catalogue/JW_004757.jpg,https://huggingface.co/datasets/sidd707/jewelry-design-dataset/img_004756.jpg,256,256
JW_004396,Img 004757,jewellery,data/catalogue/JW_004758.jpg,https://huggingface.co/datasets/sidd707/jewelry-design-dataset/img_004757.jpg,256,256
JW_004397,Img 004758,jewellery,data/catalogue/JW_004759.jpg,https://huggingface.co/datasets/sidd707/jewelry-design-dataset/img_004758.jpg,256,256
JW_004398,Img 004759,jewellery,data/catalogue/JW_004760.jpg,https://huggingface.co/datasets/sidd707/jewelry-design-dataset/img_004759.jpg,256,256
JW_004399,Img 004760,jewellery,data/catalogue/JW_004761.jpg,https://huggingface.co/datasets/sidd707/jewelry-design-dataset/img_004760.jpg,256,256
JW_004400,Img 004761,jewellery,data/catalogue/JW_004762.jpg,https://huggingface.co/datasets/sidd707/jewelry-design-dataset/img_004761.jpg,256,256
JW_004401,Img 004762,jewellery,data/catalogue/JW_004763.jpg,https://huggingface.co/datasets/sidd707/jewelry-design-dataset/img_004762.jpg,256,256
JW_004402,Img 004763,jewellery,data/catalogue/JW_004764.jpg,https://huggingface.co/datasets/sidd707/jewelry-design-dataset/img_004763.jpg,256,256
JW_004403,Img 004765,jewellery,data/catalogue/JW_004766.jpg,https://huggingface.co/datasets/sidd707/jewelry-design-dataset/img_004765.jpg,256,256
JW_004404,Img 004766,jewellery,data/catalogue/JW_004767.jpg,https://huggingface.co/datasets/sidd707/jewelry-design-dataset/img_004766.jpg,256,256
JW_004405,Img 004767,jewellery,data/catalogue/JW_004768.jpg,https://huggingface.co/datasets/sidd707/jewelry-design-dataset/img_004767.jpg,256,256
JW_004406,Img 004768,jewellery,data/catalogue/JW_004769.jpg,https://huggingface.co/datasets/sidd707/jewelry-design-dataset/img_004768.jpg,256,256
JW_004407,Img 004769,jewellery,data/catalogue/JW_004770.jpg,https://huggingface.co/datasets/sidd707/jewelry-design-dataset/img_004769.jpg,256,256
JW_004408,Img 004771,jewellery,data/catalogue/JW_004772.jpg,https://huggingface.co/datasets/sidd707/jewelry-design-dataset/img_004771.jpg,256,256
JW_004409,Img 004772,jewellery,data/catalogue/JW_004773.jpg,https://huggingface.co/datasets/sidd707/jewelry-design-dataset/img_004772.jpg,256,256
JW_004410,Img 004773,jewellery,data/catalogue/JW_004774.jpg,https://huggingface.co/datasets/sidd707/jewelry-design-dataset/img_004773.jpg,256,256
JW_004411,Img 004774,jewellery,data/catalogue/JW_004775.jpg,https://huggingface.co/datasets/sidd707/jewelry-design-dataset/img_004774.jpg,256,256
JW_004412,Img 004775,jewellery,data/catalogue/JW_004776.jpg,https://huggingface.co/datasets/sidd707/jewelry-design-dataset/img_004775.jpg,256,256
JW_004413,Img 004776,jewellery,data/catalogue/JW_004777.jpg,https://huggingface.co/datasets/sidd707/jewelry-design-dataset/img_004776.jpg,256,256
JW_004414,Img 004777,jewellery,data/catalogue/JW_004778.jpg,https://huggingface.co/datasets/sidd707/jewelry-design-dataset/img_004777.jpg,256,256
JW_004415,Img 004778,jewellery,data/catalogue/JW_004779.jpg,https://huggingface.co/datasets/sidd707/jewelry-design-dataset/img_004778.jpg,256,256
JW_004416,Img 004779,jewellery,data/catalogue/JW_004780.jpg,https://huggingface.co/datasets/sidd707/jewelry-design-dataset/img_004779.jpg,256,256
JW_004417,Img 004780,jewellery,data/catalogue/JW_004781.jpg,https://huggingface.co/datasets/sidd707/jewelry-design-dataset/img_004780.jpg,256,256
JW_004418,Img 004781,jewellery,data/catalogue/JW_004782.jpg,https://huggingface.co/datasets/sidd707/jewelry-design-dataset/img_004781.jpg,256,256
JW_004419,Img 004782,jewellery,data/catalogue/JW_004783.jpg,https://huggingface.co/datasets/sidd707/jewelry-design-dataset/img_004782.jpg,256,256
JW_004420,Img 004783,jewellery,data/catalogue/JW_004784.jpg,https://huggingface.co/datasets/sidd707/jewelry-design-dataset/img_004783.jpg,256,256
JW_004421,Img 004784,jewellery,data/catalogue/JW_004785.jpg,https://huggingface.co/datasets/sidd707/jewelry-design-dataset/img_004784.jpg,256,256
JW_004422,Img 004785,jewellery,data/catalogue/JW_004786.jpg,https://huggingface.co/datasets/sidd707/jewelry-design-dataset/img_004785.jpg,256,256
JW_004423,Img 004786,jewellery,data/catalogue/JW_004787.jpg,https://huggingface.co/datasets/sidd707/jewelry-design-dataset/img_004786.jpg,256,256
JW_004424,Img 004787,jewellery,data/catalogue/JW_004788.jpg,https://huggingface.co/datasets/sidd707/jewelry-design-dataset/img_004787.jpg,256,256
JW_004425,Img 004788,jewellery,data/catalogue/JW_004789.jpg,https://huggingface.co/datasets/sidd707/jewelry-design-dataset/img_004788.jpg,256,256
JW_004426,Img 004789,jewellery,data/catalogue/JW_004790.jpg,https://huggingface.co/datasets/sidd707/jewelry-design-dataset/img_004789.jpg,256,256
JW_004427,Img 004790,jewellery,data/catalogue/JW_004791.jpg,https://huggingface.co/datasets/sidd707/jewelry-design-dataset/img_004790.jpg,256,256
JW_004428,Img 004791,jewellery,data/catalogue/JW_004792.jpg,https://huggingface.co/datasets/sidd707/jewelry-design-dataset/img_004791.jpg,256,256
JW_004429,Img 004792,jewellery,data/catalogue/JW_004793.jpg,https://huggingface.co/datasets/sidd707/jewelry-design-dataset/img_004792.jpg,256,256
JW_004430,Img 004793,jewellery,data/catalogue/JW_004794.jpg,https://huggingface.co/datasets/sidd707/jewelry-design-dataset/img_004793.jpg,256,256
JW_004431,Img 004794,jewellery,data/catalogue/JW_004795.jpg,https://huggingface.co/datasets/sidd707/jewelry-design-dataset/img_004794.jpg,256,256
JW_004432,Img 004795,jewellery,data/catalogue/JW_004796.jpg,https://huggingface.co/datasets/sidd707/jewelry-design-dataset/img_004795.jpg,256,256
JW_004433,Img 004796,jewellery,data/catalogue/JW_004797.jpg,https://huggingface.co/datasets/sidd707/jewelry-design-dataset/img_004796.jpg,256,256
JW_004434,Img 004797,jewellery,data/catalogue/JW_004798.jpg,https://huggingface.co/datasets/sidd707/jewelry-design-dataset/img_004797.jpg,256,256
JW_004435,Img 004798,jewellery,data/catalogue/JW_004799.jpg,https://huggingface.co/datasets/sidd707/jewelry-design-dataset/img_004798.jpg,256,256
JW_004436,Img 004799,jewellery,data/catalogue/JW_004800.jpg,https://huggingface.co/datasets/sidd707/jewelry-design-dataset/img_004799.jpg,256,256
JW_004437,Img 004800,jewellery,data/catalogue/JW_004801.jpg,https://huggingface.co/datasets/sidd707/jewelry-design-dataset/img_004800.jpg,256,256
JW_004438,Img 004801,jewellery,data/catalogue/JW_004802.jpg,https://huggingface.co/datasets/sidd707/jewelry-design-dataset/img_004801.jpg,256,256
JW_004439,Img 004802,jewellery,data/catalogue/JW_004803.jpg,https://huggingface.co/datasets/sidd707/jewelry-design-dataset/img_004802.jpg,256,256
JW_004440,Img 004803,jewellery,data/catalogue/JW_004804.jpg,https://huggingface.co/datasets/sidd707/jewelry-design-dataset/img_004803.jpg,256,256
JW_004441,Img 004804,jewellery,data/catalogue/JW_004805.jpg,https://huggingface.co/datasets/sidd707/jewelry-design-dataset/img_004804.jpg,256,256
JW_004442,Img 004805,jewellery,data/catalogue/JW_004806.jpg,https://huggingface.co/datasets/sidd707/jewelry-design-dataset/img_004805.jpg,256,256
JW_004443,Img 004806,jewellery,data/catalogue/JW_004807.jpg,https://huggingface.co/datasets/sidd707/jewelry-design-dataset/img_004806.jpg,256,256
JW_004444,Img 004807,jewellery,data/catalogue/JW_004808.jpg,https://huggingface.co/datasets/sidd707/jewelry-design-dataset/img_004807.jpg,256,256
JW_004445,Img 004808,jewellery,data/catalogue/JW_004809.jpg,https://huggingface.co/datasets/sidd707/jewelry-design-dataset/img_004808.jpg,256,256
JW_004446,Img 004809,jewellery,data/catalogue/JW_004810.jpg,https://huggingface.co/datasets/sidd707/jewelry-design-dataset/img_004809.jpg,256,256
JW_004447,Img 004810,jewellery,data/catalogue/JW_004811.jpg,https://huggingface.co/datasets/sidd707/jewelry-design-dataset/img_004810.jpg,256,256
JW_004448,Img 004811,jewellery,data/catalogue/JW_004812.jpg,https://huggingface.co/datasets/sidd707/jewelry-design-dataset/img_004811.jpg,256,256
JW_004449,Img 004812,jewellery,data/catalogue/JW_004813.jpg,https://huggingface.co/datasets/sidd707/jewelry-design-dataset/img_004812.jpg,256,256
JW_004450,Img 004813,jewellery,data/catalogue/JW_004814.jpg,https://huggingface.co/datasets/sidd707/jewelry-design-dataset/img_004813.jpg,256,256
JW_004451,Img 004814,jewellery,data/catalogue/JW_004815.jpg,https://huggingface.co/datasets/sidd707/jewelry-design-dataset/img_004814.jpg,256,256
JW_004452,Img 004815,jewellery,data/catalogue/JW_004816.jpg,https://huggingface.co/datasets/sidd707/jewelry-design-dataset/img_004815.jpg,256,256
JW_004453,Img 004816,jewellery,data/catalogue/JW_004817.jpg,https://huggingface.co/datasets/sidd707/jewelry-design-dataset/img_004816.jpg,256,256
JW_004454,Img 004817,jewellery,data/catalogue/JW_004818.jpg,https://huggingface.co/datasets/sidd707/jewelry-design-dataset/img_004817.jpg,256,256
JW_004455,Img 004818,jewellery,data/catalogue/JW_004819.jpg,https://huggingface.co/datasets/sidd707/jewelry-design-dataset/img_004818.jpg,256,256
JW_004456,Img 004819,jewellery,data/catalogue/JW_004820.jpg,https://huggingface.co/datasets/sidd707/jewelry-design-dataset/img_004819.jpg,256,256
JW_004457,Img 004820,jewellery,data/catalogue/JW_004821.jpg,https://huggingface.co/datasets/sidd707/jewelry-design-dataset/img_004820.jpg,256,256
JW_004458,Img 004821,jewellery,data/catalogue/JW_004822.jpg,https://huggingface.co/datasets/sidd707/jewelry-design-dataset/img_004821.jpg,256,256
JW_004459,Img 004822,jewellery,data/catalogue/JW_004823.jpg,https://huggingface.co/datasets/sidd707/jewelry-design-dataset/img_004822.jpg,256,256
JW_004460,Img 004823,jewellery,data/catalogue/JW_004824.jpg,https://huggingface.co/datasets/sidd707/jewelry-design-dataset/img_004823.jpg,256,256
JW_004461,Img 004824,jewellery,data/catalogue/JW_004825.jpg,https://huggingface.co/datasets/sidd707/jewelry-design-dataset/img_004824.jpg,256,256
JW_004462,Img 004826,jewellery,data/catalogue/JW_004827.jpg,https://huggingface.co/datasets/sidd707/jewelry-design-dataset/img_004826.jpg,256,256
JW_004463,Img 004827,jewellery,data/catalogue/JW_004828.jpg,https://huggingface.co/datasets/sidd707/jewelry-design-dataset/img_004827.jpg,256,256
JW_004464,Img 004828,jewellery,data/catalogue/JW_004829.jpg,https://huggingface.co/datasets/sidd707/jewelry-design-dataset/img_004828.jpg,256,256
JW_004465,Img 004829,jewellery,data/catalogue/JW_004830.jpg,https://huggingface.co/datasets/sidd707/jewelry-design-dataset/img_004829.jpg,256,256
JW_004466,Img 004830,jewellery,data/catalogue/JW_004831.jpg,https://huggingface.co/datasets/sidd707/jewelry-design-dataset/img_004830.jpg,256,256
JW_004467,Img 004831,jewellery,data/catalogue/JW_004832.jpg,https://huggingface.co/datasets/sidd707/jewelry-design-dataset/img_004831.jpg,256,256
JW_004468,Img 004832,jewellery,data/catalogue/JW_004833.jpg,https://huggingface.co/datasets/sidd707/jewelry-design-dataset/img_004832.jpg,256,256
JW_004469,Img 004833,jewellery,data/catalogue/JW_004834.jpg,https://huggingface.co/datasets/sidd707/jewelry-design-dataset/img_004833.jpg,256,256
JW_004470,Img 004834,jewellery,data/catalogue/JW_004835.jpg,https://huggingface.co/datasets/sidd707/jewelry-design-dataset/img_004834.jpg,256,256
JW_004471,Img 004835,jewellery,data/catalogue/JW_004836.jpg,https://huggingface.co/datasets/sidd707/jewelry-design-dataset/img_004835.jpg,256,256
JW_004472,Img 004837,jewellery,data/catalogue/JW_004838.jpg,https://huggingface.co/datasets/sidd707/jewelry-design-dataset/img_004837.jpg,256,256
JW_004473,Img 004838,jewellery,data/catalogue/JW_004839.jpg,https://huggingface.co/datasets/sidd707/jewelry-design-dataset/img_004838.jpg,256,256
JW_004474,Img 004839,jewellery,data/catalogue/JW_004840.jpg,https://huggingface.co/datasets/sidd707/jewelry-design-dataset/img_004839.jpg,256,256
JW_004475,Img 004840,jewellery,data/catalogue/JW_004841.jpg,https://huggingface.co/datasets/sidd707/jewelry-design-dataset/img_004840.jpg,256,256
JW_004476,Img 004841,jewellery,data/catalogue/JW_004842.jpg,https://huggingface.co/datasets/sidd707/jewelry-design-dataset/img_004841.jpg,256,256
JW_004477,Img 004843,jewellery,data/catalogue/JW_004844.jpg,https://huggingface.co/datasets/sidd707/jewelry-design-dataset/img_004843.jpg,256,256
JW_004478,Img 004844,jewellery,data/catalogue/JW_004845.jpg,https://huggingface.co/datasets/sidd707/jewelry-design-dataset/img_004844.jpg,256,256
JW_004479,Img 004845,jewellery,data/catalogue/JW_004846.jpg,https://huggingface.co/datasets/sidd707/jewelry-design-dataset/img_004845.jpg,256,256
JW_004480,Img 004846,jewellery,data/catalogue/JW_004847.jpg,https://huggingface.co/datasets/sidd707/jewelry-design-dataset/img_004846.jpg,256,256
JW_004481,Img 004847,jewellery,data/catalogue/JW_004848.jpg,https://huggingface.co/datasets/sidd707/jewelry-design-dataset/img_004847.jpg,256,256
JW_004482,Img 004848,jewellery,data/catalogue/JW_004849.jpg,https://huggingface.co/datasets/sidd707/jewelry-design-dataset/img_004848.jpg,256,256
JW_004483,Img 004849,jewellery,data/catalogue/JW_004850.jpg,https://huggingface.co/datasets/sidd707/jewelry-design-dataset/img_004849.jpg,256,256
JW_004484,Img 004850,jewellery,data/catalogue/JW_004851.jpg,https://huggingface.co/datasets/sidd707/jewelry-design-dataset/img_004850.jpg,256,256
JW_004485,Img 004851,jewellery,data/catalogue/JW_004852.jpg,https://huggingface.co/datasets/sidd707/jewelry-design-dataset/img_004851.jpg,256,256
JW_004486,Img 004852,jewellery,data/catalogue/JW_004853.jpg,https://huggingface.co/datasets/sidd707/jewelry-design-dataset/img_004852.jpg,256,256
JW_004487,Img 004853,jewellery,data/catalogue/JW_004854.jpg,https://huggingface.co/datasets/sidd707/jewelry-design-dataset/img_004853.jpg,256,256
JW_004488,Img 004854,jewellery,data/catalogue/JW_004855.jpg,https://huggingface.co/datasets/sidd707/jewelry-design-dataset/img_004854.jpg,256,256
JW_004489,Img 004855,jewellery,data/catalogue/JW_004856.jpg,https://huggingface.co/datasets/sidd707/jewelry-design-dataset/img_004855.jpg,256,256
JW_004490,Img 004856,jewellery,data/catalogue/JW_004857.jpg,https://huggingface.co/datasets/sidd707/jewelry-design-dataset/img_004856.jpg,256,256
JW_004491,Img 004857,jewellery,data/catalogue/JW_004858.jpg,https://huggingface.co/datasets/sidd707/jewelry-design-dataset/img_004857.jpg,256,256
JW_004492,Img 004858,jewellery,data/catalogue/JW_004859.jpg,https://huggingface.co/datasets/sidd707/jewelry-design-dataset/img_004858.jpg,256,256
JW_004493,Img 004859,jewellery,data/catalogue/JW_004860.jpg,https://huggingface.co/datasets/sidd707/jewelry-design-dataset/img_004859.jpg,256,256
JW_004494,Img 004860,jewellery,data/catalogue/JW_004861.jpg,https://huggingface.co/datasets/sidd707/jewelry-design-dataset/img_004860.jpg,256,256
JW_004495,Img 004861,jewellery,data/catalogue/JW_004862.jpg,https://huggingface.co/datasets/sidd707/jewelry-design-dataset/img_004861.jpg,256,256
JW_004496,Img 004862,jewellery,data/catalogue/JW_004863.jpg,https://huggingface.co/datasets/sidd707/jewelry-design-dataset/img_004862.jpg,256,256
JW_004497,Img 004863,jewellery,data/catalogue/JW_004864.jpg,https://huggingface.co/datasets/sidd707/jewelry-design-dataset/img_004863.jpg,256,256
JW_004498,Img 004864,jewellery,data/catalogue/JW_004865.jpg,https://huggingface.co/datasets/sidd707/jewelry-design-dataset/img_004864.jpg,256,256
JW_004499,Img 004865,jewellery,data/catalogue/JW_004866.jpg,https://huggingface.co/datasets/sidd707/jewelry-design-dataset/img_004865.jpg,256,256
JW_004500,Img 004866,jewellery,data/catalogue/JW_004867.jpg,https://huggingface.co/datasets/sidd707/jewelry-design-dataset/img_004866.jpg,256,256
JW_004501,Img 004867,jewellery,data/catalogue/JW_004868.jpg,https://huggingface.co/datasets/sidd707/jewelry-design-dataset/img_004867.jpg,256,256
JW_004502,Img 004868,jewellery,data/catalogue/JW_004869.jpg,https://huggingface.co/datasets/sidd707/jewelry-design-dataset/img_004868.jpg,256,256
JW_004503,Img 004869,jewellery,data/catalogue/JW_004870.jpg,https://huggingface.co/datasets/sidd707/jewelry-design-dataset/img_004869.jpg,256,256
JW_004504,Img 004870,jewellery,data/catalogue/JW_004871.jpg,https://huggingface.co/datasets/sidd707/jewelry-design-dataset/img_004870.jpg,256,256
JW_004505,Img 004871,jewellery,data/catalogue/JW_004872.jpg,https://huggingface.co/datasets/sidd707/jewelry-design-dataset/img_004871.jpg,256,256
JW_004506,Img 004872,jewellery,data/catalogue/JW_004873.jpg,https://huggingface.co/datasets/sidd707/jewelry-design-dataset/img_004872.jpg,256,256
JW_004507,Img 004873,jewellery,data/catalogue/JW_004874.jpg,https://huggingface.co/datasets/sidd707/jewelry-design-dataset/img_004873.jpg,256,256
JW_004508,Img 004874,jewellery,data/catalogue/JW_004875.jpg,https://huggingface.co/datasets/sidd707/jewelry-design-dataset/img_004874.jpg,256,256
JW_004509,Img 004875,jewellery,data/catalogue/JW_004876.jpg,https://huggingface.co/datasets/sidd707/jewelry-design-dataset/img_004875.jpg,256,256
JW_004510,Img 004876,jewellery,data/catalogue/JW_004877.jpg,https://huggingface.co/datasets/sidd707/jewelry-design-dataset/img_004876.jpg,256,256
JW_004511,Img 004877,jewellery,data/catalogue/JW_004878.jpg,https://huggingface.co/datasets/sidd707/jewelry-design-dataset/img_004877.jpg,256,256
JW_004512,Img 004878,jewellery,data/catalogue/JW_004879.jpg,https://huggingface.co/datasets/sidd707/jewelry-design-dataset/img_004878.jpg,256,256
JW_004513,Img 004879,jewellery,data/catalogue/JW_004880.jpg,https://huggingface.co/datasets/sidd707/jewelry-design-dataset/img_004879.jpg,256,256
JW_004514,Img 004880,jewellery,data/catalogue/JW_004881.jpg,https://huggingface.co/datasets/sidd707/jewelry-design-dataset/img_004880.jpg,256,256
JW_004515,Img 004881,jewellery,data/catalogue/JW_004882.jpg,https://huggingface.co/datasets/sidd707/jewelry-design-dataset/img_004881.jpg,256,256
JW_004516,Img 004882,jewellery,data/catalogue/JW_004883.jpg,https://huggingface.co/datasets/sidd707/jewelry-design-dataset/img_004882.jpg,256,256
JW_004517,Img 004883,jewellery,data/catalogue/JW_004884.jpg,https://huggingface.co/datasets/sidd707/jewelry-design-dataset/img_004883.jpg,256,256
JW_004518,Img 004885,jewellery,data/catalogue/JW_004886.jpg,https://huggingface.co/datasets/sidd707/jewelry-design-dataset/img_004885.jpg,256,256
JW_004519,Img 004886,jewellery,data/catalogue/JW_004887.jpg,https://huggingface.co/datasets/sidd707/jewelry-design-dataset/img_004886.jpg,256,256
JW_004520,Img 004887,jewellery,data/catalogue/JW_004888.jpg,https://huggingface.co/datasets/sidd707/jewelry-design-dataset/img_004887.jpg,256,256
JW_004521,Img 004888,jewellery,data/catalogue/JW_004889.jpg,https://huggingface.co/datasets/sidd707/jewelry-design-dataset/img_004888.jpg,256,256
JW_004522,Img 004889,jewellery,data/catalogue/JW_004890.jpg,https://huggingface.co/datasets/sidd707/jewelry-design-dataset/img_004889.jpg,256,256
JW_004523,Img 004890,jewellery,data/catalogue/JW_004891.jpg,https://huggingface.co/datasets/sidd707/jewelry-design-dataset/img_004890.jpg,256,256
JW_004524,Img 004891,jewellery,data/catalogue/JW_004892.jpg,https://huggingface.co/datasets/sidd707/jewelry-design-dataset/img_004891.jpg,256,256
JW_004525,Img 004892,jewellery,data/catalogue/JW_004893.jpg,https://huggingface.co/datasets/sidd707/jewelry-design-dataset/img_004892.jpg,256,256
JW_004526,Img 004893,jewellery,data/catalogue/JW_004894.jpg,https://huggingface.co/datasets/sidd707/jewelry-design-dataset/img_004893.jpg,256,256
JW_004527,Img 004894,jewellery,data/catalogue/JW_004895.jpg,https://huggingface.co/datasets/sidd707/jewelry-design-dataset/img_004894.jpg,256,256
JW_004528,Img 004895,jewellery,data/catalogue/JW_004896.jpg,https://huggingface.co/datasets/sidd707/jewelry-design-dataset/img_004895.jpg,256,256
JW_004529,Img 004896,jewellery,data/catalogue/JW_004897.jpg,https://huggingface.co/datasets/sidd707/jewelry-design-dataset/img_004896.jpg,256,256
JW_004530,Img 004897,jewellery,data/catalogue/JW_004898.jpg,https://huggingface.co/datasets/sidd707/jewelry-design-dataset/img_004897.jpg,256,256
JW_004531,Img 004898,jewellery,data/catalogue/JW_004899.jpg,https://huggingface.co/datasets/sidd707/jewelry-design-dataset/img_004898.jpg,256,256
JW_004532,Img 004899,jewellery,data/catalogue/JW_004900.jpg,https://huggingface.co/datasets/sidd707/jewelry-design-dataset/img_004899.jpg,256,256
JW_004533,Img 004900,jewellery,data/catalogue/JW_004901.jpg,https://huggingface.co/datasets/sidd707/jewelry-design-dataset/img_004900.jpg,256,256
JW_004534,Img 004901,jewellery,data/catalogue/JW_004902.jpg,https://huggingface.co/datasets/sidd707/jewelry-design-dataset/img_004901.jpg,256,256
JW_004535,Img 004903,jewellery,data/catalogue/JW_004904.jpg,https://huggingface.co/datasets/sidd707/jewelry-design-dataset/img_004903.jpg,256,256
JW_004536,Img 004904,jewellery,data/catalogue/JW_004905.jpg,https://huggingface.co/datasets/sidd707/jewelry-design-dataset/img_004904.jpg,256,256
JW_004537,Img 004905,jewellery,data/catalogue/JW_004906.jpg,https://huggingface.co/datasets/sidd707/jewelry-design-dataset/img_004905.jpg,256,256
JW_004538,Img 004906,jewellery,data/catalogue/JW_004907.jpg,https://huggingface.co/datasets/sidd707/jewelry-design-dataset/img_004906.jpg,256,256
JW_004539,Img 004907,jewellery,data/catalogue/JW_004908.jpg,https://huggingface.co/datasets/sidd707/jewelry-design-dataset/img_004907.jpg,256,256
JW_004540,Img 004911,jewellery,data/catalogue/JW_004912.jpg,https://huggingface.co/datasets/sidd707/jewelry-design-dataset/img_004911.jpg,256,256
JW_004541,Img 004913,jewellery,data/catalogue/JW_004914.jpg,https://huggingface.co/datasets/sidd707/jewelry-design-dataset/img_004913.jpg,256,256
JW_004542,Img 004914,jewellery,data/catalogue/JW_004915.jpg,https://huggingface.co/datasets/sidd707/jewelry-design-dataset/img_004914.jpg,256,256
JW_004543,Img 004915,jewellery,data/catalogue/JW_004916.jpg,https://huggingface.co/datasets/sidd707/jewelry-design-dataset/img_004915.jpg,256,256
JW_004544,Img 004916,jewellery,data/catalogue/JW_004917.jpg,https://huggingface.co/datasets/sidd707/jewelry-design-dataset/img_004916.jpg,256,256
JW_004545,Img 004917,jewellery,data/catalogue/JW_004918.jpg,https://huggingface.co/datasets/sidd707/jewelry-design-dataset/img_004917.jpg,256,256
JW_004546,Img 004918,jewellery,data/catalogue/JW_004919.jpg,https://huggingface.co/datasets/sidd707/jewelry-design-dataset/img_004918.jpg,256,256
JW_004547,Img 004919,jewellery,data/catalogue/JW_004920.jpg,https://huggingface.co/datasets/sidd707/jewelry-design-dataset/img_004919.jpg,256,256
JW_004548,Img 004920,jewellery,data/catalogue/JW_004921.jpg,https://huggingface.co/datasets/sidd707/jewelry-design-dataset/img_004920.jpg,256,256
JW_004549,Img 004921,jewellery,data/catalogue/JW_004922.jpg,https://huggingface.co/datasets/sidd707/jewelry-design-dataset/img_004921.jpg,256,256
JW_004550,Img 004922,jewellery,data/catalogue/JW_004923.jpg,https://huggingface.co/datasets/sidd707/jewelry-design-dataset/img_004922.jpg,256,256
JW_004551,Img 004923,jewellery,data/catalogue/JW_004924.jpg,https://huggingface.co/datasets/sidd707/jewelry-design-dataset/img_004923.jpg,256,256
JW_004552,Img 004924,jewellery,data/catalogue/JW_004925.jpg,https://huggingface.co/datasets/sidd707/jewelry-design-dataset/img_004924.jpg,256,256
JW_004553,Img 004926,jewellery,data/catalogue/JW_004927.jpg,https://huggingface.co/datasets/sidd707/jewelry-design-dataset/img_004926.jpg,256,256
JW_004554,Img 004927,jewellery,data/catalogue/JW_004928.jpg,https://huggingface.co/datasets/sidd707/jewelry-design-dataset/img_004927.jpg,256,256
JW_004555,Img 004928,jewellery,data/catalogue/JW_004929.jpg,https://huggingface.co/datasets/sidd707/jewelry-design-dataset/img_004928.jpg,256,256
JW_004556,Img 004929,jewellery,data/catalogue/JW_004930.jpg,https://huggingface.co/datasets/sidd707/jewelry-design-dataset/img_004929.jpg,256,256
JW_004557,Img 004930,jewellery,data/catalogue/JW_004931.jpg,https://huggingface.co/datasets/sidd707/jewelry-design-dataset/img_004930.jpg,256,256
JW_004558,Img 004931,jewellery,data/catalogue/JW_004932.jpg,https://huggingface.co/datasets/sidd707/jewelry-design-dataset/img_004931.jpg,256,256
JW_004559,Img 004932,jewellery,data/catalogue/JW_004933.jpg,https://huggingface.co/datasets/sidd707/jewelry-design-dataset/img_004932.jpg,256,256
JW_004560,Img 004934,jewellery,data/catalogue/JW_004935.jpg,https://huggingface.co/datasets/sidd707/jewelry-design-dataset/img_004934.jpg,256,256
JW_004561,Img 004935,jewellery,data/catalogue/JW_004936.jpg,https://huggingface.co/datasets/sidd707/jewelry-design-dataset/img_004935.jpg,256,256
JW_004562,Img 004936,jewellery,data/catalogue/JW_004937.jpg,https://huggingface.co/datasets/sidd707/jewelry-design-dataset/img_004936.jpg,256,256
JW_004563,Img 004937,jewellery,data/catalogue/JW_004938.jpg,https://huggingface.co/datasets/sidd707/jewelry-design-dataset/img_004937.jpg,256,256
JW_004564,Img 004938,jewellery,data/catalogue/JW_004939.jpg,https://huggingface.co/datasets/sidd707/jewelry-design-dataset/img_004938.jpg,256,256
JW_004565,Img 004939,jewellery,data/catalogue/JW_004940.jpg,https://huggingface.co/datasets/sidd707/jewelry-design-dataset/img_004939.jpg,256,256
JW_004566,Img 004940,jewellery,data/catalogue/JW_004941.jpg,https://huggingface.co/datasets/sidd707/jewelry-design-dataset/img_004940.jpg,256,256
JW_004567,Img 004941,jewellery,data/catalogue/JW_004942.jpg,https://huggingface.co/datasets/sidd707/jewelry-design-dataset/img_004941.jpg,256,256
JW_004568,Img 004942,jewellery,data/catalogue/JW_004943.jpg,https://huggingface.co/datasets/sidd707/jewelry-design-dataset/img_004942.jpg,256,256
JW_004569,Img 004943,jewellery,data/catalogue/JW_004944.jpg,https://huggingface.co/datasets/sidd707/jewelry-design-dataset/img_004943.jpg,256,256
JW_004570,Img 004944,jewellery,data/catalogue/JW_004945.jpg,https://huggingface.co/datasets/sidd707/jewelry-design-dataset/img_004944.jpg,256,256
JW_004571,Img 004946,jewellery,data/catalogue/JW_004947.jpg,https://huggingface.co/datasets/sidd707/jewelry-design-dataset/img_004946.jpg,256,256
JW_004572,Img 004947,jewellery,data/catalogue/JW_004948.jpg,https://huggingface.co/datasets/sidd707/jewelry-design-dataset/img_004947.jpg,256,256
JW_004573,Img 004948,jewellery,data/catalogue/JW_004949.jpg,https://huggingface.co/datasets/sidd707/jewelry-design-dataset/img_004948.jpg,256,256
JW_004574,Img 004949,jewellery,data/catalogue/JW_004950.jpg,https://huggingface.co/datasets/sidd707/jewelry-design-dataset/img_004949.jpg,256,256
JW_004575,Img 004950,jewellery,data/catalogue/JW_004951.jpg,https://huggingface.co/datasets/sidd707/jewelry-design-dataset/img_004950.jpg,256,256
JW_004576,Img 004951,jewellery,data/catalogue/JW_004952.jpg,https://huggingface.co/datasets/sidd707/jewelry-design-dataset/img_004951.jpg,256,256
JW_004577,Img 004952,jewellery,data/catalogue/JW_004953.jpg,https://huggingface.co/datasets/sidd707/jewelry-design-dataset/img_004952.jpg,256,256
JW_004578,Img 004953,jewellery,data/catalogue/JW_004954.jpg,https://huggingface.co/datasets/sidd707/jewelry-design-dataset/img_004953.jpg,256,256
JW_004579,Img 004954,jewellery,data/catalogue/JW_004955.jpg,https://huggingface.co/datasets/sidd707/jewelry-design-dataset/img_004954.jpg,256,256
JW_004580,Img 004955,jewellery,data/catalogue/JW_004956.jpg,https://huggingface.co/datasets/sidd707/jewelry-design-dataset/img_004955.jpg,256,256
JW_004581,Img 004956,jewellery,data/catalogue/JW_004957.jpg,https://huggingface.co/datasets/sidd707/jewelry-design-dataset/img_004956.jpg,256,256
JW_004582,Img 004957,jewellery,data/catalogue/JW_004958.jpg,https://huggingface.co/datasets/sidd707/jewelry-design-dataset/img_004957.jpg,256,256
JW_004583,Img 004958,jewellery,data/catalogue/JW_004959.jpg,https://huggingface.co/datasets/sidd707/jewelry-design-dataset/img_004958.jpg,256,256
JW_004584,Img 004959,jewellery,data/catalogue/JW_004960.jpg,https://huggingface.co/datasets/sidd707/jewelry-design-dataset/img_004959.jpg,256,256
JW_004585,Img 004960,jewellery,data/catalogue/JW_004961.jpg,https://huggingface.co/datasets/sidd707/jewelry-design-dataset/img_004960.jpg,256,256
JW_004586,Img 004961,jewellery,data/catalogue/JW_004962.jpg,https://huggingface.co/datasets/sidd707/jewelry-design-dataset/img_004961.jpg,256,256
JW_004587,Img 004962,jewellery,data/catalogue/JW_004963.jpg,https://huggingface.co/datasets/sidd707/jewelry-design-dataset/img_004962.jpg,256,256
JW_004588,Img 004964,jewellery,data/catalogue/JW_004965.jpg,https://huggingface.co/datasets/sidd707/jewelry-design-dataset/img_004964.jpg,256,256
JW_004589,Img 004965,jewellery,data/catalogue/JW_004966.jpg,https://huggingface.co/datasets/sidd707/jewelry-design-dataset/img_004965.jpg,256,256
JW_004590,Img 004967,jewellery,data/catalogue/JW_004968.jpg,https://huggingface.co/datasets/sidd707/jewelry-design-dataset/img_004967.jpg,256,256
JW_004591,Img 004968,jewellery,data/catalogue/JW_004969.jpg,https://huggingface.co/datasets/sidd707/jewelry-design-dataset/img_004968.jpg,256,256
JW_004592,Img 004969,jewellery,data/catalogue/JW_004970.jpg,https://huggingface.co/datasets/sidd707/jewelry-design-dataset/img_004969.jpg,256,256
JW_004593,Img 004970,jewellery,data/catalogue/JW_004971.jpg,https://huggingface.co/datasets/sidd707/jewelry-design-dataset/img_004970.jpg,256,256
JW_004594,Img 004971,jewellery,data/catalogue/JW_004972.jpg,https://huggingface.co/datasets/sidd707/jewelry-design-dataset/img_004971.jpg,256,256
JW_004595,Img 004972,jewellery,data/catalogue/JW_004973.jpg,https://huggingface.co/datasets/sidd707/jewelry-design-dataset/img_004972.jpg,256,256
JW_004596,Img 004973,jewellery,data/catalogue/JW_004974.jpg,https://huggingface.co/datasets/sidd707/jewelry-design-dataset/img_004973.jpg,256,256
JW_004597,Img 004974,jewellery,data/catalogue/JW_004975.jpg,https://huggingface.co/datasets/sidd707/jewelry-design-dataset/img_004974.jpg,256,256
JW_004598,Img 004975,jewellery,data/catalogue/JW_004976.jpg,https://huggingface.co/datasets/sidd707/jewelry-design-dataset/img_004975.jpg,256,256
JW_004599,Img 004976,jewellery,data/catalogue/JW_004977.jpg,https://huggingface.co/datasets/sidd707/jewelry-design-dataset/img_004976.jpg,256,256
JW_004600,Img 004977,jewellery,data/catalogue/JW_004978.jpg,https://huggingface.co/datasets/sidd707/jewelry-design-dataset/img_004977.jpg,256,256
JW_004601,Img 004978,jewellery,data/catalogue/JW_004979.jpg,https://huggingface.co/datasets/sidd707/jewelry-design-dataset/img_004978.jpg,256,256
JW_004602,Img 004979,jewellery,data/catalogue/JW_004980.jpg,https://huggingface.co/datasets/sidd707/jewelry-design-dataset/img_004979.jpg,256,256
JW_004603,Img 004980,jewellery,data/catalogue/JW_004981.jpg,https://huggingface.co/datasets/sidd707/jewelry-design-dataset/img_004980.jpg,256,256
JW_004604,Img 004981,jewellery,data/catalogue/JW_004982.jpg,https://huggingface.co/datasets/sidd707/jewelry-design-dataset/img_004981.jpg,256,256
JW_004605,Img 004982,jewellery,data/catalogue/JW_004983.jpg,https://huggingface.co/datasets/sidd707/jewelry-design-dataset/img_004982.jpg,256,256
JW_004606,Img 004984,jewellery,data/catalogue/JW_004985.jpg,https://huggingface.co/datasets/sidd707/jewelry-design-dataset/img_004984.jpg,256,256
JW_004607,Img 004985,jewellery,data/catalogue/JW_004986.jpg,https://huggingface.co/datasets/sidd707/jewelry-design-dataset/img_004985.jpg,256,256
JW_004608,Img 004986,jewellery,data/catalogue/JW_004987.jpg,https://huggingface.co/datasets/sidd707/jewelry-design-dataset/img_004986.jpg,256,256
JW_004609,Img 004988,jewellery,data/catalogue/JW_004989.jpg,https://huggingface.co/datasets/sidd707/jewelry-design-dataset/img_004988.jpg,256,256
JW_004610,Img 004989,jewellery,data/catalogue/JW_004990.jpg,https://huggingface.co/datasets/sidd707/jewelry-design-dataset/img_004989.jpg,256,256
JW_004611,Img 004990,jewellery,data/catalogue/JW_004991.jpg,https://huggingface.co/datasets/sidd707/jewelry-design-dataset/img_004990.jpg,256,256
JW_004612,Img 004991,jewellery,data/catalogue/JW_004992.jpg,https://huggingface.co/datasets/sidd707/jewelry-design-dataset/img_004991.jpg,256,256
JW_004613,Img 004992,jewellery,data/catalogue/JW_004993.jpg,https://huggingface.co/datasets/sidd707/jewelry-design-dataset/img_004992.jpg,256,256
JW_004614,Img 004994,jewellery,data/catalogue/JW_004995.jpg,https://huggingface.co/datasets/sidd707/jewelry-design-dataset/img_004994.jpg,256,256
JW_004615,Img 004996,jewellery,data/catalogue/JW_004997.jpg,https://huggingface.co/datasets/sidd707/jewelry-design-dataset/img_004996.jpg,256,256
JW_004616,Img 004997,jewellery,data/catalogue/JW_004998.jpg,https://huggingface.co/datasets/sidd707/jewelry-design-dataset/img_004997.jpg,256,256
JW_004617,Img 004998,jewellery,data/catalogue/JW_004999.jpg,https://huggingface.co/datasets/sidd707/jewelry-design-dataset/img_004998.jpg,256,256
JW_004618,Img 004999,jewellery,data/catalogue/JW_005000.jpg,https://huggingface.co/datasets/sidd707/jewelry-design-dataset/img_004999.jpg,256,256
JW_004619,Img 005000,jewellery,data/catalogue/JW_005001.jpg,https://huggingface.co/datasets/sidd707/jewelry-design-dataset/img_005000.jpg,256,256
JW_004620,Img 005001,jewellery,data/catalogue/JW_005002.jpg,https://huggingface.co/datasets/sidd707/jewelry-design-dataset/img_005001.jpg,256,256
JW_004621,Img 005002,jewellery,data/catalogue/JW_005003.jpg,https://huggingface.co/datasets/sidd707/jewelry-design-dataset/img_005002.jpg,256,256
JW_004622,Img 005003,jewellery,data/catalogue/JW_005004.jpg,https://huggingface.co/datasets/sidd707/jewelry-design-dataset/img_005003.jpg,256,256
JW_004623,Img 005004,jewellery,data/catalogue/JW_005005.jpg,https://huggingface.co/datasets/sidd707/jewelry-design-dataset/img_005004.jpg,256,256
JW_004624,Img 005005,jewellery,data/catalogue/JW_005006.jpg,https://huggingface.co/datasets/sidd707/jewelry-design-dataset/img_005005.jpg,256,256
JW_004625,Img 005006,jewellery,data/catalogue/JW_005007.jpg,https://huggingface.co/datasets/sidd707/jewelry-design-dataset/img_005006.jpg,256,256
JW_004626,Img 005007,jewellery,data/catalogue/JW_005008.jpg,https://huggingface.co/datasets/sidd707/jewelry-design-dataset/img_005007.jpg,256,256
JW_004627,Img 005008,jewellery,data/catalogue/JW_005009.jpg,https://huggingface.co/datasets/sidd707/jewelry-design-dataset/img_005008.jpg,256,256
JW_004628,Img 005009,jewellery,data/catalogue/JW_005010.jpg,https://huggingface.co/datasets/sidd707/jewelry-design-dataset/img_005009.jpg,256,256
JW_004629,Img 005010,jewellery,data/catalogue/JW_005011.jpg,https://huggingface.co/datasets/sidd707/jewelry-design-dataset/img_005010.jpg,256,256
JW_004630,Img 005011,jewellery,data/catalogue/JW_005012.jpg,https://huggingface.co/datasets/sidd707/jewelry-design-dataset/img_005011.jpg,256,256
JW_004631,Img 005012,jewellery,data/catalogue/JW_005013.jpg,https://huggingface.co/datasets/sidd707/jewelry-design-dataset/img_005012.jpg,256,256
JW_004632,Img 005014,jewellery,data/catalogue/JW_005015.jpg,https://huggingface.co/datasets/sidd707/jewelry-design-dataset/img_005014.jpg,256,256
JW_004633,Img 005015,jewellery,data/catalogue/JW_005016.jpg,https://huggingface.co/datasets/sidd707/jewelry-design-dataset/img_005015.jpg,256,256
JW_004634,Img 005016,jewellery,data/catalogue/JW_005017.jpg,https://huggingface.co/datasets/sidd707/jewelry-design-dataset/img_005016.jpg,256,256
JW_004635,Img 005017,jewellery,data/catalogue/JW_005018.jpg,https://huggingface.co/datasets/sidd707/jewelry-design-dataset/img_005017.jpg,256,256
JW_004636,Img 005018,jewellery,data/catalogue/JW_005019.jpg,https://huggingface.co/datasets/sidd707/jewelry-design-dataset/img_005018.jpg,256,256
JW_004637,Img 005019,jewellery,data/catalogue/JW_005020.jpg,https://huggingface.co/datasets/sidd707/jewelry-design-dataset/img_005019.jpg,256,256
JW_004638,Img 005020,jewellery,data/catalogue/JW_005021.jpg,https://huggingface.co/datasets/sidd707/jewelry-design-dataset/img_005020.jpg,256,256
JW_004639,Img 005021,jewellery,data/catalogue/JW_005022.jpg,https://huggingface.co/datasets/sidd707/jewelry-design-dataset/img_005021.jpg,256,256
JW_004640,Img 005022,jewellery,data/catalogue/JW_005023.jpg,https://huggingface.co/datasets/sidd707/jewelry-design-dataset/img_005022.jpg,256,256
JW_004641,Img 005023,jewellery,data/catalogue/JW_005024.jpg,https://huggingface.co/datasets/sidd707/jewelry-design-dataset/img_005023.jpg,256,256
JW_004642,Img 005024,jewellery,data/catalogue/JW_005025.jpg,https://huggingface.co/datasets/sidd707/jewelry-design-dataset/img_005024.jpg,256,256
JW_004643,Img 005025,jewellery,data/catalogue/JW_005026.jpg,https://huggingface.co/datasets/sidd707/jewelry-design-dataset/img_005025.jpg,256,256
JW_004644,Img 005027,jewellery,data/catalogue/JW_005028.jpg,https://huggingface.co/datasets/sidd707/jewelry-design-dataset/img_005027.jpg,256,256
JW_004645,Img 005028,jewellery,data/catalogue/JW_005029.jpg,https://huggingface.co/datasets/sidd707/jewelry-design-dataset/img_005028.jpg,256,256
JW_004646,Img 005029,jewellery,data/catalogue/JW_005030.jpg,https://huggingface.co/datasets/sidd707/jewelry-design-dataset/img_005029.jpg,256,256
JW_004647,Img 005030,jewellery,data/catalogue/JW_005031.jpg,https://huggingface.co/datasets/sidd707/jewelry-design-dataset/img_005030.jpg,256,256
JW_004648,Img 005031,jewellery,data/catalogue/JW_005032.jpg,https://huggingface.co/datasets/sidd707/jewelry-design-dataset/img_005031.jpg,256,256
JW_004649,Img 005033,jewellery,data/catalogue/JW_005034.jpg,https://huggingface.co/datasets/sidd707/jewelry-design-dataset/img_005033.jpg,256,256
JW_004650,Img 005034,jewellery,data/catalogue/JW_005035.jpg,https://huggingface.co/datasets/sidd707/jewelry-design-dataset/img_005034.jpg,256,256
JW_004651,Img 005036,jewellery,data/catalogue/JW_005037.jpg,https://huggingface.co/datasets/sidd707/jewelry-design-dataset/img_005036.jpg,256,256
JW_004652,Img 005037,jewellery,data/catalogue/JW_005038.jpg,https://huggingface.co/datasets/sidd707/jewelry-design-dataset/img_005037.jpg,256,256
JW_004653,Img 005038,jewellery,data/catalogue/JW_005039.jpg,https://huggingface.co/datasets/sidd707/jewelry-design-dataset/img_005038.jpg,256,256
JW_004654,Img 005039,jewellery,data/catalogue/JW_005040.jpg,https://huggingface.co/datasets/sidd707/jewelry-design-dataset/img_005039.jpg,256,256
JW_004655,Img 005040,jewellery,data/catalogue/JW_005041.jpg,https://huggingface.co/datasets/sidd707/jewelry-design-dataset/img_005040.jpg,256,256
JW_004656,Img 005041,jewellery,data/catalogue/JW_005042.jpg,https://huggingface.co/datasets/sidd707/jewelry-design-dataset/img_005041.jpg,256,256
JW_004657,Img 005042,jewellery,data/catalogue/JW_005043.jpg,https://huggingface.co/datasets/sidd707/jewelry-design-dataset/img_005042.jpg,256,256
JW_004658,Img 005043,jewellery,data/catalogue/JW_005044.jpg,https://huggingface.co/datasets/sidd707/jewelry-design-dataset/img_005043.jpg,256,256
JW_004659,Img 005044,jewellery,data/catalogue/JW_005045.jpg,https://huggingface.co/datasets/sidd707/jewelry-design-dataset/img_005044.jpg,256,256
JW_004660,Img 005045,jewellery,data/catalogue/JW_005046.jpg,https://huggingface.co/datasets/sidd707/jewelry-design-dataset/img_005045.jpg,256,256
JW_004661,Img 005046,jewellery,data/catalogue/JW_005047.jpg,https://huggingface.co/datasets/sidd707/jewelry-design-dataset/img_005046.jpg,256,256
JW_004662,Img 005047,jewellery,data/catalogue/JW_005048.jpg,https://huggingface.co/datasets/sidd707/jewelry-design-dataset/img_005047.jpg,256,256
JW_004663,Img 005049,jewellery,data/catalogue/JW_005050.jpg,https://huggingface.co/datasets/sidd707/jewelry-design-dataset/img_005049.jpg,256,256
JW_004664,Img 005050,jewellery,data/catalogue/JW_005051.jpg,https://huggingface.co/datasets/sidd707/jewelry-design-dataset/img_005050.jpg,256,256
JW_004665,Img 005051,jewellery,data/catalogue/JW_005052.jpg,https://huggingface.co/datasets/sidd707/jewelry-design-dataset/img_005051.jpg,256,256
JW_004666,Img 005052,jewellery,data/catalogue/JW_005053.jpg,https://huggingface.co/datasets/sidd707/jewelry-design-dataset/img_005052.jpg,256,256
JW_004667,Img 005053,jewellery,data/catalogue/JW_005054.jpg,https://huggingface.co/datasets/sidd707/jewelry-design-dataset/img_005053.jpg,256,256
JW_004668,Img 005054,jewellery,data/catalogue/JW_005055.jpg,https://huggingface.co/datasets/sidd707/jewelry-design-dataset/img_005054.jpg,256,256
JW_004669,Img 005055,jewellery,data/catalogue/JW_005056.jpg,https://huggingface.co/datasets/sidd707/jewelry-design-dataset/img_005055.jpg,256,256
JW_004670,Img 005057,jewellery,data/catalogue/JW_005058.jpg,https://huggingface.co/datasets/sidd707/jewelry-design-dataset/img_005057.jpg,256,256
JW_004671,Img 005058,jewellery,data/catalogue/JW_005059.jpg,https://huggingface.co/datasets/sidd707/jewelry-design-dataset/img_005058.jpg,256,256
JW_004672,Img 005059,jewellery,data/catalogue/JW_005060.jpg,https://huggingface.co/datasets/sidd707/jewelry-design-dataset/img_005059.jpg,256,256
JW_004673,Img 005060,jewellery,data/catalogue/JW_005061.jpg,https://huggingface.co/datasets/sidd707/jewelry-design-dataset/img_005060.jpg,256,256
JW_004674,Img 005061,jewellery,data/catalogue/JW_005062.jpg,https://huggingface.co/datasets/sidd707/jewelry-design-dataset/img_005061.jpg,256,256
JW_004675,Img 005062,jewellery,data/catalogue/JW_005063.jpg,https://huggingface.co/datasets/sidd707/jewelry-design-dataset/img_005062.jpg,256,256
JW_004676,Img 005063,jewellery,data/catalogue/JW_005064.jpg,https://huggingface.co/datasets/sidd707/jewelry-design-dataset/img_005063.jpg,256,256
JW_004677,Img 005064,jewellery,data/catalogue/JW_005065.jpg,https://huggingface.co/datasets/sidd707/jewelry-design-dataset/img_005064.jpg,256,256
JW_004678,Img 005065,jewellery,data/catalogue/JW_005066.jpg,https://huggingface.co/datasets/sidd707/jewelry-design-dataset/img_005065.jpg,256,256
JW_004679,Img 005066,jewellery,data/catalogue/JW_005067.jpg,https://huggingface.co/datasets/sidd707/jewelry-design-dataset/img_005066.jpg,256,256
JW_004680,Img 005067,jewellery,data/catalogue/JW_005068.jpg,https://huggingface.co/datasets/sidd707/jewelry-design-dataset/img_005067.jpg,256,256
JW_004681,Img 005068,jewellery,data/catalogue/JW_005069.jpg,https://huggingface.co/datasets/sidd707/jewelry-design-dataset/img_005068.jpg,256,256
JW_004682,Img 005069,jewellery,data/catalogue/JW_005070.jpg,https://huggingface.co/datasets/sidd707/jewelry-design-dataset/img_005069.jpg,256,256
JW_004683,Img 005070,jewellery,data/catalogue/JW_005071.jpg,https://huggingface.co/datasets/sidd707/jewelry-design-dataset/img_005070.jpg,256,256
JW_004684,Img 005071,jewellery,data/catalogue/JW_005072.jpg,https://huggingface.co/datasets/sidd707/jewelry-design-dataset/img_005071.jpg,256,256
JW_004685,Img 005072,jewellery,data/catalogue/JW_005073.jpg,https://huggingface.co/datasets/sidd707/jewelry-design-dataset/img_005072.jpg,256,256
JW_004686,Img 005073,jewellery,data/catalogue/JW_005074.jpg,https://huggingface.co/datasets/sidd707/jewelry-design-dataset/img_005073.jpg,256,256
JW_004687,Img 005074,jewellery,data/catalogue/JW_005075.jpg,https://huggingface.co/datasets/sidd707/jewelry-design-dataset/img_005074.jpg,256,256
JW_004688,Img 005076,jewellery,data/catalogue/JW_005077.jpg,https://huggingface.co/datasets/sidd707/jewelry-design-dataset/img_005076.jpg,256,256
JW_004689,Img 005077,jewellery,data/catalogue/JW_005078.jpg,https://huggingface.co/datasets/sidd707/jewelry-design-dataset/img_005077.jpg,256,256
JW_004690,Img 005078,jewellery,data/catalogue/JW_005079.jpg,https://huggingface.co/datasets/sidd707/jewelry-design-dataset/img_005078.jpg,256,256
JW_004691,Img 005079,jewellery,data/catalogue/JW_005080.jpg,https://huggingface.co/datasets/sidd707/jewelry-design-dataset/img_005079.jpg,256,256
JW_004692,Img 005081,jewellery,data/catalogue/JW_005082.jpg,https://huggingface.co/datasets/sidd707/jewelry-design-dataset/img_005081.jpg,256,256
JW_004693,Img 005082,jewellery,data/catalogue/JW_005083.jpg,https://huggingface.co/datasets/sidd707/jewelry-design-dataset/img_005082.jpg,256,256
JW_004694,Img 005083,jewellery,data/catalogue/JW_005084.jpg,https://huggingface.co/datasets/sidd707/jewelry-design-dataset/img_005083.jpg,256,256
JW_004695,Img 005084,jewellery,data/catalogue/JW_005085.jpg,https://huggingface.co/datasets/sidd707/jewelry-design-dataset/img_005084.jpg,256,256
JW_004696,Img 005085,jewellery,data/catalogue/JW_005086.jpg,https://huggingface.co/datasets/sidd707/jewelry-design-dataset/img_005085.jpg,256,256
JW_004697,Img 005086,jewellery,data/catalogue/JW_005087.jpg,https://huggingface.co/datasets/sidd707/jewelry-design-dataset/img_005086.jpg,256,256
JW_004698,Img 005087,jewellery,data/catalogue/JW_005088.jpg,https://huggingface.co/datasets/sidd707/jewelry-design-dataset/img_005087.jpg,256,256
JW_004699,Img 005089,jewellery,data/catalogue/JW_005090.jpg,https://huggingface.co/datasets/sidd707/jewelry-design-dataset/img_005089.jpg,256,256
JW_004700,Img 005090,jewellery,data/catalogue/JW_005091.jpg,https://huggingface.co/datasets/sidd707/jewelry-design-dataset/img_005090.jpg,256,256
JW_004701,Img 005091,jewellery,data/catalogue/JW_005092.jpg,https://huggingface.co/datasets/sidd707/jewelry-design-dataset/img_005091.jpg,256,256
JW_004702,Img 005092,jewellery,data/catalogue/JW_005093.jpg,https://huggingface.co/datasets/sidd707/jewelry-design-dataset/img_005092.jpg,256,256
JW_004703,Img 005093,jewellery,data/catalogue/JW_005094.jpg,https://huggingface.co/datasets/sidd707/jewelry-design-dataset/img_005093.jpg,256,256
JW_004704,Img 005094,jewellery,data/catalogue/JW_005095.jpg,https://huggingface.co/datasets/sidd707/jewelry-design-dataset/img_005094.jpg,256,256
JW_004705,Img 005095,jewellery,data/catalogue/JW_005096.jpg,https://huggingface.co/datasets/sidd707/jewelry-design-dataset/img_005095.jpg,256,256
JW_004706,Img 005096,jewellery,data/catalogue/JW_005097.jpg,https://huggingface.co/datasets/sidd707/jewelry-design-dataset/img_005096.jpg,256,256
JW_004707,Img 005097,jewellery,data/catalogue/JW_005098.jpg,https://huggingface.co/datasets/sidd707/jewelry-design-dataset/img_005097.jpg,256,256
JW_004708,Img 005098,jewellery,data/catalogue/JW_005099.jpg,https://huggingface.co/datasets/sidd707/jewelry-design-dataset/img_005098.jpg,256,256
JW_004709,Img 005099,jewellery,data/catalogue/JW_005100.jpg,https://huggingface.co/datasets/sidd707/jewelry-design-dataset/img_005099.jpg,256,256
JW_004710,Img 005100,jewellery,data/catalogue/JW_005101.jpg,https://huggingface.co/datasets/sidd707/jewelry-design-dataset/img_005100.jpg,256,256
JW_004711,Img 005101,jewellery,data/catalogue/JW_005102.jpg,https://huggingface.co/datasets/sidd707/jewelry-design-dataset/img_005101.jpg,256,256
JW_004712,Img 005102,jewellery,data/catalogue/JW_005103.jpg,https://huggingface.co/datasets/sidd707/jewelry-design-dataset/img_005102.jpg,256,256
JW_004713,Img 005103,jewellery,data/catalogue/JW_005104.jpg,https://huggingface.co/datasets/sidd707/jewelry-design-dataset/img_005103.jpg,256,256
JW_004714,Img 005104,jewellery,data/catalogue/JW_005105.jpg,https://huggingface.co/datasets/sidd707/jewelry-design-dataset/img_005104.jpg,256,256
JW_004715,Img 005105,jewellery,data/catalogue/JW_005106.jpg,https://huggingface.co/datasets/sidd707/jewelry-design-dataset/img_005105.jpg,256,256
JW_004716,Img 005106,jewellery,data/catalogue/JW_005107.jpg,https://huggingface.co/datasets/sidd707/jewelry-design-dataset/img_005106.jpg,256,256
JW_004717,Img 005107,jewellery,data/catalogue/JW_005108.jpg,https://huggingface.co/datasets/sidd707/jewelry-design-dataset/img_005107.jpg,256,256
JW_004718,Img 005108,jewellery,data/catalogue/JW_005109.jpg,https://huggingface.co/datasets/sidd707/jewelry-design-dataset/img_005108.jpg,256,256
JW_004719,Img 005109,jewellery,data/catalogue/JW_005110.jpg,https://huggingface.co/datasets/sidd707/jewelry-design-dataset/img_005109.jpg,256,256
JW_004720,Img 005110,jewellery,data/catalogue/JW_005111.jpg,https://huggingface.co/datasets/sidd707/jewelry-design-dataset/img_005110.jpg,256,256
JW_004721,Img 005111,jewellery,data/catalogue/JW_005112.jpg,https://huggingface.co/datasets/sidd707/jewelry-design-dataset/img_005111.jpg,256,256
JW_004722,Img 005112,jewellery,data/catalogue/JW_005113.jpg,https://huggingface.co/datasets/sidd707/jewelry-design-dataset/img_005112.jpg,256,256
JW_004723,Img 005114,jewellery,data/catalogue/JW_005115.jpg,https://huggingface.co/datasets/sidd707/jewelry-design-dataset/img_005114.jpg,256,256
JW_004724,Img 005115,jewellery,data/catalogue/JW_005116.jpg,https://huggingface.co/datasets/sidd707/jewelry-design-dataset/img_005115.jpg,256,256
JW_004725,Img 005116,jewellery,data/catalogue/JW_005117.jpg,https://huggingface.co/datasets/sidd707/jewelry-design-dataset/img_005116.jpg,256,256
JW_004726,Img 005117,jewellery,data/catalogue/JW_005118.jpg,https://huggingface.co/datasets/sidd707/jewelry-design-dataset/img_005117.jpg,256,256
JW_004727,Img 005118,jewellery,data/catalogue/JW_005119.jpg,https://huggingface.co/datasets/sidd707/jewelry-design-dataset/img_005118.jpg,256,256
JW_004728,Img 005119,jewellery,data/catalogue/JW_005120.jpg,https://huggingface.co/datasets/sidd707/jewelry-design-dataset/img_005119.jpg,256,256
JW_004729,Img 005120,jewellery,data/catalogue/JW_005121.jpg,https://huggingface.co/datasets/sidd707/jewelry-design-dataset/img_005120.jpg,256,256
JW_004730,Img 005121,jewellery,data/catalogue/JW_005122.jpg,https://huggingface.co/datasets/sidd707/jewelry-design-dataset/img_005121.jpg,256,256
JW_004731,Img 005122,jewellery,data/catalogue/JW_005123.jpg,https://huggingface.co/datasets/sidd707/jewelry-design-dataset/img_005122.jpg,256,256
JW_004732,Img 005123,jewellery,data/catalogue/JW_005124.jpg,https://huggingface.co/datasets/sidd707/jewelry-design-dataset/img_005123.jpg,256,256
JW_004733,Img 005124,jewellery,data/catalogue/JW_005125.jpg,https://huggingface.co/datasets/sidd707/jewelry-design-dataset/img_005124.jpg,256,256
JW_004734,Img 005125,jewellery,data/catalogue/JW_005126.jpg,https://huggingface.co/datasets/sidd707/jewelry-design-dataset/img_005125.jpg,256,256
JW_004735,Img 005128,jewellery,data/catalogue/JW_005129.jpg,https://huggingface.co/datasets/sidd707/jewelry-design-dataset/img_005128.jpg,262,262
JW_004736,Img 005130,jewellery,data/catalogue/JW_005131.jpg,https://huggingface.co/datasets/sidd707/jewelry-design-dataset/img_005130.jpg,262,262
JW_004737,Img 005140,jewellery,data/catalogue/JW_005141.jpg,https://huggingface.co/datasets/sidd707/jewelry-design-dataset/img_005140.jpg,262,262
JW_004738,Img 005141,jewellery,data/catalogue/JW_005142.jpg,https://huggingface.co/datasets/sidd707/jewelry-design-dataset/img_005141.jpg,262,262
JW_004739,Img 005142,jewellery,data/catalogue/JW_005143.jpg,https://huggingface.co/datasets/sidd707/jewelry-design-dataset/img_005142.jpg,262,262
JW_004740,Img 005143,jewellery,data/catalogue/JW_005144.jpg,https://huggingface.co/datasets/sidd707/jewelry-design-dataset/img_005143.jpg,262,262
JW_004741,Img 005154,jewellery,data/catalogue/JW_005155.jpg,https://huggingface.co/datasets/sidd707/jewelry-design-dataset/img_005154.jpg,262,262
JW_004742,Img 005190,jewellery,data/catalogue/JW_005191.jpg,https://huggingface.co/datasets/sidd707/jewelry-design-dataset/img_005190.jpg,262,262
JW_004743,Img 005197,jewellery,data/catalogue/JW_005198.jpg,https://huggingface.co/datasets/sidd707/jewelry-design-dataset/img_005197.jpg,262,262
JW_004744,Img 005198,jewellery,data/catalogue/JW_005199.jpg,https://huggingface.co/datasets/sidd707/jewelry-design-dataset/img_005198.jpg,262,262
JW_004745,Img 005204,jewellery,data/catalogue/JW_005205.jpg,https://huggingface.co/datasets/sidd707/jewelry-design-dataset/img_005204.jpg,262,262
JW_004746,Img 005207,jewellery,data/catalogue/JW_005208.jpg,https://huggingface.co/datasets/sidd707/jewelry-design-dataset/img_005207.jpg,262,262
JW_004747,Img 005210,jewellery,data/catalogue/JW_005211.jpg,https://huggingface.co/datasets/sidd707/jewelry-design-dataset/img_005210.jpg,262,262
JW_004748,Img 005219,jewellery,data/catalogue/JW_005220.jpg,https://huggingface.co/datasets/sidd707/jewelry-design-dataset/img_005219.jpg,262,262
JW_004749,Img 005224,jewellery,data/catalogue/JW_005225.jpg,https://huggingface.co/datasets/sidd707/jewelry-design-dataset/img_005224.jpg,262,262
JW_004750,Img 005225,jewellery,data/catalogue/JW_005226.jpg,https://huggingface.co/datasets/sidd707/jewelry-design-dataset/img_005225.jpg,262,262
JW_004751,Img 005227,jewellery,data/catalogue/JW_005228.jpg,https://huggingface.co/datasets/sidd707/jewelry-design-dataset/img_005227.jpg,262,262
JW_004752,Img 005235,jewellery,data/catalogue/JW_005236.jpg,https://huggingface.co/datasets/sidd707/jewelry-design-dataset/img_005235.jpg,262,262
JW_004753,Img 005241,jewellery,data/catalogue/JW_005242.jpg,https://huggingface.co/datasets/sidd707/jewelry-design-dataset/img_005241.jpg,262,262
JW_004754,Img 005243,jewellery,data/catalogue/JW_005244.jpg,https://huggingface.co/datasets/sidd707/jewelry-design-dataset/img_005243.jpg,262,262
JW_004755,Img 005245,jewellery,data/catalogue/JW_005246.jpg,https://huggingface.co/datasets/sidd707/jewelry-design-dataset/img_005245.jpg,262,262
JW_004756,Img 005248,jewellery,data/catalogue/JW_005249.jpg,https://huggingface.co/datasets/sidd707/jewelry-design-dataset/img_005248.jpg,262,262
JW_004757,Img 005251,jewellery,data/catalogue/JW_005252.jpg,https://huggingface.co/datasets/sidd707/jewelry-design-dataset/img_005251.jpg,262,262
JW_004758,Img 005255,jewellery,data/catalogue/JW_005256.jpg,https://huggingface.co/datasets/sidd707/jewelry-design-dataset/img_005255.jpg,262,262
JW_004759,Img 005256,jewellery,data/catalogue/JW_005257.jpg,https://huggingface.co/datasets/sidd707/jewelry-design-dataset/img_005256.jpg,262,262
JW_004760,Img 005259,jewellery,data/catalogue/JW_005260.jpg,https://huggingface.co/datasets/sidd707/jewelry-design-dataset/img_005259.jpg,262,262
JW_004761,Img 005260,jewellery,data/catalogue/JW_005261.jpg,https://huggingface.co/datasets/sidd707/jewelry-design-dataset/img_005260.jpg,262,262
JW_004762,Img 005261,jewellery,data/catalogue/JW_005262.jpg,https://huggingface.co/datasets/sidd707/jewelry-design-dataset/img_005261.jpg,262,262
JW_004763,Img 005262,jewellery,data/catalogue/JW_005263.jpg,https://huggingface.co/datasets/sidd707/jewelry-design-dataset/img_005262.jpg,262,262
JW_004764,Img 005284,jewellery,data/catalogue/JW_005285.jpg,https://huggingface.co/datasets/sidd707/jewelry-design-dataset/img_005284.jpg,262,262
JW_004765,Img 005285,jewellery,data/catalogue/JW_005286.jpg,https://huggingface.co/datasets/sidd707/jewelry-design-dataset/img_005285.jpg,262,262
JW_004766,Img 005287,jewellery,data/catalogue/JW_005288.jpg,https://huggingface.co/datasets/sidd707/jewelry-design-dataset/img_005287.jpg,262,262
JW_004767,Img 005288,jewellery,data/catalogue/JW_005289.jpg,https://huggingface.co/datasets/sidd707/jewelry-design-dataset/img_005288.jpg,262,262
JW_004768,Img 005289,jewellery,data/catalogue/JW_005290.jpg,https://huggingface.co/datasets/sidd707/jewelry-design-dataset/img_005289.jpg,262,262
JW_004769,Img 005290,jewellery,data/catalogue/JW_005291.jpg,https://huggingface.co/datasets/sidd707/jewelry-design-dataset/img_005290.jpg,262,262
JW_004770,Img 005292,jewellery,data/catalogue/JW_005293.jpg,https://huggingface.co/datasets/sidd707/jewelry-design-dataset/img_005292.jpg,262,262
JW_004771,Img 005294,jewellery,data/catalogue/JW_005295.jpg,https://huggingface.co/datasets/sidd707/jewelry-design-dataset/img_005294.jpg,262,262
JW_004772,Img 005295,jewellery,data/catalogue/JW_005296.jpg,https://huggingface.co/datasets/sidd707/jewelry-design-dataset/img_005295.jpg,262,262
JW_004773,Img 005301,jewellery,data/catalogue/JW_005302.jpg,https://huggingface.co/datasets/sidd707/jewelry-design-dataset/img_005301.jpg,262,262
JW_004774,Img 005303,jewellery,data/catalogue/JW_005304.jpg,https://huggingface.co/datasets/sidd707/jewelry-design-dataset/img_005303.jpg,262,262
JW_004775,Img 005304,jewellery,data/catalogue/JW_005305.jpg,https://huggingface.co/datasets/sidd707/jewelry-design-dataset/img_005304.jpg,262,262
JW_004776,Img 005305,jewellery,data/catalogue/JW_005306.jpg,https://huggingface.co/datasets/sidd707/jewelry-design-dataset/img_005305.jpg,262,262
JW_004777,Img 005306,jewellery,data/catalogue/JW_005307.jpg,https://huggingface.co/datasets/sidd707/jewelry-design-dataset/img_005306.jpg,262,262
JW_004778,Img 005307,jewellery,data/catalogue/JW_005308.jpg,https://huggingface.co/datasets/sidd707/jewelry-design-dataset/img_005307.jpg,262,262
JW_004779,Img 005308,jewellery,data/catalogue/JW_005309.jpg,https://huggingface.co/datasets/sidd707/jewelry-design-dataset/img_005308.jpg,262,262
JW_004780,Img 005309,jewellery,data/catalogue/JW_005310.jpg,https://huggingface.co/datasets/sidd707/jewelry-design-dataset/img_005309.jpg,262,262
JW_004781,Img 005310,jewellery,data/catalogue/JW_005311.jpg,https://huggingface.co/datasets/sidd707/jewelry-design-dataset/img_005310.jpg,262,262
JW_004782,Img 005311,jewellery,data/catalogue/JW_005312.jpg,https://huggingface.co/datasets/sidd707/jewelry-design-dataset/img_005311.jpg,262,262
JW_004783,Img 005314,jewellery,data/catalogue/JW_005315.jpg,https://huggingface.co/datasets/sidd707/jewelry-design-dataset/img_005314.jpg,262,262
JW_004784,Img 005315,jewellery,data/catalogue/JW_005316.jpg,https://huggingface.co/datasets/sidd707/jewelry-design-dataset/img_005315.jpg,262,262
JW_004785,Img 005316,jewellery,data/catalogue/JW_005317.jpg,https://huggingface.co/datasets/sidd707/jewelry-design-dataset/img_005316.jpg,262,262
JW_004786,Img 005317,jewellery,data/catalogue/JW_005318.jpg,https://huggingface.co/datasets/sidd707/jewelry-design-dataset/img_005317.jpg,262,262
JW_004787,Img 005318,jewellery,data/catalogue/JW_005319.jpg,https://huggingface.co/datasets/sidd707/jewelry-design-dataset/img_005318.jpg,262,262
JW_004788,Img 005319,jewellery,data/catalogue/JW_005320.jpg,https://huggingface.co/datasets/sidd707/jewelry-design-dataset/img_005319.jpg,262,262
JW_004789,Img 005320,jewellery,data/catalogue/JW_005321.jpg,https://huggingface.co/datasets/sidd707/jewelry-design-dataset/img_005320.jpg,262,262
JW_004790,Img 005321,jewellery,data/catalogue/JW_005322.jpg,https://huggingface.co/datasets/sidd707/jewelry-design-dataset/img_005321.jpg,262,262
JW_004791,Img 005322,jewellery,data/catalogue/JW_005323.jpg,https://huggingface.co/datasets/sidd707/jewelry-design-dataset/img_005322.jpg,262,262
JW_004792,Img 005323,jewellery,data/catalogue/JW_005324.jpg,https://huggingface.co/datasets/sidd707/jewelry-design-dataset/img_005323.jpg,262,262
JW_004793,Img 005324,jewellery,data/catalogue/JW_005325.jpg,https://huggingface.co/datasets/sidd707/jewelry-design-dataset/img_005324.jpg,262,262
JW_004794,Img 005325,jewellery,data/catalogue/JW_005326.jpg,https://huggingface.co/datasets/sidd707/jewelry-design-dataset/img_005325.jpg,262,262
JW_004795,Img 005326,jewellery,data/catalogue/JW_005327.jpg,https://huggingface.co/datasets/sidd707/jewelry-design-dataset/img_005326.jpg,262,262
JW_004796,Img 005327,jewellery,data/catalogue/JW_005328.jpg,https://huggingface.co/datasets/sidd707/jewelry-design-dataset/img_005327.jpg,262,262
JW_004797,Img 005328,jewellery,data/catalogue/JW_005329.jpg,https://huggingface.co/datasets/sidd707/jewelry-design-dataset/img_005328.jpg,262,262
JW_004798,Img 005330,jewellery,data/catalogue/JW_005331.jpg,https://huggingface.co/datasets/sidd707/jewelry-design-dataset/img_005330.jpg,262,262
JW_004799,Img 005331,jewellery,data/catalogue/JW_005332.jpg,https://huggingface.co/datasets/sidd707/jewelry-design-dataset/img_005331.jpg,262,262
JW_004800,Img 005332,jewellery,data/catalogue/JW_005333.jpg,https://huggingface.co/datasets/sidd707/jewelry-design-dataset/img_005332.jpg,262,262
JW_004801,Img 005335,jewellery,data/catalogue/JW_005336.jpg,https://huggingface.co/datasets/sidd707/jewelry-design-dataset/img_005335.jpg,262,262
JW_004802,Img 005337,jewellery,data/catalogue/JW_005338.jpg,https://huggingface.co/datasets/sidd707/jewelry-design-dataset/img_005337.jpg,262,262
JW_004803,Img 005338,jewellery,data/catalogue/JW_005339.jpg,https://huggingface.co/datasets/sidd707/jewelry-design-dataset/img_005338.jpg,262,262
JW_004804,Img 005340,jewellery,data/catalogue/JW_005341.jpg,https://huggingface.co/datasets/sidd707/jewelry-design-dataset/img_005340.jpg,262,262
JW_004805,Img 005341,jewellery,data/catalogue/JW_005342.jpg,https://huggingface.co/datasets/sidd707/jewelry-design-dataset/img_005341.jpg,262,262
JW_004806,Img 005342,jewellery,data/catalogue/JW_005343.jpg,https://huggingface.co/datasets/sidd707/jewelry-design-dataset/img_005342.jpg,262,262
JW_004807,Img 005343,jewellery,data/catalogue/JW_005344.jpg,https://huggingface.co/datasets/sidd707/jewelry-design-dataset/img_005343.jpg,262,262
JW_004808,Img 005345,jewellery,data/catalogue/JW_005346.jpg,https://huggingface.co/datasets/sidd707/jewelry-design-dataset/img_005345.jpg,262,262
JW_004809,Img 005346,jewellery,data/catalogue/JW_005347.jpg,https://huggingface.co/datasets/sidd707/jewelry-design-dataset/img_005346.jpg,262,262
JW_004810,Img 005349,jewellery,data/catalogue/JW_005350.jpg,https://huggingface.co/datasets/sidd707/jewelry-design-dataset/img_005349.jpg,262,262
JW_004811,Img 005350,jewellery,data/catalogue/JW_005351.jpg,https://huggingface.co/datasets/sidd707/jewelry-design-dataset/img_005350.jpg,262,262
JW_004812,Img 005351,jewellery,data/catalogue/JW_005352.jpg,https://huggingface.co/datasets/sidd707/jewelry-design-dataset/img_005351.jpg,262,262
JW_004813,Img 005352,jewellery,data/catalogue/JW_005353.jpg,https://huggingface.co/datasets/sidd707/jewelry-design-dataset/img_005352.jpg,262,262
JW_004814,Img 005353,jewellery,data/catalogue/JW_005354.jpg,https://huggingface.co/datasets/sidd707/jewelry-design-dataset/img_005353.jpg,262,262
JW_004815,Img 005354,jewellery,data/catalogue/JW_005355.jpg,https://huggingface.co/datasets/sidd707/jewelry-design-dataset/img_005354.jpg,262,262
JW_004816,Img 005355,jewellery,data/catalogue/JW_005356.jpg,https://huggingface.co/datasets/sidd707/jewelry-design-dataset/img_005355.jpg,262,262
JW_004817,Img 005356,jewellery,data/catalogue/JW_005357.jpg,https://huggingface.co/datasets/sidd707/jewelry-design-dataset/img_005356.jpg,262,262
JW_004818,Img 005362,jewellery,data/catalogue/JW_005363.jpg,https://huggingface.co/datasets/sidd707/jewelry-design-dataset/img_005362.jpg,262,262
JW_004819,Img 005363,jewellery,data/catalogue/JW_005364.jpg,https://huggingface.co/datasets/sidd707/jewelry-design-dataset/img_005363.jpg,262,262
JW_004820,Img 005364,jewellery,data/catalogue/JW_005365.jpg,https://huggingface.co/datasets/sidd707/jewelry-design-dataset/img_005364.jpg,262,262
JW_004821,Img 005365,jewellery,data/catalogue/JW_005366.jpg,https://huggingface.co/datasets/sidd707/jewelry-design-dataset/img_005365.jpg,262,262
JW_004822,Img 005366,jewellery,data/catalogue/JW_005367.jpg,https://huggingface.co/datasets/sidd707/jewelry-design-dataset/img_005366.jpg,262,262
JW_004823,Img 005369,jewellery,data/catalogue/JW_005370.jpg,https://huggingface.co/datasets/sidd707/jewelry-design-dataset/img_005369.jpg,262,262
JW_004824,Img 005370,jewellery,data/catalogue/JW_005371.jpg,https://huggingface.co/datasets/sidd707/jewelry-design-dataset/img_005370.jpg,262,262
JW_004825,Img 005371,jewellery,data/catalogue/JW_005372.jpg,https://huggingface.co/datasets/sidd707/jewelry-design-dataset/img_005371.jpg,262,262
JW_004826,Img 005373,jewellery,data/catalogue/JW_005374.jpg,https://huggingface.co/datasets/sidd707/jewelry-design-dataset/img_005373.jpg,262,262
JW_004827,Img 005374,jewellery,data/catalogue/JW_005375.jpg,https://huggingface.co/datasets/sidd707/jewelry-design-dataset/img_005374.jpg,262,262
JW_004828,Img 005375,jewellery,data/catalogue/JW_005376.jpg,https://huggingface.co/datasets/sidd707/jewelry-design-dataset/img_005375.jpg,262,262
JW_004829,Img 005383,jewellery,data/catalogue/JW_005384.jpg,https://huggingface.co/datasets/sidd707/jewelry-design-dataset/img_005383.jpg,262,262
JW_004830,Img 005384,jewellery,data/catalogue/JW_005385.jpg,https://huggingface.co/datasets/sidd707/jewelry-design-dataset/img_005384.jpg,262,262
JW_004831,Img 005385,jewellery,data/catalogue/JW_005386.jpg,https://huggingface.co/datasets/sidd707/jewelry-design-dataset/img_005385.jpg,262,262
JW_004832,Img 005386,jewellery,data/catalogue/JW_005387.jpg,https://huggingface.co/datasets/sidd707/jewelry-design-dataset/img_005386.jpg,262,262
JW_004833,Img 005387,jewellery,data/catalogue/JW_005388.jpg,https://huggingface.co/datasets/sidd707/jewelry-design-dataset/img_005387.jpg,262,262
JW_004834,Img 005389,jewellery,data/catalogue/JW_005390.jpg,https://huggingface.co/datasets/sidd707/jewelry-design-dataset/img_005389.jpg,262,262
JW_004835,Img 005390,jewellery,data/catalogue/JW_005391.jpg,https://huggingface.co/datasets/sidd707/jewelry-design-dataset/img_005390.jpg,262,262
JW_004836,Img 005392,jewellery,data/catalogue/JW_005393.jpg,https://huggingface.co/datasets/sidd707/jewelry-design-dataset/img_005392.jpg,262,262
JW_004837,Img 005393,jewellery,data/catalogue/JW_005394.jpg,https://huggingface.co/datasets/sidd707/jewelry-design-dataset/img_005393.jpg,262,262
JW_004838,Img 005394,jewellery,data/catalogue/JW_005395.jpg,https://huggingface.co/datasets/sidd707/jewelry-design-dataset/img_005394.jpg,262,262
JW_004839,Img 005395,jewellery,data/catalogue/JW_005396.jpg,https://huggingface.co/datasets/sidd707/jewelry-design-dataset/img_005395.jpg,262,262
JW_004840,Img 005396,jewellery,data/catalogue/JW_005397.jpg,https://huggingface.co/datasets/sidd707/jewelry-design-dataset/img_005396.jpg,262,262
JW_004841,Img 005397,jewellery,data/catalogue/JW_005398.jpg,https://huggingface.co/datasets/sidd707/jewelry-design-dataset/img_005397.jpg,262,262
JW_004842,Img 005398,jewellery,data/catalogue/JW_005399.jpg,https://huggingface.co/datasets/sidd707/jewelry-design-dataset/img_005398.jpg,262,262
JW_004843,Img 005400,jewellery,data/catalogue/JW_005401.jpg,https://huggingface.co/datasets/sidd707/jewelry-design-dataset/img_005400.jpg,262,262
JW_004844,Img 005401,jewellery,data/catalogue/JW_005402.jpg,https://huggingface.co/datasets/sidd707/jewelry-design-dataset/img_005401.jpg,262,262
JW_004845,Img 005402,jewellery,data/catalogue/JW_005403.jpg,https://huggingface.co/datasets/sidd707/jewelry-design-dataset/img_005402.jpg,262,262
JW_004846,Img 005403,jewellery,data/catalogue/JW_005404.jpg,https://huggingface.co/datasets/sidd707/jewelry-design-dataset/img_005403.jpg,262,262
JW_004847,Img 005408,jewellery,data/catalogue/JW_005409.jpg,https://huggingface.co/datasets/sidd707/jewelry-design-dataset/img_005408.jpg,262,262
JW_004848,Img 005409,jewellery,data/catalogue/JW_005410.jpg,https://huggingface.co/datasets/sidd707/jewelry-design-dataset/img_005409.jpg,262,262
JW_004849,Img 005412,jewellery,data/catalogue/JW_005413.jpg,https://huggingface.co/datasets/sidd707/jewelry-design-dataset/img_005412.jpg,262,262
JW_004850,Img 005413,jewellery,data/catalogue/JW_005414.jpg,https://huggingface.co/datasets/sidd707/jewelry-design-dataset/img_005413.jpg,262,262
JW_004851,Img 005414,jewellery,data/catalogue/JW_005415.jpg,https://huggingface.co/datasets/sidd707/jewelry-design-dataset/img_005414.jpg,262,262
JW_004852,Img 005415,jewellery,data/catalogue/JW_005416.jpg,https://huggingface.co/datasets/sidd707/jewelry-design-dataset/img_005415.jpg,262,262
JW_004853,Img 005416,jewellery,data/catalogue/JW_005417.jpg,https://huggingface.co/datasets/sidd707/jewelry-design-dataset/img_005416.jpg,262,262
JW_004854,Img 005417,jewellery,data/catalogue/JW_005418.jpg,https://huggingface.co/datasets/sidd707/jewelry-design-dataset/img_005417.jpg,262,262
JW_004855,Img 005418,jewellery,data/catalogue/JW_005419.jpg,https://huggingface.co/datasets/sidd707/jewelry-design-dataset/img_005418.jpg,262,262
JW_004856,Img 005419,jewellery,data/catalogue/JW_005420.jpg,https://huggingface.co/datasets/sidd707/jewelry-design-dataset/img_005419.jpg,262,262
JW_004857,Img 005420,jewellery,data/catalogue/JW_005421.jpg,https://huggingface.co/datasets/sidd707/jewelry-design-dataset/img_005420.jpg,262,262
JW_004858,Img 005421,jewellery,data/catalogue/JW_005422.jpg,https://huggingface.co/datasets/sidd707/jewelry-design-dataset/img_005421.jpg,262,262
JW_004859,Img 005422,jewellery,data/catalogue/JW_005423.jpg,https://huggingface.co/datasets/sidd707/jewelry-design-dataset/img_005422.jpg,262,262
JW_004860,Img 005423,jewellery,data/catalogue/JW_005424.jpg,https://huggingface.co/datasets/sidd707/jewelry-design-dataset/img_005423.jpg,262,262
JW_004861,Img 005424,jewellery,data/catalogue/JW_005425.jpg,https://huggingface.co/datasets/sidd707/jewelry-design-dataset/img_005424.jpg,262,262
JW_004862,Img 005425,jewellery,data/catalogue/JW_005426.jpg,https://huggingface.co/datasets/sidd707/jewelry-design-dataset/img_005425.jpg,262,262
JW_004863,Img 005428,jewellery,data/catalogue/JW_005429.jpg,https://huggingface.co/datasets/sidd707/jewelry-design-dataset/img_005428.jpg,256,256
JW_004864,Img 005429,jewellery,data/catalogue/JW_005430.jpg,https://huggingface.co/datasets/sidd707/jewelry-design-dataset/img_005429.jpg,256,256
JW_004865,Img 005430,jewellery,data/catalogue/JW_005431.jpg,https://huggingface.co/datasets/sidd707/jewelry-design-dataset/img_005430.jpg,256,256
JW_004866,Img 005432,jewellery,data/catalogue/JW_005433.jpg,https://huggingface.co/datasets/sidd707/jewelry-design-dataset/img_005432.jpg,256,256
JW_004867,Img 005433,jewellery,data/catalogue/JW_005434.jpg,https://huggingface.co/datasets/sidd707/jewelry-design-dataset/img_005433.jpg,256,256
JW_004868,Img 005434,jewellery,data/catalogue/JW_005435.jpg,https://huggingface.co/datasets/sidd707/jewelry-design-dataset/img_005434.jpg,256,256
JW_004869,Img 005435,jewellery,data/catalogue/JW_005436.jpg,https://huggingface.co/datasets/sidd707/jewelry-design-dataset/img_005435.jpg,256,256
JW_004870,Img 005436,jewellery,data/catalogue/JW_005437.jpg,https://huggingface.co/datasets/sidd707/jewelry-design-dataset/img_005436.jpg,256,256
JW_004871,Img 005437,jewellery,data/catalogue/JW_005438.jpg,https://huggingface.co/datasets/sidd707/jewelry-design-dataset/img_005437.jpg,256,256
JW_004872,Img 005439,jewellery,data/catalogue/JW_005440.jpg,https://huggingface.co/datasets/sidd707/jewelry-design-dataset/img_005439.jpg,256,256
JW_004873,Img 005440,jewellery,data/catalogue/JW_005441.jpg,https://huggingface.co/datasets/sidd707/jewelry-design-dataset/img_005440.jpg,256,256
JW_004874,Img 005441,jewellery,data/catalogue/JW_005442.jpg,https://huggingface.co/datasets/sidd707/jewelry-design-dataset/img_005441.jpg,256,256
JW_004875,Img 005442,jewellery,data/catalogue/JW_005443.jpg,https://huggingface.co/datasets/sidd707/jewelry-design-dataset/img_005442.jpg,256,256
JW_004876,Img 005443,jewellery,data/catalogue/JW_005444.jpg,https://huggingface.co/datasets/sidd707/jewelry-design-dataset/img_005443.jpg,256,256
JW_004877,Img 005444,jewellery,data/catalogue/JW_005445.jpg,https://huggingface.co/datasets/sidd707/jewelry-design-dataset/img_005444.jpg,256,256
JW_004878,Img 005445,jewellery,data/catalogue/JW_005446.jpg,https://huggingface.co/datasets/sidd707/jewelry-design-dataset/img_005445.jpg,256,256
JW_004879,Img 005446,jewellery,data/catalogue/JW_005447.jpg,https://huggingface.co/datasets/sidd707/jewelry-design-dataset/img_005446.jpg,256,256
JW_004880,Img 005447,jewellery,data/catalogue/JW_005448.jpg,https://huggingface.co/datasets/sidd707/jewelry-design-dataset/img_005447.jpg,256,256
JW_004881,Img 005448,jewellery,data/catalogue/JW_005449.jpg,https://huggingface.co/datasets/sidd707/jewelry-design-dataset/img_005448.jpg,256,256
JW_004882,Img 005449,jewellery,data/catalogue/JW_005450.jpg,https://huggingface.co/datasets/sidd707/jewelry-design-dataset/img_005449.jpg,256,256
JW_004883,Img 005450,jewellery,data/catalogue/JW_005451.jpg,https://huggingface.co/datasets/sidd707/jewelry-design-dataset/img_005450.jpg,256,256
JW_004884,Img 005451,jewellery,data/catalogue/JW_005452.jpg,https://huggingface.co/datasets/sidd707/jewelry-design-dataset/img_005451.jpg,256,256
JW_004885,Img 005453,jewellery,data/catalogue/JW_005454.jpg,https://huggingface.co/datasets/sidd707/jewelry-design-dataset/img_005453.jpg,256,256
JW_004886,Img 005454,jewellery,data/catalogue/JW_005455.jpg,https://huggingface.co/datasets/sidd707/jewelry-design-dataset/img_005454.jpg,256,256
JW_004887,Img 005455,jewellery,data/catalogue/JW_005456.jpg,https://huggingface.co/datasets/sidd707/jewelry-design-dataset/img_005455.jpg,256,256
JW_004888,Img 005457,jewellery,data/catalogue/JW_005458.jpg,https://huggingface.co/datasets/sidd707/jewelry-design-dataset/img_005457.jpg,256,256
JW_004889,Img 005458,jewellery,data/catalogue/JW_005459.jpg,https://huggingface.co/datasets/sidd707/jewelry-design-dataset/img_005458.jpg,256,256
JW_004890,Img 005459,jewellery,data/catalogue/JW_005460.jpg,https://huggingface.co/datasets/sidd707/jewelry-design-dataset/img_005459.jpg,256,256
JW_004891,Img 005460,jewellery,data/catalogue/JW_005461.jpg,https://huggingface.co/datasets/sidd707/jewelry-design-dataset/img_005460.jpg,256,256
JW_004892,Img 005461,jewellery,data/catalogue/JW_005462.jpg,https://huggingface.co/datasets/sidd707/jewelry-design-dataset/img_005461.jpg,256,256
JW_004893,Img 005462,jewellery,data/catalogue/JW_005463.jpg,https://huggingface.co/datasets/sidd707/jewelry-design-dataset/img_005462.jpg,256,256
JW_004894,Img 005463,jewellery,data/catalogue/JW_005464.jpg,https://huggingface.co/datasets/sidd707/jewelry-design-dataset/img_005463.jpg,256,256
JW_004895,Img 005464,jewellery,data/catalogue/JW_005465.jpg,https://huggingface.co/datasets/sidd707/jewelry-design-dataset/img_005464.jpg,256,256
JW_004896,Img 005465,jewellery,data/catalogue/JW_005466.jpg,https://huggingface.co/datasets/sidd707/jewelry-design-dataset/img_005465.jpg,256,256
JW_004897,Img 005466,jewellery,data/catalogue/JW_005467.jpg,https://huggingface.co/datasets/sidd707/jewelry-design-dataset/img_005466.jpg,256,256
JW_004898,Img 005468,jewellery,data/catalogue/JW_005469.jpg,https://huggingface.co/datasets/sidd707/jewelry-design-dataset/img_005468.jpg,256,256
JW_004899,Img 005469,jewellery,data/catalogue/JW_005470.jpg,https://huggingface.co/datasets/sidd707/jewelry-design-dataset/img_005469.jpg,256,256
JW_004900,Img 005470,jewellery,data/catalogue/JW_005471.jpg,https://huggingface.co/datasets/sidd707/jewelry-design-dataset/img_005470.jpg,256,256
JW_004901,Img 005474,jewellery,data/catalogue/JW_005475.jpg,https://huggingface.co/datasets/sidd707/jewelry-design-dataset/img_005474.jpg,256,256
JW_004902,Img 005475,jewellery,data/catalogue/JW_005476.jpg,https://huggingface.co/datasets/sidd707/jewelry-design-dataset/img_005475.jpg,256,256
JW_004903,Img 005476,jewellery,data/catalogue/JW_005477.jpg,https://huggingface.co/datasets/sidd707/jewelry-design-dataset/img_005476.jpg,256,256
JW_004904,Img 005477,jewellery,data/catalogue/JW_005478.jpg,https://huggingface.co/datasets/sidd707/jewelry-design-dataset/img_005477.jpg,256,256
JW_004905,Img 005478,jewellery,data/catalogue/JW_005479.jpg,https://huggingface.co/datasets/sidd707/jewelry-design-dataset/img_005478.jpg,256,256
JW_004906,Img 005479,jewellery,data/catalogue/JW_005480.jpg,https://huggingface.co/datasets/sidd707/jewelry-design-dataset/img_005479.jpg,256,256
JW_004907,Img 005480,jewellery,data/catalogue/JW_005481.jpg,https://huggingface.co/datasets/sidd707/jewelry-design-dataset/img_005480.jpg,256,256
JW_004908,Img 005481,jewellery,data/catalogue/JW_005482.jpg,https://huggingface.co/datasets/sidd707/jewelry-design-dataset/img_005481.jpg,256,256
JW_004909,Img 005484,jewellery,data/catalogue/JW_005485.jpg,https://huggingface.co/datasets/sidd707/jewelry-design-dataset/img_005484.jpg,256,256
JW_004910,Img 005485,jewellery,data/catalogue/JW_005486.jpg,https://huggingface.co/datasets/sidd707/jewelry-design-dataset/img_005485.jpg,256,256
JW_004911,Img 005486,jewellery,data/catalogue/JW_005487.jpg,https://huggingface.co/datasets/sidd707/jewelry-design-dataset/img_005486.jpg,256,256
JW_004912,Img 005487,jewellery,data/catalogue/JW_005488.jpg,https://huggingface.co/datasets/sidd707/jewelry-design-dataset/img_005487.jpg,256,256
JW_004913,Img 005488,jewellery,data/catalogue/JW_005489.jpg,https://huggingface.co/datasets/sidd707/jewelry-design-dataset/img_005488.jpg,256,256
JW_004914,Img 005489,jewellery,data/catalogue/JW_005490.jpg,https://huggingface.co/datasets/sidd707/jewelry-design-dataset/img_005489.jpg,256,256
JW_004915,Img 005493,jewellery,data/catalogue/JW_005494.jpg,https://huggingface.co/datasets/sidd707/jewelry-design-dataset/img_005493.jpg,256,256
JW_004916,Img 005494,jewellery,data/catalogue/JW_005495.jpg,https://huggingface.co/datasets/sidd707/jewelry-design-dataset/img_005494.jpg,256,256
JW_004917,Img 005495,jewellery,data/catalogue/JW_005496.jpg,https://huggingface.co/datasets/sidd707/jewelry-design-dataset/img_005495.jpg,256,256
JW_004918,Img 005496,jewellery,data/catalogue/JW_005497.jpg,https://huggingface.co/datasets/sidd707/jewelry-design-dataset/img_005496.jpg,256,256
JW_004919,Img 005497,jewellery,data/catalogue/JW_005498.jpg,https://huggingface.co/datasets/sidd707/jewelry-design-dataset/img_005497.jpg,256,256
JW_004920,Img 005499,jewellery,data/catalogue/JW_005500.jpg,https://huggingface.co/datasets/sidd707/jewelry-design-dataset/img_005499.jpg,256,256
JW_004921,Img 005500,jewellery,data/catalogue/JW_005501.jpg,https://huggingface.co/datasets/sidd707/jewelry-design-dataset/img_005500.jpg,256,256
JW_004922,Img 005501,jewellery,data/catalogue/JW_005502.jpg,https://huggingface.co/datasets/sidd707/jewelry-design-dataset/img_005501.jpg,256,256
JW_004923,Img 005502,jewellery,data/catalogue/JW_005503.jpg,https://huggingface.co/datasets/sidd707/jewelry-design-dataset/img_005502.jpg,256,256
JW_004924,Img 005504,jewellery,data/catalogue/JW_005505.jpg,https://huggingface.co/datasets/sidd707/jewelry-design-dataset/img_005504.jpg,256,256
JW_004925,Img 005505,jewellery,data/catalogue/JW_005506.jpg,https://huggingface.co/datasets/sidd707/jewelry-design-dataset/img_005505.jpg,256,256
JW_004926,Img 005506,jewellery,data/catalogue/JW_005507.jpg,https://huggingface.co/datasets/sidd707/jewelry-design-dataset/img_005506.jpg,256,256
JW_004927,Img 005508,jewellery,data/catalogue/JW_005509.jpg,https://huggingface.co/datasets/sidd707/jewelry-design-dataset/img_005508.jpg,256,256
JW_004928,Img 005509,jewellery,data/catalogue/JW_005510.jpg,https://huggingface.co/datasets/sidd707/jewelry-design-dataset/img_005509.jpg,256,256
JW_004929,Img 005510,jewellery,data/catalogue/JW_005511.jpg,https://huggingface.co/datasets/sidd707/jewelry-design-dataset/img_005510.jpg,256,256
JW_004930,Img 005511,jewellery,data/catalogue/JW_005512.jpg,https://huggingface.co/datasets/sidd707/jewelry-design-dataset/img_005511.jpg,256,256
JW_004931,Img 005512,jewellery,data/catalogue/JW_005513.jpg,https://huggingface.co/datasets/sidd707/jewelry-design-dataset/img_005512.jpg,256,256
JW_004932,Img 005513,jewellery,data/catalogue/JW_005514.jpg,https://huggingface.co/datasets/sidd707/jewelry-design-dataset/img_005513.jpg,256,256
JW_004933,Img 005514,jewellery,data/catalogue/JW_005515.jpg,https://huggingface.co/datasets/sidd707/jewelry-design-dataset/img_005514.jpg,256,256
JW_004934,Img 005515,jewellery,data/catalogue/JW_005516.jpg,https://huggingface.co/datasets/sidd707/jewelry-design-dataset/img_005515.jpg,256,256
JW_004935,Img 005516,jewellery,data/catalogue/JW_005517.jpg,https://huggingface.co/datasets/sidd707/jewelry-design-dataset/img_005516.jpg,256,256
JW_004936,Img 005517,jewellery,data/catalogue/JW_005518.jpg,https://huggingface.co/datasets/sidd707/jewelry-design-dataset/img_005517.jpg,256,256
JW_004937,Img 005518,jewellery,data/catalogue/JW_005519.jpg,https://huggingface.co/datasets/sidd707/jewelry-design-dataset/img_005518.jpg,256,256
JW_004938,Img 005519,jewellery,data/catalogue/JW_005520.jpg,https://huggingface.co/datasets/sidd707/jewelry-design-dataset/img_005519.jpg,256,256
JW_004939,Img 005520,jewellery,data/catalogue/JW_005521.jpg,https://huggingface.co/datasets/sidd707/jewelry-design-dataset/img_005520.jpg,256,256
JW_004940,Img 005521,jewellery,data/catalogue/JW_005522.jpg,https://huggingface.co/datasets/sidd707/jewelry-design-dataset/img_005521.jpg,256,256
JW_004941,Img 005522,jewellery,data/catalogue/JW_005523.jpg,https://huggingface.co/datasets/sidd707/jewelry-design-dataset/img_005522.jpg,256,256
JW_004942,Img 005523,jewellery,data/catalogue/JW_005524.jpg,https://huggingface.co/datasets/sidd707/jewelry-design-dataset/img_005523.jpg,256,256
JW_004943,Img 005524,jewellery,data/catalogue/JW_005525.jpg,https://huggingface.co/datasets/sidd707/jewelry-design-dataset/img_005524.jpg,256,256
JW_004944,Img 005525,jewellery,data/catalogue/JW_005526.jpg,https://huggingface.co/datasets/sidd707/jewelry-design-dataset/img_005525.jpg,256,256
JW_004945,Img 005527,jewellery,data/catalogue/JW_005528.jpg,https://huggingface.co/datasets/sidd707/jewelry-design-dataset/img_005527.jpg,256,256
JW_004946,Img 005528,jewellery,data/catalogue/JW_005529.jpg,https://huggingface.co/datasets/sidd707/jewelry-design-dataset/img_005528.jpg,256,256
JW_004947,Img 005529,jewellery,data/catalogue/JW_005530.jpg,https://huggingface.co/datasets/sidd707/jewelry-design-dataset/img_005529.jpg,256,256
JW_004948,Img 005530,jewellery,data/catalogue/JW_005531.jpg,https://huggingface.co/datasets/sidd707/jewelry-design-dataset/img_005530.jpg,256,256
JW_004949,Img 005531,jewellery,data/catalogue/JW_005532.jpg,https://huggingface.co/datasets/sidd707/jewelry-design-dataset/img_005531.jpg,256,256
JW_004950,Img 005532,jewellery,data/catalogue/JW_005533.jpg,https://huggingface.co/datasets/sidd707/jewelry-design-dataset/img_005532.jpg,256,256
JW_004951,Img 005533,jewellery,data/catalogue/JW_005534.jpg,https://huggingface.co/datasets/sidd707/jewelry-design-dataset/img_005533.jpg,256,256
JW_004952,Img 005534,jewellery,data/catalogue/JW_005535.jpg,https://huggingface.co/datasets/sidd707/jewelry-design-dataset/img_005534.jpg,256,256
JW_004953,Img 005535,jewellery,data/catalogue/JW_005536.jpg,https://huggingface.co/datasets/sidd707/jewelry-design-dataset/img_005535.jpg,256,256
JW_004954,Img 005536,jewellery,data/catalogue/JW_005537.jpg,https://huggingface.co/datasets/sidd707/jewelry-design-dataset/img_005536.jpg,256,256
JW_004955,Img 005537,jewellery,data/catalogue/JW_005538.jpg,https://huggingface.co/datasets/sidd707/jewelry-design-dataset/img_005537.jpg,256,256
JW_004956,Img 005539,jewellery,data/catalogue/JW_005540.jpg,https://huggingface.co/datasets/sidd707/jewelry-design-dataset/img_005539.jpg,256,256
JW_004957,Img 005540,jewellery,data/catalogue/JW_005541.jpg,https://huggingface.co/datasets/sidd707/jewelry-design-dataset/img_005540.jpg,256,256
JW_004958,Img 005542,jewellery,data/catalogue/JW_005543.jpg,https://huggingface.co/datasets/sidd707/jewelry-design-dataset/img_005542.jpg,256,256
JW_004959,Img 005543,jewellery,data/catalogue/JW_005544.jpg,https://huggingface.co/datasets/sidd707/jewelry-design-dataset/img_005543.jpg,256,256
JW_004960,Img 005544,jewellery,data/catalogue/JW_005545.jpg,https://huggingface.co/datasets/sidd707/jewelry-design-dataset/img_005544.jpg,256,256
JW_004961,Img 005545,jewellery,data/catalogue/JW_005546.jpg,https://huggingface.co/datasets/sidd707/jewelry-design-dataset/img_005545.jpg,256,256
JW_004962,Img 005546,jewellery,data/catalogue/JW_005547.jpg,https://huggingface.co/datasets/sidd707/jewelry-design-dataset/img_005546.jpg,256,256
JW_004963,Img 005547,jewellery,data/catalogue/JW_005548.jpg,https://huggingface.co/datasets/sidd707/jewelry-design-dataset/img_005547.jpg,256,256
JW_004964,Img 005548,jewellery,data/catalogue/JW_005549.jpg,https://huggingface.co/datasets/sidd707/jewelry-design-dataset/img_005548.jpg,256,256
JW_004965,Img 005549,jewellery,data/catalogue/JW_005550.jpg,https://huggingface.co/datasets/sidd707/jewelry-design-dataset/img_005549.jpg,256,256
JW_004966,Img 005550,jewellery,data/catalogue/JW_005551.jpg,https://huggingface.co/datasets/sidd707/jewelry-design-dataset/img_005550.jpg,256,256
JW_004967,Img 005553,jewellery,data/catalogue/JW_005554.jpg,https://huggingface.co/datasets/sidd707/jewelry-design-dataset/img_005553.jpg,256,256
JW_004968,Img 005554,jewellery,data/catalogue/JW_005555.jpg,https://huggingface.co/datasets/sidd707/jewelry-design-dataset/img_005554.jpg,256,256
JW_004969,Img 005555,jewellery,data/catalogue/JW_005556.jpg,https://huggingface.co/datasets/sidd707/jewelry-design-dataset/img_005555.jpg,256,256
JW_004970,Img 005557,jewellery,data/catalogue/JW_005558.jpg,https://huggingface.co/datasets/sidd707/jewelry-design-dataset/img_005557.jpg,256,256
JW_004971,Img 005558,jewellery,data/catalogue/JW_005559.jpg,https://huggingface.co/datasets/sidd707/jewelry-design-dataset/img_005558.jpg,256,256
JW_004972,Img 005559,jewellery,data/catalogue/JW_005560.jpg,https://huggingface.co/datasets/sidd707/jewelry-design-dataset/img_005559.jpg,256,256
JW_004973,Img 005560,jewellery,data/catalogue/JW_005561.jpg,https://huggingface.co/datasets/sidd707/jewelry-design-dataset/img_005560.jpg,256,256
JW_004974,Img 005561,jewellery,data/catalogue/JW_005562.jpg,https://huggingface.co/datasets/sidd707/jewelry-design-dataset/img_005561.jpg,256,256
JW_004975,Img 005563,jewellery,data/catalogue/JW_005564.jpg,https://huggingface.co/datasets/sidd707/jewelry-design-dataset/img_005563.jpg,256,256
JW_004976,Img 005564,jewellery,data/catalogue/JW_005565.jpg,https://huggingface.co/datasets/sidd707/jewelry-design-dataset/img_005564.jpg,256,256
JW_004977,Img 005565,jewellery,data/catalogue/JW_005566.jpg,https://huggingface.co/datasets/sidd707/jewelry-design-dataset/img_005565.jpg,256,256
JW_004978,Img 005566,jewellery,data/catalogue/JW_005567.jpg,https://huggingface.co/datasets/sidd707/jewelry-design-dataset/img_005566.jpg,256,256
JW_004979,Img 005567,jewellery,data/catalogue/JW_005568.jpg,https://huggingface.co/datasets/sidd707/jewelry-design-dataset/img_005567.jpg,256,256
JW_004980,Img 005569,jewellery,data/catalogue/JW_005570.jpg,https://huggingface.co/datasets/sidd707/jewelry-design-dataset/img_005569.jpg,256,256
JW_004981,Img 005570,jewellery,data/catalogue/JW_005571.jpg,https://huggingface.co/datasets/sidd707/jewelry-design-dataset/img_005570.jpg,256,256
JW_004982,Img 005571,jewellery,data/catalogue/JW_005572.jpg,https://huggingface.co/datasets/sidd707/jewelry-design-dataset/img_005571.jpg,256,256
JW_004983,Img 005572,jewellery,data/catalogue/JW_005573.jpg,https://huggingface.co/datasets/sidd707/jewelry-design-dataset/img_005572.jpg,256,256
JW_004984,Img 005573,jewellery,data/catalogue/JW_005574.jpg,https://huggingface.co/datasets/sidd707/jewelry-design-dataset/img_005573.jpg,256,256
JW_004985,Img 005574,jewellery,data/catalogue/JW_005575.jpg,https://huggingface.co/datasets/sidd707/jewelry-design-dataset/img_005574.jpg,256,256
JW_004986,Img 005575,jewellery,data/catalogue/JW_005576.jpg,https://huggingface.co/datasets/sidd707/jewelry-design-dataset/img_005575.jpg,256,256
JW_004987,Img 005576,jewellery,data/catalogue/JW_005577.jpg,https://huggingface.co/datasets/sidd707/jewelry-design-dataset/img_005576.jpg,256,256
JW_004988,Img 005577,jewellery,data/catalogue/JW_005578.jpg,https://huggingface.co/datasets/sidd707/jewelry-design-dataset/img_005577.jpg,256,256
JW_004989,Img 005579,jewellery,data/catalogue/JW_005580.jpg,https://huggingface.co/datasets/sidd707/jewelry-design-dataset/img_005579.jpg,256,256
JW_004990,Img 005580,jewellery,data/catalogue/JW_005581.jpg,https://huggingface.co/datasets/sidd707/jewelry-design-dataset/img_005580.jpg,256,256
JW_004991,Img 005581,jewellery,data/catalogue/JW_005582.jpg,https://huggingface.co/datasets/sidd707/jewelry-design-dataset/img_005581.jpg,256,256
JW_004992,Img 005582,jewellery,data/catalogue/JW_005583.jpg,https://huggingface.co/datasets/sidd707/jewelry-design-dataset/img_005582.jpg,256,256
JW_004993,Img 005583,jewellery,data/catalogue/JW_005584.jpg,https://huggingface.co/datasets/sidd707/jewelry-design-dataset/img_005583.jpg,256,256
JW_004994,Img 005584,jewellery,data/catalogue/JW_005585.jpg,https://huggingface.co/datasets/sidd707/jewelry-design-dataset/img_005584.jpg,256,256
JW_004995,Img 005585,jewellery,data/catalogue/JW_005586.jpg,https://huggingface.co/datasets/sidd707/jewelry-design-dataset/img_005585.jpg,256,256
JW_004996,Img 005586,jewellery,data/catalogue/JW_005587.jpg,https://huggingface.co/datasets/sidd707/jewelry-design-dataset/img_005586.jpg,256,256
JW_004997,Img 005588,jewellery,data/catalogue/JW_005589.jpg,https://huggingface.co/datasets/sidd707/jewelry-design-dataset/img_005588.jpg,256,256
JW_004998,Img 005589,jewellery,data/catalogue/JW_005590.jpg,https://huggingface.co/datasets/sidd707/jewelry-design-dataset/img_005589.jpg,256,256
JW_004999,Img 005590,jewellery,data/catalogue/JW_005591.jpg,https://huggingface.co/datasets/sidd707/jewelry-design-dataset/img_005590.jpg,256,256
JW_005000,Img 005591,jewellery,data/catalogue/JW_005592.jpg,https://huggingface.co/datasets/sidd707/jewelry-design-dataset/img_005591.jpg,256,256
JW_005001,Img 005592,jewellery,data/catalogue/JW_005593.jpg,https://huggingface.co/datasets/sidd707/jewelry-design-dataset/img_005592.jpg,256,256
JW_005002,Img 005593,jewellery,data/catalogue/JW_005594.jpg,https://huggingface.co/datasets/sidd707/jewelry-design-dataset/img_005593.jpg,256,256
JW_005003,Img 005595,jewellery,data/catalogue/JW_005596.jpg,https://huggingface.co/datasets/sidd707/jewelry-design-dataset/img_005595.jpg,256,256
JW_005004,Img 005597,jewellery,data/catalogue/JW_005598.jpg,https://huggingface.co/datasets/sidd707/jewelry-design-dataset/img_005597.jpg,256,256
JW_005005,Img 005598,jewellery,data/catalogue/JW_005599.jpg,https://huggingface.co/datasets/sidd707/jewelry-design-dataset/img_005598.jpg,256,256
JW_005006,Img 005599,jewellery,data/catalogue/JW_005600.jpg,https://huggingface.co/datasets/sidd707/jewelry-design-dataset/img_005599.jpg,256,256
JW_005007,Img 005600,jewellery,data/catalogue/JW_005601.jpg,https://huggingface.co/datasets/sidd707/jewelry-design-dataset/img_005600.jpg,256,256
JW_005008,Img 005601,jewellery,data/catalogue/JW_005602.jpg,https://huggingface.co/datasets/sidd707/jewelry-design-dataset/img_005601.jpg,256,256
JW_005009,Img 005603,jewellery,data/catalogue/JW_005604.jpg,https://huggingface.co/datasets/sidd707/jewelry-design-dataset/img_005603.jpg,256,256
JW_005010,Img 005604,jewellery,data/catalogue/JW_005605.jpg,https://huggingface.co/datasets/sidd707/jewelry-design-dataset/img_005604.jpg,256,256
JW_005011,Img 005605,jewellery,data/catalogue/JW_005606.jpg,https://huggingface.co/datasets/sidd707/jewelry-design-dataset/img_005605.jpg,256,256
JW_005012,Img 005606,jewellery,data/catalogue/JW_005607.jpg,https://huggingface.co/datasets/sidd707/jewelry-design-dataset/img_005606.jpg,256,256
JW_005013,Img 005607,jewellery,data/catalogue/JW_005608.jpg,https://huggingface.co/datasets/sidd707/jewelry-design-dataset/img_005607.jpg,256,256
JW_005014,Img 005608,jewellery,data/catalogue/JW_005609.jpg,https://huggingface.co/datasets/sidd707/jewelry-design-dataset/img_005608.jpg,256,256
JW_005015,Img 005609,jewellery,data/catalogue/JW_005610.jpg,https://huggingface.co/datasets/sidd707/jewelry-design-dataset/img_005609.jpg,256,256
JW_005016,Img 005611,jewellery,data/catalogue/JW_005612.jpg,https://huggingface.co/datasets/sidd707/jewelry-design-dataset/img_005611.jpg,256,256
JW_005017,Img 005613,jewellery,data/catalogue/JW_005614.jpg,https://huggingface.co/datasets/sidd707/jewelry-design-dataset/img_005613.jpg,256,256
JW_005018,Img 005614,jewellery,data/catalogue/JW_005615.jpg,https://huggingface.co/datasets/sidd707/jewelry-design-dataset/img_005614.jpg,256,256
JW_005019,Img 005615,jewellery,data/catalogue/JW_005616.jpg,https://huggingface.co/datasets/sidd707/jewelry-design-dataset/img_005615.jpg,256,256
JW_005020,Img 005617,jewellery,data/catalogue/JW_005618.jpg,https://huggingface.co/datasets/sidd707/jewelry-design-dataset/img_005617.jpg,256,256
JW_005021,Img 005618,jewellery,data/catalogue/JW_005619.jpg,https://huggingface.co/datasets/sidd707/jewelry-design-dataset/img_005618.jpg,256,256
JW_005022,Img 005619,jewellery,data/catalogue/JW_005620.jpg,https://huggingface.co/datasets/sidd707/jewelry-design-dataset/img_005619.jpg,256,256
JW_005023,Img 005620,jewellery,data/catalogue/JW_005621.jpg,https://huggingface.co/datasets/sidd707/jewelry-design-dataset/img_005620.jpg,256,256
JW_005024,Img 005621,jewellery,data/catalogue/JW_005622.jpg,https://huggingface.co/datasets/sidd707/jewelry-design-dataset/img_005621.jpg,256,256
JW_005025,Img 005622,jewellery,data/catalogue/JW_005623.jpg,https://huggingface.co/datasets/sidd707/jewelry-design-dataset/img_005622.jpg,256,256
JW_005026,Img 005623,jewellery,data/catalogue/JW_005624.jpg,https://huggingface.co/datasets/sidd707/jewelry-design-dataset/img_005623.jpg,256,256
JW_005027,Img 005624,jewellery,data/catalogue/JW_005625.jpg,https://huggingface.co/datasets/sidd707/jewelry-design-dataset/img_005624.jpg,256,256
JW_005028,Img 005625,jewellery,data/catalogue/JW_005626.jpg,https://huggingface.co/datasets/sidd707/jewelry-design-dataset/img_005625.jpg,256,256
JW_005029,Img 005626,jewellery,data/catalogue/JW_005627.jpg,https://huggingface.co/datasets/sidd707/jewelry-design-dataset/img_005626.jpg,256,256
JW_005030,Img 005627,jewellery,data/catalogue/JW_005628.jpg,https://huggingface.co/datasets/sidd707/jewelry-design-dataset/img_005627.jpg,256,256
JW_005031,Img 005628,jewellery,data/catalogue/JW_005629.jpg,https://huggingface.co/datasets/sidd707/jewelry-design-dataset/img_005628.jpg,256,256
JW_005032,Img 005629,jewellery,data/catalogue/JW_005630.jpg,https://huggingface.co/datasets/sidd707/jewelry-design-dataset/img_005629.jpg,256,256
JW_005033,Img 005630,jewellery,data/catalogue/JW_005631.jpg,https://huggingface.co/datasets/sidd707/jewelry-design-dataset/img_005630.jpg,256,256
JW_005034,Img 005632,jewellery,data/catalogue/JW_005633.jpg,https://huggingface.co/datasets/sidd707/jewelry-design-dataset/img_005632.jpg,256,256
JW_005035,Img 005633,jewellery,data/catalogue/JW_005634.jpg,https://huggingface.co/datasets/sidd707/jewelry-design-dataset/img_005633.jpg,256,256
JW_005036,Img 005634,jewellery,data/catalogue/JW_005635.jpg,https://huggingface.co/datasets/sidd707/jewelry-design-dataset/img_005634.jpg,256,256
JW_005037,Img 005635,jewellery,data/catalogue/JW_005636.jpg,https://huggingface.co/datasets/sidd707/jewelry-design-dataset/img_005635.jpg,256,256
JW_005038,Img 005636,jewellery,data/catalogue/JW_005637.jpg,https://huggingface.co/datasets/sidd707/jewelry-design-dataset/img_005636.jpg,256,256
JW_005039,Img 005637,jewellery,data/catalogue/JW_005638.jpg,https://huggingface.co/datasets/sidd707/jewelry-design-dataset/img_005637.jpg,256,256
JW_005040,Img 005638,jewellery,data/catalogue/JW_005639.jpg,https://huggingface.co/datasets/sidd707/jewelry-design-dataset/img_005638.jpg,256,256
JW_005041,Img 005639,jewellery,data/catalogue/JW_005640.jpg,https://huggingface.co/datasets/sidd707/jewelry-design-dataset/img_005639.jpg,256,256
JW_005042,Img 005640,jewellery,data/catalogue/JW_005641.jpg,https://huggingface.co/datasets/sidd707/jewelry-design-dataset/img_005640.jpg,256,256
JW_005043,Img 005641,jewellery,data/catalogue/JW_005642.jpg,https://huggingface.co/datasets/sidd707/jewelry-design-dataset/img_005641.jpg,256,256
JW_005044,Img 005642,jewellery,data/catalogue/JW_005643.jpg,https://huggingface.co/datasets/sidd707/jewelry-design-dataset/img_005642.jpg,256,256
JW_005045,Img 005643,jewellery,data/catalogue/JW_005644.jpg,https://huggingface.co/datasets/sidd707/jewelry-design-dataset/img_005643.jpg,256,256
JW_005046,Img 005644,jewellery,data/catalogue/JW_005645.jpg,https://huggingface.co/datasets/sidd707/jewelry-design-dataset/img_005644.jpg,256,256
JW_005047,Img 005645,jewellery,data/catalogue/JW_005646.jpg,https://huggingface.co/datasets/sidd707/jewelry-design-dataset/img_005645.jpg,256,256
JW_005048,Img 005647,jewellery,data/catalogue/JW_005648.jpg,https://huggingface.co/datasets/sidd707/jewelry-design-dataset/img_005647.jpg,256,256
JW_005049,Img 005648,jewellery,data/catalogue/JW_005649.jpg,https://huggingface.co/datasets/sidd707/jewelry-design-dataset/img_005648.jpg,256,256
JW_005050,Img 005649,jewellery,data/catalogue/JW_005650.jpg,https://huggingface.co/datasets/sidd707/jewelry-design-dataset/img_005649.jpg,256,256
JW_005051,Img 005650,jewellery,data/catalogue/JW_005651.jpg,https://huggingface.co/datasets/sidd707/jewelry-design-dataset/img_005650.jpg,256,256
JW_005052,Img 005651,jewellery,data/catalogue/JW_005652.jpg,https://huggingface.co/datasets/sidd707/jewelry-design-dataset/img_005651.jpg,256,256
JW_005053,Img 005652,jewellery,data/catalogue/JW_005653.jpg,https://huggingface.co/datasets/sidd707/jewelry-design-dataset/img_005652.jpg,256,256
JW_005054,Img 005653,jewellery,data/catalogue/JW_005654.jpg,https://huggingface.co/datasets/sidd707/jewelry-design-dataset/img_005653.jpg,256,256
JW_005055,Img 005654,jewellery,data/catalogue/JW_005655.jpg,https://huggingface.co/datasets/sidd707/jewelry-design-dataset/img_005654.jpg,256,256
JW_005056,Img 005655,jewellery,data/catalogue/JW_005656.jpg,https://huggingface.co/datasets/sidd707/jewelry-design-dataset/img_005655.jpg,256,256
JW_005057,Img 005656,jewellery,data/catalogue/JW_005657.jpg,https://huggingface.co/datasets/sidd707/jewelry-design-dataset/img_005656.jpg,256,256
JW_005058,Img 005657,jewellery,data/catalogue/JW_005658.jpg,https://huggingface.co/datasets/sidd707/jewelry-design-dataset/img_005657.jpg,256,256
JW_005059,Img 005658,jewellery,data/catalogue/JW_005659.jpg,https://huggingface.co/datasets/sidd707/jewelry-design-dataset/img_005658.jpg,256,256
JW_005060,Img 005659,jewellery,data/catalogue/JW_005660.jpg,https://huggingface.co/datasets/sidd707/jewelry-design-dataset/img_005659.jpg,256,256
JW_005061,Img 005660,jewellery,data/catalogue/JW_005661.jpg,https://huggingface.co/datasets/sidd707/jewelry-design-dataset/img_005660.jpg,256,256
JW_005062,Img 005661,jewellery,data/catalogue/JW_005662.jpg,https://huggingface.co/datasets/sidd707/jewelry-design-dataset/img_005661.jpg,256,256
JW_005063,Img 005663,jewellery,data/catalogue/JW_005664.jpg,https://huggingface.co/datasets/sidd707/jewelry-design-dataset/img_005663.jpg,256,256
JW_005064,Img 005664,jewellery,data/catalogue/JW_005665.jpg,https://huggingface.co/datasets/sidd707/jewelry-design-dataset/img_005664.jpg,256,256
JW_005065,Img 005665,jewellery,data/catalogue/JW_005666.jpg,https://huggingface.co/datasets/sidd707/jewelry-design-dataset/img_005665.jpg,256,256
JW_005066,Img 005666,jewellery,data/catalogue/JW_005667.jpg,https://huggingface.co/datasets/sidd707/jewelry-design-dataset/img_005666.jpg,256,256
JW_005067,Img 005667,jewellery,data/catalogue/JW_005668.jpg,https://huggingface.co/datasets/sidd707/jewelry-design-dataset/img_005667.jpg,256,256
JW_005068,Img 005668,jewellery,data/catalogue/JW_005669.jpg,https://huggingface.co/datasets/sidd707/jewelry-design-dataset/img_005668.jpg,256,256
JW_005069,Img 005669,jewellery,data/catalogue/JW_005670.jpg,https://huggingface.co/datasets/sidd707/jewelry-design-dataset/img_005669.jpg,256,256
JW_005070,Img 005670,jewellery,data/catalogue/JW_005671.jpg,https://huggingface.co/datasets/sidd707/jewelry-design-dataset/img_005670.jpg,256,256
JW_005071,Img 005672,jewellery,data/catalogue/JW_005673.jpg,https://huggingface.co/datasets/sidd707/jewelry-design-dataset/img_005672.jpg,256,256
JW_005072,Img 005673,jewellery,data/catalogue/JW_005674.jpg,https://huggingface.co/datasets/sidd707/jewelry-design-dataset/img_005673.jpg,256,256
JW_005073,Img 005674,jewellery,data/catalogue/JW_005675.jpg,https://huggingface.co/datasets/sidd707/jewelry-design-dataset/img_005674.jpg,256,256
JW_005074,Img 005675,jewellery,data/catalogue/JW_005676.jpg,https://huggingface.co/datasets/sidd707/jewelry-design-dataset/img_005675.jpg,256,256
JW_005075,Img 005676,jewellery,data/catalogue/JW_005677.jpg,https://huggingface.co/datasets/sidd707/jewelry-design-dataset/img_005676.jpg,256,256
JW_005076,Img 005677,jewellery,data/catalogue/JW_005678.jpg,https://huggingface.co/datasets/sidd707/jewelry-design-dataset/img_005677.jpg,256,256
JW_005077,Img 005678,jewellery,data/catalogue/JW_005679.jpg,https://huggingface.co/datasets/sidd707/jewelry-design-dataset/img_005678.jpg,256,256
JW_005078,Img 005681,jewellery,data/catalogue/JW_005682.jpg,https://huggingface.co/datasets/sidd707/jewelry-design-dataset/img_005681.jpg,256,256
JW_005079,Img 005682,jewellery,data/catalogue/JW_005683.jpg,https://huggingface.co/datasets/sidd707/jewelry-design-dataset/img_005682.jpg,256,256
JW_005080,Img 005683,jewellery,data/catalogue/JW_005684.jpg,https://huggingface.co/datasets/sidd707/jewelry-design-dataset/img_005683.jpg,256,256
JW_005081,Img 005684,jewellery,data/catalogue/JW_005685.jpg,https://huggingface.co/datasets/sidd707/jewelry-design-dataset/img_005684.jpg,256,256
JW_005082,Img 005685,jewellery,data/catalogue/JW_005686.jpg,https://huggingface.co/datasets/sidd707/jewelry-design-dataset/img_005685.jpg,256,256
JW_005083,Img 005686,jewellery,data/catalogue/JW_005687.jpg,https://huggingface.co/datasets/sidd707/jewelry-design-dataset/img_005686.jpg,256,256
JW_005084,Img 005687,jewellery,data/catalogue/JW_005688.jpg,https://huggingface.co/datasets/sidd707/jewelry-design-dataset/img_005687.jpg,256,256
JW_005085,Img 005688,jewellery,data/catalogue/JW_005689.jpg,https://huggingface.co/datasets/sidd707/jewelry-design-dataset/img_005688.jpg,256,256
JW_005086,Img 005689,jewellery,data/catalogue/JW_005690.jpg,https://huggingface.co/datasets/sidd707/jewelry-design-dataset/img_005689.jpg,256,256
JW_005087,Img 005690,jewellery,data/catalogue/JW_005691.jpg,https://huggingface.co/datasets/sidd707/jewelry-design-dataset/img_005690.jpg,256,256
JW_005088,Img 005692,jewellery,data/catalogue/JW_005693.jpg,https://huggingface.co/datasets/sidd707/jewelry-design-dataset/img_005692.jpg,256,256
JW_005089,Img 005693,jewellery,data/catalogue/JW_005694.jpg,https://huggingface.co/datasets/sidd707/jewelry-design-dataset/img_005693.jpg,256,256
JW_005090,Img 005695,jewellery,data/catalogue/JW_005696.jpg,https://huggingface.co/datasets/sidd707/jewelry-design-dataset/img_005695.jpg,256,256
JW_005091,Img 005696,jewellery,data/catalogue/JW_005697.jpg,https://huggingface.co/datasets/sidd707/jewelry-design-dataset/img_005696.jpg,256,256
JW_005092,Img 005697,jewellery,data/catalogue/JW_005698.jpg,https://huggingface.co/datasets/sidd707/jewelry-design-dataset/img_005697.jpg,256,256
JW_005093,Img 005698,jewellery,data/catalogue/JW_005699.jpg,https://huggingface.co/datasets/sidd707/jewelry-design-dataset/img_005698.jpg,256,256
JW_005094,Img 005699,jewellery,data/catalogue/JW_005700.jpg,https://huggingface.co/datasets/sidd707/jewelry-design-dataset/img_005699.jpg,256,256
JW_005095,Img 005700,jewellery,data/catalogue/JW_005701.jpg,https://huggingface.co/datasets/sidd707/jewelry-design-dataset/img_005700.jpg,256,256
JW_005096,Img 005701,jewellery,data/catalogue/JW_005702.jpg,https://huggingface.co/datasets/sidd707/jewelry-design-dataset/img_005701.jpg,256,256
JW_005097,Img 005702,jewellery,data/catalogue/JW_005703.jpg,https://huggingface.co/datasets/sidd707/jewelry-design-dataset/img_005702.jpg,256,256
JW_005098,Img 005704,jewellery,data/catalogue/JW_005705.jpg,https://huggingface.co/datasets/sidd707/jewelry-design-dataset/img_005704.jpg,256,256
JW_005099,Img 005705,jewellery,data/catalogue/JW_005706.jpg,https://huggingface.co/datasets/sidd707/jewelry-design-dataset/img_005705.jpg,256,256
JW_005100,Img 005706,jewellery,data/catalogue/JW_005707.jpg,https://huggingface.co/datasets/sidd707/jewelry-design-dataset/img_005706.jpg,256,256
JW_005101,Img 005707,jewellery,data/catalogue/JW_005708.jpg,https://huggingface.co/datasets/sidd707/jewelry-design-dataset/img_005707.jpg,256,256
JW_005102,Img 005708,jewellery,data/catalogue/JW_005709.jpg,https://huggingface.co/datasets/sidd707/jewelry-design-dataset/img_005708.jpg,256,256
JW_005103,Img 005709,jewellery,data/catalogue/JW_005710.jpg,https://huggingface.co/datasets/sidd707/jewelry-design-dataset/img_005709.jpg,256,256
JW_005104,Img 005711,jewellery,data/catalogue/JW_005712.jpg,https://huggingface.co/datasets/sidd707/jewelry-design-dataset/img_005711.jpg,256,256
JW_005105,Img 005712,jewellery,data/catalogue/JW_005713.jpg,https://huggingface.co/datasets/sidd707/jewelry-design-dataset/img_005712.jpg,256,256
JW_005106,Img 005713,jewellery,data/catalogue/JW_005714.jpg,https://huggingface.co/datasets/sidd707/jewelry-design-dataset/img_005713.jpg,256,256
JW_005107,Img 005714,jewellery,data/catalogue/JW_005715.jpg,https://huggingface.co/datasets/sidd707/jewelry-design-dataset/img_005714.jpg,256,256
JW_005108,Img 005715,jewellery,data/catalogue/JW_005716.jpg,https://huggingface.co/datasets/sidd707/jewelry-design-dataset/img_005715.jpg,256,256
JW_005109,Img 005716,jewellery,data/catalogue/JW_005717.jpg,https://huggingface.co/datasets/sidd707/jewelry-design-dataset/img_005716.jpg,256,256
JW_005110,Img 005717,jewellery,data/catalogue/JW_005718.jpg,https://huggingface.co/datasets/sidd707/jewelry-design-dataset/img_005717.jpg,256,256
JW_005111,Img 005718,jewellery,data/catalogue/JW_005719.jpg,https://huggingface.co/datasets/sidd707/jewelry-design-dataset/img_005718.jpg,256,256
JW_005112,Img 005719,jewellery,data/catalogue/JW_005720.jpg,https://huggingface.co/datasets/sidd707/jewelry-design-dataset/img_005719.jpg,256,256
JW_005113,Img 005720,jewellery,data/catalogue/JW_005721.jpg,https://huggingface.co/datasets/sidd707/jewelry-design-dataset/img_005720.jpg,256,256
JW_005114,Img 005721,jewellery,data/catalogue/JW_005722.jpg,https://huggingface.co/datasets/sidd707/jewelry-design-dataset/img_005721.jpg,256,256
JW_005115,Img 005722,jewellery,data/catalogue/JW_005723.jpg,https://huggingface.co/datasets/sidd707/jewelry-design-dataset/img_005722.jpg,256,256
JW_005116,Img 005723,jewellery,data/catalogue/JW_005724.jpg,https://huggingface.co/datasets/sidd707/jewelry-design-dataset/img_005723.jpg,256,256
JW_005117,Img 005724,jewellery,data/catalogue/JW_005725.jpg,https://huggingface.co/datasets/sidd707/jewelry-design-dataset/img_005724.jpg,256,256
JW_005118,Img 005725,jewellery,data/catalogue/JW_005726.jpg,https://huggingface.co/datasets/sidd707/jewelry-design-dataset/img_005725.jpg,256,256
JW_005119,Img 005726,jewellery,data/catalogue/JW_005727.jpg,https://huggingface.co/datasets/sidd707/jewelry-design-dataset/img_005726.jpg,256,256
JW_005120,Img 005727,jewellery,data/catalogue/JW_005728.jpg,https://huggingface.co/datasets/sidd707/jewelry-design-dataset/img_005727.jpg,256,256
JW_005121,Img 005728,jewellery,data/catalogue/JW_005729.jpg,https://huggingface.co/datasets/sidd707/jewelry-design-dataset/img_005728.jpg,256,256
JW_005122,Img 005729,jewellery,data/catalogue/JW_005730.jpg,https://huggingface.co/datasets/sidd707/jewelry-design-dataset/img_005729.jpg,256,256
JW_005123,Img 005730,jewellery,data/catalogue/JW_005731.jpg,https://huggingface.co/datasets/sidd707/jewelry-design-dataset/img_005730.jpg,256,256
JW_005124,Img 005732,jewellery,data/catalogue/JW_005733.jpg,https://huggingface.co/datasets/sidd707/jewelry-design-dataset/img_005732.jpg,256,256
JW_005125,Img 005733,jewellery,data/catalogue/JW_005734.jpg,https://huggingface.co/datasets/sidd707/jewelry-design-dataset/img_005733.jpg,256,256
JW_005126,Img 005734,jewellery,data/catalogue/JW_005735.jpg,https://huggingface.co/datasets/sidd707/jewelry-design-dataset/img_005734.jpg,256,256
JW_005127,Img 005735,jewellery,data/catalogue/JW_005736.jpg,https://huggingface.co/datasets/sidd707/jewelry-design-dataset/img_005735.jpg,256,256
JW_005128,Img 005736,jewellery,data/catalogue/JW_005737.jpg,https://huggingface.co/datasets/sidd707/jewelry-design-dataset/img_005736.jpg,256,256
JW_005129,Img 005737,jewellery,data/catalogue/JW_005738.jpg,https://huggingface.co/datasets/sidd707/jewelry-design-dataset/img_005737.jpg,256,256
JW_005130,Img 005738,jewellery,data/catalogue/JW_005739.jpg,https://huggingface.co/datasets/sidd707/jewelry-design-dataset/img_005738.jpg,256,256
JW_005131,Img 005739,jewellery,data/catalogue/JW_005740.jpg,https://huggingface.co/datasets/sidd707/jewelry-design-dataset/img_005739.jpg,256,256
JW_005132,Img 005740,jewellery,data/catalogue/JW_005741.jpg,https://huggingface.co/datasets/sidd707/jewelry-design-dataset/img_005740.jpg,256,256
JW_005133,Img 005741,jewellery,data/catalogue/JW_005742.jpg,https://huggingface.co/datasets/sidd707/jewelry-design-dataset/img_005741.jpg,256,256
JW_005134,Img 005742,jewellery,data/catalogue/JW_005743.jpg,https://huggingface.co/datasets/sidd707/jewelry-design-dataset/img_005742.jpg,256,256
JW_005135,Img 005744,jewellery,data/catalogue/JW_005745.jpg,https://huggingface.co/datasets/sidd707/jewelry-design-dataset/img_005744.jpg,256,256
JW_005136,Img 005745,jewellery,data/catalogue/JW_005746.jpg,https://huggingface.co/datasets/sidd707/jewelry-design-dataset/img_005745.jpg,256,256
JW_005137,Img 005746,jewellery,data/catalogue/JW_005747.jpg,https://huggingface.co/datasets/sidd707/jewelry-design-dataset/img_005746.jpg,256,256
JW_005138,Img 005747,jewellery,data/catalogue/JW_005748.jpg,https://huggingface.co/datasets/sidd707/jewelry-design-dataset/img_005747.jpg,256,256
JW_005139,Img 005748,jewellery,data/catalogue/JW_005749.jpg,https://huggingface.co/datasets/sidd707/jewelry-design-dataset/img_005748.jpg,256,256
JW_005140,Img 005749,jewellery,data/catalogue/JW_005750.jpg,https://huggingface.co/datasets/sidd707/jewelry-design-dataset/img_005749.jpg,256,256
JW_005141,Img 005750,jewellery,data/catalogue/JW_005751.jpg,https://huggingface.co/datasets/sidd707/jewelry-design-dataset/img_005750.jpg,256,256
JW_005142,Img 005751,jewellery,data/catalogue/JW_005752.jpg,https://huggingface.co/datasets/sidd707/jewelry-design-dataset/img_005751.jpg,256,256
JW_005143,Img 005753,jewellery,data/catalogue/JW_005754.jpg,https://huggingface.co/datasets/sidd707/jewelry-design-dataset/img_005753.jpg,256,256
JW_005144,Img 005754,jewellery,data/catalogue/JW_005755.jpg,https://huggingface.co/datasets/sidd707/jewelry-design-dataset/img_005754.jpg,256,256
JW_005145,Img 005755,jewellery,data/catalogue/JW_005756.jpg,https://huggingface.co/datasets/sidd707/jewelry-design-dataset/img_005755.jpg,256,256
JW_005146,Img 005756,jewellery,data/catalogue/JW_005757.jpg,https://huggingface.co/datasets/sidd707/jewelry-design-dataset/img_005756.jpg,256,256
JW_005147,Img 005757,jewellery,data/catalogue/JW_005758.jpg,https://huggingface.co/datasets/sidd707/jewelry-design-dataset/img_005757.jpg,256,256
JW_005148,Img 005759,jewellery,data/catalogue/JW_005760.jpg,https://huggingface.co/datasets/sidd707/jewelry-design-dataset/img_005759.jpg,256,256
JW_005149,Img 005760,jewellery,data/catalogue/JW_005761.jpg,https://huggingface.co/datasets/sidd707/jewelry-design-dataset/img_005760.jpg,256,256
JW_005150,Img 005761,jewellery,data/catalogue/JW_005762.jpg,https://huggingface.co/datasets/sidd707/jewelry-design-dataset/img_005761.jpg,256,256
JW_005151,Img 005762,jewellery,data/catalogue/JW_005763.jpg,https://huggingface.co/datasets/sidd707/jewelry-design-dataset/img_005762.jpg,256,256
JW_005152,Img 005763,jewellery,data/catalogue/JW_005764.jpg,https://huggingface.co/datasets/sidd707/jewelry-design-dataset/img_005763.jpg,256,256
JW_005153,Img 005764,jewellery,data/catalogue/JW_005765.jpg,https://huggingface.co/datasets/sidd707/jewelry-design-dataset/img_005764.jpg,256,256
JW_005154,Img 005766,jewellery,data/catalogue/JW_005767.jpg,https://huggingface.co/datasets/sidd707/jewelry-design-dataset/img_005766.jpg,256,256
JW_005155,Img 005767,jewellery,data/catalogue/JW_005768.jpg,https://huggingface.co/datasets/sidd707/jewelry-design-dataset/img_005767.jpg,256,256
JW_005156,Img 005769,jewellery,data/catalogue/JW_005770.jpg,https://huggingface.co/datasets/sidd707/jewelry-design-dataset/img_005769.jpg,256,256
JW_005157,Img 005770,jewellery,data/catalogue/JW_005771.jpg,https://huggingface.co/datasets/sidd707/jewelry-design-dataset/img_005770.jpg,256,256
JW_005158,Img 005771,jewellery,data/catalogue/JW_005772.jpg,https://huggingface.co/datasets/sidd707/jewelry-design-dataset/img_005771.jpg,256,256
JW_005159,Img 005772,jewellery,data/catalogue/JW_005773.jpg,https://huggingface.co/datasets/sidd707/jewelry-design-dataset/img_005772.jpg,256,256
JW_005160,Img 005774,jewellery,data/catalogue/JW_005775.jpg,https://huggingface.co/datasets/sidd707/jewelry-design-dataset/img_005774.jpg,256,256
JW_005161,Img 005775,jewellery,data/catalogue/JW_005776.jpg,https://huggingface.co/datasets/sidd707/jewelry-design-dataset/img_005775.jpg,256,256
JW_005162,Img 005776,jewellery,data/catalogue/JW_005777.jpg,https://huggingface.co/datasets/sidd707/jewelry-design-dataset/img_005776.jpg,256,256
JW_005163,Img 005777,jewellery,data/catalogue/JW_005778.jpg,https://huggingface.co/datasets/sidd707/jewelry-design-dataset/img_005777.jpg,256,256
JW_005164,Img 005778,jewellery,data/catalogue/JW_005779.jpg,https://huggingface.co/datasets/sidd707/jewelry-design-dataset/img_005778.jpg,256,256
JW_005165,Img 005780,jewellery,data/catalogue/JW_005781.jpg,https://huggingface.co/datasets/sidd707/jewelry-design-dataset/img_005780.jpg,256,256
JW_005166,Img 005781,jewellery,data/catalogue/JW_005782.jpg,https://huggingface.co/datasets/sidd707/jewelry-design-dataset/img_005781.jpg,256,256
JW_005167,Img 005782,jewellery,data/catalogue/JW_005783.jpg,https://huggingface.co/datasets/sidd707/jewelry-design-dataset/img_005782.jpg,256,256
JW_005168,Img 005783,jewellery,data/catalogue/JW_005784.jpg,https://huggingface.co/datasets/sidd707/jewelry-design-dataset/img_005783.jpg,256,256
JW_005169,Img 005784,jewellery,data/catalogue/JW_005785.jpg,https://huggingface.co/datasets/sidd707/jewelry-design-dataset/img_005784.jpg,256,256
JW_005170,Img 005785,jewellery,data/catalogue/JW_005786.jpg,https://huggingface.co/datasets/sidd707/jewelry-design-dataset/img_005785.jpg,256,256
JW_005171,Img 005786,jewellery,data/catalogue/JW_005787.jpg,https://huggingface.co/datasets/sidd707/jewelry-design-dataset/img_005786.jpg,256,256
JW_005172,Img 005787,jewellery,data/catalogue/JW_005788.jpg,https://huggingface.co/datasets/sidd707/jewelry-design-dataset/img_005787.jpg,256,256
JW_005173,Img 005788,jewellery,data/catalogue/JW_005789.jpg,https://huggingface.co/datasets/sidd707/jewelry-design-dataset/img_005788.jpg,256,256
JW_005174,Img 005789,jewellery,data/catalogue/JW_005790.jpg,https://huggingface.co/datasets/sidd707/jewelry-design-dataset/img_005789.jpg,256,256
JW_005175,Img 005790,jewellery,data/catalogue/JW_005791.jpg,https://huggingface.co/datasets/sidd707/jewelry-design-dataset/img_005790.jpg,256,256
JW_005176,Img 005791,jewellery,data/catalogue/JW_005792.jpg,https://huggingface.co/datasets/sidd707/jewelry-design-dataset/img_005791.jpg,256,256
JW_005177,Img 005792,jewellery,data/catalogue/JW_005793.jpg,https://huggingface.co/datasets/sidd707/jewelry-design-dataset/img_005792.jpg,256,256
JW_005178,Img 005793,jewellery,data/catalogue/JW_005794.jpg,https://huggingface.co/datasets/sidd707/jewelry-design-dataset/img_005793.jpg,256,256
JW_005179,Img 005794,jewellery,data/catalogue/JW_005795.jpg,https://huggingface.co/datasets/sidd707/jewelry-design-dataset/img_005794.jpg,256,256
JW_005180,Img 005795,jewellery,data/catalogue/JW_005796.jpg,https://huggingface.co/datasets/sidd707/jewelry-design-dataset/img_005795.jpg,256,256
JW_005181,Img 005796,jewellery,data/catalogue/JW_005797.jpg,https://huggingface.co/datasets/sidd707/jewelry-design-dataset/img_005796.jpg,256,256
JW_005182,Img 005797,jewellery,data/catalogue/JW_005798.jpg,https://huggingface.co/datasets/sidd707/jewelry-design-dataset/img_005797.jpg,256,256
JW_005183,Img 005798,jewellery,data/catalogue/JW_005799.jpg,https://huggingface.co/datasets/sidd707/jewelry-design-dataset/img_005798.jpg,256,256
JW_005184,Img 005799,jewellery,data/catalogue/JW_005800.jpg,https://huggingface.co/datasets/sidd707/jewelry-design-dataset/img_005799.jpg,256,256
JW_005185,Img 005800,jewellery,data/catalogue/JW_005801.jpg,https://huggingface.co/datasets/sidd707/jewelry-design-dataset/img_005800.jpg,256,256
JW_005186,Img 005801,jewellery,data/catalogue/JW_005802.jpg,https://huggingface.co/datasets/sidd707/jewelry-design-dataset/img_005801.jpg,256,256
JW_005187,Img 005802,jewellery,data/catalogue/JW_005803.jpg,https://huggingface.co/datasets/sidd707/jewelry-design-dataset/img_005802.jpg,256,256
JW_005188,Img 005803,jewellery,data/catalogue/JW_005804.jpg,https://huggingface.co/datasets/sidd707/jewelry-design-dataset/img_005803.jpg,256,256
JW_005189,Img 005804,jewellery,data/catalogue/JW_005805.jpg,https://huggingface.co/datasets/sidd707/jewelry-design-dataset/img_005804.jpg,256,256
JW_005190,Img 005805,jewellery,data/catalogue/JW_005806.jpg,https://huggingface.co/datasets/sidd707/jewelry-design-dataset/img_005805.jpg,256,256
JW_005191,Img 005806,jewellery,data/catalogue/JW_005807.jpg,https://huggingface.co/datasets/sidd707/jewelry-design-dataset/img_005806.jpg,256,256
JW_005192,Img 005807,jewellery,data/catalogue/JW_005808.jpg,https://huggingface.co/datasets/sidd707/jewelry-design-dataset/img_005807.jpg,256,256
JW_005193,Img 005808,jewellery,data/catalogue/JW_005809.jpg,https://huggingface.co/datasets/sidd707/jewelry-design-dataset/img_005808.jpg,256,256
JW_005194,Img 005810,jewellery,data/catalogue/JW_005811.jpg,https://huggingface.co/datasets/sidd707/jewelry-design-dataset/img_005810.jpg,256,256
JW_005195,Img 005811,jewellery,data/catalogue/JW_005812.jpg,https://huggingface.co/datasets/sidd707/jewelry-design-dataset/img_005811.jpg,256,256
JW_005196,Img 005812,jewellery,data/catalogue/JW_005813.jpg,https://huggingface.co/datasets/sidd707/jewelry-design-dataset/img_005812.jpg,256,256
JW_005197,Img 005813,jewellery,data/catalogue/JW_005814.jpg,https://huggingface.co/datasets/sidd707/jewelry-design-dataset/img_005813.jpg,256,256
JW_005198,Img 005814,jewellery,data/catalogue/JW_005815.jpg,https://huggingface.co/datasets/sidd707/jewelry-design-dataset/img_005814.jpg,256,256
JW_005199,Img 005815,jewellery,data/catalogue/JW_005816.jpg,https://huggingface.co/datasets/sidd707/jewelry-design-dataset/img_005815.jpg,256,256
JW_005200,Img 005816,jewellery,data/catalogue/JW_005817.jpg,https://huggingface.co/datasets/sidd707/jewelry-design-dataset/img_005816.jpg,256,256
JW_005201,Img 005817,jewellery,data/catalogue/JW_005818.jpg,https://huggingface.co/datasets/sidd707/jewelry-design-dataset/img_005817.jpg,256,256
JW_005202,Img 005819,jewellery,data/catalogue/JW_005820.jpg,https://huggingface.co/datasets/sidd707/jewelry-design-dataset/img_005819.jpg,256,256
JW_005203,Img 005820,jewellery,data/catalogue/JW_005821.jpg,https://huggingface.co/datasets/sidd707/jewelry-design-dataset/img_005820.jpg,256,256
JW_005204,Img 005821,jewellery,data/catalogue/JW_005822.jpg,https://huggingface.co/datasets/sidd707/jewelry-design-dataset/img_005821.jpg,256,256
JW_005205,Img 005823,jewellery,data/catalogue/JW_005824.jpg,https://huggingface.co/datasets/sidd707/jewelry-design-dataset/img_005823.jpg,256,256
JW_005206,Img 005824,jewellery,data/catalogue/JW_005825.jpg,https://huggingface.co/datasets/sidd707/jewelry-design-dataset/img_005824.jpg,256,256
JW_005207,Img 005826,jewellery,data/catalogue/JW_005827.jpg,https://huggingface.co/datasets/sidd707/jewelry-design-dataset/img_005826.jpg,256,256
JW_005208,Img 005827,jewellery,data/catalogue/JW_005828.jpg,https://huggingface.co/datasets/sidd707/jewelry-design-dataset/img_005827.jpg,256,256
JW_005209,Img 005828,jewellery,data/catalogue/JW_005829.jpg,https://huggingface.co/datasets/sidd707/jewelry-design-dataset/img_005828.jpg,256,256
JW_005210,Img 005829,jewellery,data/catalogue/JW_005830.jpg,https://huggingface.co/datasets/sidd707/jewelry-design-dataset/img_005829.jpg,256,256
JW_005211,Img 005830,jewellery,data/catalogue/JW_005831.jpg,https://huggingface.co/datasets/sidd707/jewelry-design-dataset/img_005830.jpg,256,256
JW_005212,Img 005831,jewellery,data/catalogue/JW_005832.jpg,https://huggingface.co/datasets/sidd707/jewelry-design-dataset/img_005831.jpg,256,256
JW_005213,Img 005832,jewellery,data/catalogue/JW_005833.jpg,https://huggingface.co/datasets/sidd707/jewelry-design-dataset/img_005832.jpg,256,256
JW_005214,Img 005833,jewellery,data/catalogue/JW_005834.jpg,https://huggingface.co/datasets/sidd707/jewelry-design-dataset/img_005833.jpg,256,256
JW_005215,Img 005834,jewellery,data/catalogue/JW_005835.jpg,https://huggingface.co/datasets/sidd707/jewelry-design-dataset/img_005834.jpg,256,256
JW_005216,Img 005835,jewellery,data/catalogue/JW_005836.jpg,https://huggingface.co/datasets/sidd707/jewelry-design-dataset/img_005835.jpg,256,256
JW_005217,Img 005836,jewellery,data/catalogue/JW_005837.jpg,https://huggingface.co/datasets/sidd707/jewelry-design-dataset/img_005836.jpg,256,256
JW_005218,Img 005837,jewellery,data/catalogue/JW_005838.jpg,https://huggingface.co/datasets/sidd707/jewelry-design-dataset/img_005837.jpg,256,256
JW_005219,Img 005839,jewellery,data/catalogue/JW_005840.jpg,https://huggingface.co/datasets/sidd707/jewelry-design-dataset/img_005839.jpg,256,256
JW_005220,Img 005840,jewellery,data/catalogue/JW_005841.jpg,https://huggingface.co/datasets/sidd707/jewelry-design-dataset/img_005840.jpg,256,256
JW_005221,Img 005841,jewellery,data/catalogue/JW_005842.jpg,https://huggingface.co/datasets/sidd707/jewelry-design-dataset/img_005841.jpg,256,256
JW_005222,Img 005842,jewellery,data/catalogue/JW_005843.jpg,https://huggingface.co/datasets/sidd707/jewelry-design-dataset/img_005842.jpg,256,256
JW_005223,Img 005843,jewellery,data/catalogue/JW_005844.jpg,https://huggingface.co/datasets/sidd707/jewelry-design-dataset/img_005843.jpg,256,256
JW_005224,Img 005844,jewellery,data/catalogue/JW_005845.jpg,https://huggingface.co/datasets/sidd707/jewelry-design-dataset/img_005844.jpg,256,256
JW_005225,Img 005845,jewellery,data/catalogue/JW_005846.jpg,https://huggingface.co/datasets/sidd707/jewelry-design-dataset/img_005845.jpg,256,256
JW_005226,Img 005846,jewellery,data/catalogue/JW_005847.jpg,https://huggingface.co/datasets/sidd707/jewelry-design-dataset/img_005846.jpg,256,256
JW_005227,Img 005847,jewellery,data/catalogue/JW_005848.jpg,https://huggingface.co/datasets/sidd707/jewelry-design-dataset/img_005847.jpg,256,256
JW_005228,Img 005848,jewellery,data/catalogue/JW_005849.jpg,https://huggingface.co/datasets/sidd707/jewelry-design-dataset/img_005848.jpg,256,256
JW_005229,Img 005849,jewellery,data/catalogue/JW_005850.jpg,https://huggingface.co/datasets/sidd707/jewelry-design-dataset/img_005849.jpg,256,256
JW_005230,Img 005850,jewellery,data/catalogue/JW_005851.jpg,https://huggingface.co/datasets/sidd707/jewelry-design-dataset/img_005850.jpg,256,256
JW_005231,Img 005851,jewellery,data/catalogue/JW_005852.jpg,https://huggingface.co/datasets/sidd707/jewelry-design-dataset/img_005851.jpg,256,256
JW_005232,Img 005852,jewellery,data/catalogue/JW_005853.jpg,https://huggingface.co/datasets/sidd707/jewelry-design-dataset/img_005852.jpg,256,256
JW_005233,Img 005853,jewellery,data/catalogue/JW_005854.jpg,https://huggingface.co/datasets/sidd707/jewelry-design-dataset/img_005853.jpg,256,256
JW_005234,Img 005854,jewellery,data/catalogue/JW_005855.jpg,https://huggingface.co/datasets/sidd707/jewelry-design-dataset/img_005854.jpg,256,256
JW_005235,Img 005855,jewellery,data/catalogue/JW_005856.jpg,https://huggingface.co/datasets/sidd707/jewelry-design-dataset/img_005855.jpg,256,256
JW_005236,Img 005856,jewellery,data/catalogue/JW_005857.jpg,https://huggingface.co/datasets/sidd707/jewelry-design-dataset/img_005856.jpg,256,256
JW_005237,Img 005857,jewellery,data/catalogue/JW_005858.jpg,https://huggingface.co/datasets/sidd707/jewelry-design-dataset/img_005857.jpg,256,256
JW_005238,Img 005858,jewellery,data/catalogue/JW_005859.jpg,https://huggingface.co/datasets/sidd707/jewelry-design-dataset/img_005858.jpg,256,256
JW_005239,Img 005859,jewellery,data/catalogue/JW_005860.jpg,https://huggingface.co/datasets/sidd707/jewelry-design-dataset/img_005859.jpg,256,256
JW_005240,Img 005860,jewellery,data/catalogue/JW_005861.jpg,https://huggingface.co/datasets/sidd707/jewelry-design-dataset/img_005860.jpg,256,256
JW_005241,Img 005861,jewellery,data/catalogue/JW_005862.jpg,https://huggingface.co/datasets/sidd707/jewelry-design-dataset/img_005861.jpg,256,256
JW_005242,Img 005863,jewellery,data/catalogue/JW_005864.jpg,https://huggingface.co/datasets/sidd707/jewelry-design-dataset/img_005863.jpg,256,256
JW_005243,Img 005864,jewellery,data/catalogue/JW_005865.jpg,https://huggingface.co/datasets/sidd707/jewelry-design-dataset/img_005864.jpg,256,256
JW_005244,Img 005865,jewellery,data/catalogue/JW_005866.jpg,https://huggingface.co/datasets/sidd707/jewelry-design-dataset/img_005865.jpg,256,256
JW_005245,Img 005866,jewellery,data/catalogue/JW_005867.jpg,https://huggingface.co/datasets/sidd707/jewelry-design-dataset/img_005866.jpg,256,256
JW_005246,Img 005868,jewellery,data/catalogue/JW_005869.jpg,https://huggingface.co/datasets/sidd707/jewelry-design-dataset/img_005868.jpg,256,256
JW_005247,Img 005869,jewellery,data/catalogue/JW_005870.jpg,https://huggingface.co/datasets/sidd707/jewelry-design-dataset/img_005869.jpg,256,256
JW_005248,Img 005870,jewellery,data/catalogue/JW_005871.jpg,https://huggingface.co/datasets/sidd707/jewelry-design-dataset/img_005870.jpg,256,256
JW_005249,Img 005871,jewellery,data/catalogue/JW_005872.jpg,https://huggingface.co/datasets/sidd707/jewelry-design-dataset/img_005871.jpg,256,256
JW_005250,Img 005873,jewellery,data/catalogue/JW_005874.jpg,https://huggingface.co/datasets/sidd707/jewelry-design-dataset/img_005873.jpg,256,256
JW_005251,Img 005875,jewellery,data/catalogue/JW_005876.jpg,https://huggingface.co/datasets/sidd707/jewelry-design-dataset/img_005875.jpg,256,256
JW_005252,Img 005876,jewellery,data/catalogue/JW_005877.jpg,https://huggingface.co/datasets/sidd707/jewelry-design-dataset/img_005876.jpg,256,256
JW_005253,Img 005877,jewellery,data/catalogue/JW_005878.jpg,https://huggingface.co/datasets/sidd707/jewelry-design-dataset/img_005877.jpg,256,256
JW_005254,Img 005878,jewellery,data/catalogue/JW_005879.jpg,https://huggingface.co/datasets/sidd707/jewelry-design-dataset/img_005878.jpg,256,256
JW_005255,Img 005879,jewellery,data/catalogue/JW_005880.jpg,https://huggingface.co/datasets/sidd707/jewelry-design-dataset/img_005879.jpg,256,256
JW_005256,Img 005880,jewellery,data/catalogue/JW_005881.jpg,https://huggingface.co/datasets/sidd707/jewelry-design-dataset/img_005880.jpg,256,256
JW_005257,Img 005881,jewellery,data/catalogue/JW_005882.jpg,https://huggingface.co/datasets/sidd707/jewelry-design-dataset/img_005881.jpg,256,256
JW_005258,Img 005882,jewellery,data/catalogue/JW_005883.jpg,https://huggingface.co/datasets/sidd707/jewelry-design-dataset/img_005882.jpg,256,256
JW_005259,Img 005883,jewellery,data/catalogue/JW_005884.jpg,https://huggingface.co/datasets/sidd707/jewelry-design-dataset/img_005883.jpg,256,256
JW_005260,Img 005884,jewellery,data/catalogue/JW_005885.jpg,https://huggingface.co/datasets/sidd707/jewelry-design-dataset/img_005884.jpg,256,256
JW_005261,Img 005885,jewellery,data/catalogue/JW_005886.jpg,https://huggingface.co/datasets/sidd707/jewelry-design-dataset/img_005885.jpg,256,256
JW_005262,Img 005886,jewellery,data/catalogue/JW_005887.jpg,https://huggingface.co/datasets/sidd707/jewelry-design-dataset/img_005886.jpg,256,256
JW_005263,Img 005887,jewellery,data/catalogue/JW_005888.jpg,https://huggingface.co/datasets/sidd707/jewelry-design-dataset/img_005887.jpg,256,256
JW_005264,Img 005888,jewellery,data/catalogue/JW_005889.jpg,https://huggingface.co/datasets/sidd707/jewelry-design-dataset/img_005888.jpg,256,256
JW_005265,Img 005889,jewellery,data/catalogue/JW_005890.jpg,https://huggingface.co/datasets/sidd707/jewelry-design-dataset/img_005889.jpg,256,256
JW_005266,Img 005890,jewellery,data/catalogue/JW_005891.jpg,https://huggingface.co/datasets/sidd707/jewelry-design-dataset/img_005890.jpg,256,256
JW_005267,Img 005891,jewellery,data/catalogue/JW_005892.jpg,https://huggingface.co/datasets/sidd707/jewelry-design-dataset/img_005891.jpg,256,256
JW_005268,Img 005892,jewellery,data/catalogue/JW_005893.jpg,https://huggingface.co/datasets/sidd707/jewelry-design-dataset/img_005892.jpg,256,256
JW_005269,Img 005893,jewellery,data/catalogue/JW_005894.jpg,https://huggingface.co/datasets/sidd707/jewelry-design-dataset/img_005893.jpg,256,256
JW_005270,Img 005894,jewellery,data/catalogue/JW_005895.jpg,https://huggingface.co/datasets/sidd707/jewelry-design-dataset/img_005894.jpg,256,256
JW_005271,Img 005895,jewellery,data/catalogue/JW_005896.jpg,https://huggingface.co/datasets/sidd707/jewelry-design-dataset/img_005895.jpg,256,256
JW_005272,Img 005896,jewellery,data/catalogue/JW_005897.jpg,https://huggingface.co/datasets/sidd707/jewelry-design-dataset/img_005896.jpg,256,256
JW_005273,Img 005897,jewellery,data/catalogue/JW_005898.jpg,https://huggingface.co/datasets/sidd707/jewelry-design-dataset/img_005897.jpg,256,256
JW_005274,Img 005898,jewellery,data/catalogue/JW_005899.jpg,https://huggingface.co/datasets/sidd707/jewelry-design-dataset/img_005898.jpg,256,256
JW_005275,Img 005899,jewellery,data/catalogue/JW_005900.jpg,https://huggingface.co/datasets/sidd707/jewelry-design-dataset/img_005899.jpg,256,256
JW_005276,Img 005900,jewellery,data/catalogue/JW_005901.jpg,https://huggingface.co/datasets/sidd707/jewelry-design-dataset/img_005900.jpg,256,256
JW_005277,Img 005901,jewellery,data/catalogue/JW_005902.jpg,https://huggingface.co/datasets/sidd707/jewelry-design-dataset/img_005901.jpg,256,256
JW_005278,Img 005902,jewellery,data/catalogue/JW_005903.jpg,https://huggingface.co/datasets/sidd707/jewelry-design-dataset/img_005902.jpg,256,256
JW_005279,Img 005903,jewellery,data/catalogue/JW_005904.jpg,https://huggingface.co/datasets/sidd707/jewelry-design-dataset/img_005903.jpg,256,256
JW_005280,Img 005904,jewellery,data/catalogue/JW_005905.jpg,https://huggingface.co/datasets/sidd707/jewelry-design-dataset/img_005904.jpg,256,256
JW_005281,Img 005905,jewellery,data/catalogue/JW_005906.jpg,https://huggingface.co/datasets/sidd707/jewelry-design-dataset/img_005905.jpg,256,256
JW_005282,Img 005906,jewellery,data/catalogue/JW_005907.jpg,https://huggingface.co/datasets/sidd707/jewelry-design-dataset/img_005906.jpg,256,256
JW_005283,Img 005907,jewellery,data/catalogue/JW_005908.jpg,https://huggingface.co/datasets/sidd707/jewelry-design-dataset/img_005907.jpg,256,256
JW_005284,Img 005908,jewellery,data/catalogue/JW_005909.jpg,https://huggingface.co/datasets/sidd707/jewelry-design-dataset/img_005908.jpg,256,256
JW_005285,Img 005909,jewellery,data/catalogue/JW_005910.jpg,https://huggingface.co/datasets/sidd707/jewelry-design-dataset/img_005909.jpg,256,256
JW_005286,Img 005910,jewellery,data/catalogue/JW_005911.jpg,https://huggingface.co/datasets/sidd707/jewelry-design-dataset/img_005910.jpg,256,256
JW_005287,Img 005911,jewellery,data/catalogue/JW_005912.jpg,https://huggingface.co/datasets/sidd707/jewelry-design-dataset/img_005911.jpg,256,256
JW_005288,Img 005913,jewellery,data/catalogue/JW_005914.jpg,https://huggingface.co/datasets/sidd707/jewelry-design-dataset/img_005913.jpg,256,256
JW_005289,Img 005914,jewellery,data/catalogue/JW_005915.jpg,https://huggingface.co/datasets/sidd707/jewelry-design-dataset/img_005914.jpg,256,256
JW_005290,Img 005915,jewellery,data/catalogue/JW_005916.jpg,https://huggingface.co/datasets/sidd707/jewelry-design-dataset/img_005915.jpg,256,256
JW_005291,Img 005916,jewellery,data/catalogue/JW_005917.jpg,https://huggingface.co/datasets/sidd707/jewelry-design-dataset/img_005916.jpg,256,256
JW_005292,Img 005917,jewellery,data/catalogue/JW_005918.jpg,https://huggingface.co/datasets/sidd707/jewelry-design-dataset/img_005917.jpg,256,256
JW_005293,Img 005918,jewellery,data/catalogue/JW_005919.jpg,https://huggingface.co/datasets/sidd707/jewelry-design-dataset/img_005918.jpg,256,256
JW_005294,Img 005919,jewellery,data/catalogue/JW_005920.jpg,https://huggingface.co/datasets/sidd707/jewelry-design-dataset/img_005919.jpg,256,256
JW_005295,Img 005920,jewellery,data/catalogue/JW_005921.jpg,https://huggingface.co/datasets/sidd707/jewelry-design-dataset/img_005920.jpg,256,256
JW_005296,Img 005921,jewellery,data/catalogue/JW_005922.jpg,https://huggingface.co/datasets/sidd707/jewelry-design-dataset/img_005921.jpg,256,256
JW_005297,Img 005922,jewellery,data/catalogue/JW_005923.jpg,https://huggingface.co/datasets/sidd707/jewelry-design-dataset/img_005922.jpg,256,256
JW_005298,Img 005923,jewellery,data/catalogue/JW_005924.jpg,https://huggingface.co/datasets/sidd707/jewelry-design-dataset/img_005923.jpg,256,256
JW_005299,Img 005924,jewellery,data/catalogue/JW_005925.jpg,https://huggingface.co/datasets/sidd707/jewelry-design-dataset/img_005924.jpg,300,225
JW_005300,Img 005925,jewellery,data/catalogue/JW_005926.jpg,https://huggingface.co/datasets/sidd707/jewelry-design-dataset/img_005925.jpg,670,670
JW_005301,Img 005926,jewellery,data/catalogue/JW_005927.jpg,https://huggingface.co/datasets/sidd707/jewelry-design-dataset/img_005926.jpg,500,500
JW_005302,Img 005927,jewellery,data/catalogue/JW_005928.jpg,https://huggingface.co/datasets/sidd707/jewelry-design-dataset/img_005927.jpg,1001,1001
JW_005303,Img 005928,jewellery,data/catalogue/JW_005929.jpg,https://huggingface.co/datasets/sidd707/jewelry-design-dataset/img_005928.jpg,200,186
JW_005304,Img 005929,jewellery,data/catalogue/JW_005930.jpg,https://huggingface.co/datasets/sidd707/jewelry-design-dataset/img_005929.jpg,1024,1024
JW_005305,Img 005930,jewellery,data/catalogue/JW_005931.jpg,https://huggingface.co/datasets/sidd707/jewelry-design-dataset/img_005930.jpg,800,600
JW_005306,Img 005931,jewellery,data/catalogue/JW_005932.jpg,https://huggingface.co/datasets/sidd707/jewelry-design-dataset/img_005931.jpg,800,600
JW_005307,Img 005932,jewellery,data/catalogue/JW_005933.jpg,https://huggingface.co/datasets/sidd707/jewelry-design-dataset/img_005932.jpg,800,600
JW_005308,Img 005933,jewellery,data/catalogue/JW_005934.jpg,https://huggingface.co/datasets/sidd707/jewelry-design-dataset/img_005933.jpg,880,880
JW_005309,Img 005934,jewellery,data/catalogue/JW_005935.jpg,https://huggingface.co/datasets/sidd707/jewelry-design-dataset/img_005934.jpg,300,168
JW_005310,Img 005935,jewellery,data/catalogue/JW_005936.jpg,https://huggingface.co/datasets/sidd707/jewelry-design-dataset/img_005935.jpg,533,518
JW_005311,Img 005936,jewellery,data/catalogue/JW_005937.jpg,https://huggingface.co/datasets/sidd707/jewelry-design-dataset/img_005936.jpg,667,500
JW_005312,Img 005937,jewellery,data/catalogue/JW_005938.jpg,https://huggingface.co/datasets/sidd707/jewelry-design-dataset/img_005937.jpg,242,209
JW_005313,Img 005938,jewellery,data/catalogue/JW_005939.jpg,https://huggingface.co/datasets/sidd707/jewelry-design-dataset/img_005938.jpg,225,225
JW_005314,Img 005939,jewellery,data/catalogue/JW_005940.jpg,https://huggingface.co/datasets/sidd707/jewelry-design-dataset/img_005939.jpg,225,225
JW_005315,Img 005940,jewellery,data/catalogue/JW_005941.jpg,https://huggingface.co/datasets/sidd707/jewelry-design-dataset/img_005940.jpg,225,225
JW_005316,Img 005941,jewellery,data/catalogue/JW_005942.jpg,https://huggingface.co/datasets/sidd707/jewelry-design-dataset/img_005941.jpg,225,225
JW_005317,Img 005942,jewellery,data/catalogue/JW_005943.jpg,https://huggingface.co/datasets/sidd707/jewelry-design-dataset/img_005942.jpg,225,225
JW_005318,Img 005943,jewellery,data/catalogue/JW_005944.jpg,https://huggingface.co/datasets/sidd707/jewelry-design-dataset/img_005943.jpg,274,184
JW_005319,Img 005944,jewellery,data/catalogue/JW_005945.jpg,https://huggingface.co/datasets/sidd707/jewelry-design-dataset/img_005944.jpg,225,225
JW_005320,Img 005945,jewellery,data/catalogue/JW_005946.jpg,https://huggingface.co/datasets/sidd707/jewelry-design-dataset/img_005945.jpg,225,225
JW_005321,Img 005946,jewellery,data/catalogue/JW_005947.jpg,https://huggingface.co/datasets/sidd707/jewelry-design-dataset/img_005946.jpg,198,255
JW_005322,Img 005947,jewellery,data/catalogue/JW_005948.jpg,https://huggingface.co/datasets/sidd707/jewelry-design-dataset/img_005947.jpg,249,203
JW_005323,Img 005948,jewellery,data/catalogue/JW_005949.jpg,https://huggingface.co/datasets/sidd707/jewelry-design-dataset/img_005948.jpg,252,200
JW_005324,Img 005949,jewellery,data/catalogue/JW_005950.jpg,https://huggingface.co/datasets/sidd707/jewelry-design-dataset/img_005949.jpg,242,209
JW_005325,Img 005950,jewellery,data/catalogue/JW_005951.jpg,https://huggingface.co/datasets/sidd707/jewelry-design-dataset/img_005950.jpg,246,205
JW_005326,Img 005951,jewellery,data/catalogue/JW_005952.jpg,https://huggingface.co/datasets/sidd707/jewelry-design-dataset/img_005951.jpg,225,225
JW_005327,Img 005952,jewellery,data/catalogue/JW_005953.jpg,https://huggingface.co/datasets/sidd707/jewelry-design-dataset/img_005952.jpg,257,196
JW_005328,Img 005953,jewellery,data/catalogue/JW_005954.jpg,https://huggingface.co/datasets/sidd707/jewelry-design-dataset/img_005953.jpg,246,205
JW_005329,Img 005954,jewellery,data/catalogue/JW_005955.jpg,https://huggingface.co/datasets/sidd707/jewelry-design-dataset/img_005954.jpg,225,225
JW_005330,Img 005955,jewellery,data/catalogue/JW_005956.jpg,https://huggingface.co/datasets/sidd707/jewelry-design-dataset/img_005955.jpg,246,205
JW_005331,Img 005956,jewellery,data/catalogue/JW_005957.jpg,https://huggingface.co/datasets/sidd707/jewelry-design-dataset/img_005956.jpg,225,225
JW_005332,Img 005957,jewellery,data/catalogue/JW_005958.jpg,https://huggingface.co/datasets/sidd707/jewelry-design-dataset/img_005957.jpg,240,210
JW_005333,Img 005958,jewellery,data/catalogue/JW_005959.jpg,https://huggingface.co/datasets/sidd707/jewelry-design-dataset/img_005958.jpg,225,224
JW_005334,Img 005959,jewellery,data/catalogue/JW_005960.jpg,https://huggingface.co/datasets/sidd707/jewelry-design-dataset/img_005959.jpg,225,225
JW_005335,Img 005960,jewellery,data/catalogue/JW_005961.jpg,https://huggingface.co/datasets/sidd707/jewelry-design-dataset/img_005960.jpg,241,209
JW_005336,Img 005961,jewellery,data/catalogue/JW_005962.jpg,https://huggingface.co/datasets/sidd707/jewelry-design-dataset/img_005961.jpg,203,249
JW_005337,Img 005962,jewellery,data/catalogue/JW_005963.jpg,https://huggingface.co/datasets/sidd707/jewelry-design-dataset/img_005962.jpg,196,196
JW_005338,Img 005963,jewellery,data/catalogue/JW_005964.jpg,https://huggingface.co/datasets/sidd707/jewelry-design-dataset/img_005963.jpg,252,200
JW_005339,Img 005964,jewellery,data/catalogue/JW_005965.jpg,https://huggingface.co/datasets/sidd707/jewelry-design-dataset/img_005964.jpg,252,200
JW_005340,Img 005965,jewellery,data/catalogue/JW_005966.jpg,https://huggingface.co/datasets/sidd707/jewelry-design-dataset/img_005965.jpg,224,225
JW_005341,Img 005966,jewellery,data/catalogue/JW_005967.jpg,https://huggingface.co/datasets/sidd707/jewelry-design-dataset/img_005966.jpg,246,205
JW_005342,Img 005967,jewellery,data/catalogue/JW_005968.jpg,https://huggingface.co/datasets/sidd707/jewelry-design-dataset/img_005967.jpg,225,225
JW_005343,Img 005968,jewellery,data/catalogue/JW_005969.jpg,https://huggingface.co/datasets/sidd707/jewelry-design-dataset/img_005968.jpg,225,225
JW_005344,Img 005969,jewellery,data/catalogue/JW_005970.jpg,https://huggingface.co/datasets/sidd707/jewelry-design-dataset/img_005969.jpg,225,225
JW_005345,Img 005970,jewellery,data/catalogue/JW_005971.jpg,https://huggingface.co/datasets/sidd707/jewelry-design-dataset/img_005970.jpg,263,192
JW_005346,Img 005971,jewellery,data/catalogue/JW_005972.jpg,https://huggingface.co/datasets/sidd707/jewelry-design-dataset/img_005971.jpg,240,160
JW_005347,Img 005972,jewellery,data/catalogue/JW_005973.jpg,https://huggingface.co/datasets/sidd707/jewelry-design-dataset/img_005972.jpg,246,205
JW_005348,Img 005973,jewellery,data/catalogue/JW_005974.jpg,https://huggingface.co/datasets/sidd707/jewelry-design-dataset/img_005973.jpg,225,225
JW_005349,Img 005974,jewellery,data/catalogue/JW_005975.jpg,https://huggingface.co/datasets/sidd707/jewelry-design-dataset/img_005974.jpg,225,225
JW_005350,Img 005975,jewellery,data/catalogue/JW_005976.jpg,https://huggingface.co/datasets/sidd707/jewelry-design-dataset/img_005975.jpg,225,225
JW_005351,Img 005976,jewellery,data/catalogue/JW_005977.jpg,https://huggingface.co/datasets/sidd707/jewelry-design-dataset/img_005976.jpg,275,183
JW_005352,Img 005977,jewellery,data/catalogue/JW_005978.jpg,https://huggingface.co/datasets/sidd707/jewelry-design-dataset/img_005977.jpg,225,225
JW_005353,Img 005978,jewellery,data/catalogue/JW_005979.jpg,https://huggingface.co/datasets/sidd707/jewelry-design-dataset/img_005978.jpg,225,225
JW_005354,Img 005979,jewellery,data/catalogue/JW_005980.jpg,https://huggingface.co/datasets/sidd707/jewelry-design-dataset/img_005979.jpg,225,225
JW_005355,Img 005980,jewellery,data/catalogue/JW_005981.jpg,https://huggingface.co/datasets/sidd707/jewelry-design-dataset/img_005980.jpg,213,237
JW_005356,Img 005981,jewellery,data/catalogue/JW_005982.jpg,https://huggingface.co/datasets/sidd707/jewelry-design-dataset/img_005981.jpg,224,224
JW_005357,Img 005982,jewellery,data/catalogue/JW_005983.jpg,https://huggingface.co/datasets/sidd707/jewelry-design-dataset/img_005982.jpg,225,225
JW_005358,Img 005983,jewellery,data/catalogue/JW_005984.jpg,https://huggingface.co/datasets/sidd707/jewelry-design-dataset/img_005983.jpg,252,200
JW_005359,Img 005984,jewellery,data/catalogue/JW_005985.jpg,https://huggingface.co/datasets/sidd707/jewelry-design-dataset/img_005984.jpg,189,267
JW_005360,Img 005985,jewellery,data/catalogue/JW_005986.jpg,https://huggingface.co/datasets/sidd707/jewelry-design-dataset/img_005985.jpg,245,205
JW_005361,Img 005987,jewellery,data/catalogue/JW_005988.jpg,https://huggingface.co/datasets/sidd707/jewelry-design-dataset/img_005987.jpg,259,194
JW_005362,Img 005988,jewellery,data/catalogue/JW_005989.jpg,https://huggingface.co/datasets/sidd707/jewelry-design-dataset/img_005988.jpg,225,225
JW_005363,Img 005989,jewellery,data/catalogue/JW_005990.jpg,https://huggingface.co/datasets/sidd707/jewelry-design-dataset/img_005989.jpg,246,205
JW_005364,Img 005990,jewellery,data/catalogue/JW_005991.jpg,https://huggingface.co/datasets/sidd707/jewelry-design-dataset/img_005990.jpg,225,225
JW_005365,Img 005991,jewellery,data/catalogue/JW_005992.jpg,https://huggingface.co/datasets/sidd707/jewelry-design-dataset/img_005991.jpg,225,225
JW_005366,Img 005992,jewellery,data/catalogue/JW_005993.jpg,https://huggingface.co/datasets/sidd707/jewelry-design-dataset/img_005992.jpg,224,225
JW_005367,Img 005993,jewellery,data/catalogue/JW_005994.jpg,https://huggingface.co/datasets/sidd707/jewelry-design-dataset/img_005993.jpg,225,225
JW_005368,Img 005994,jewellery,data/catalogue/JW_005995.jpg,https://huggingface.co/datasets/sidd707/jewelry-design-dataset/img_005994.jpg,225,225
JW_005369,Img 005995,jewellery,data/catalogue/JW_005996.jpg,https://huggingface.co/datasets/sidd707/jewelry-design-dataset/img_005995.jpg,189,267
JW_005370,Img 005996,jewellery,data/catalogue/JW_005997.jpg,https://huggingface.co/datasets/sidd707/jewelry-design-dataset/img_005996.jpg,189,267
JW_005371,Img 005997,jewellery,data/catalogue/JW_005998.jpg,https://huggingface.co/datasets/sidd707/jewelry-design-dataset/img_005997.jpg,90,90
JW_005372,Img 005998,jewellery,data/catalogue/JW_005999.jpg,https://huggingface.co/datasets/sidd707/jewelry-design-dataset/img_005998.jpg,262,262
JW_005373,Img 005999,jewellery,data/catalogue/JW_006000.jpg,https://huggingface.co/datasets/sidd707/jewelry-design-dataset/img_005999.jpg,262,262
JW_005374,Img 006000,jewellery,data/catalogue/JW_006001.jpg,https://huggingface.co/datasets/sidd707/jewelry-design-dataset/img_006000.jpg,262,262
JW_005375,Img 006001,jewellery,data/catalogue/JW_006002.jpg,https://huggingface.co/datasets/sidd707/jewelry-design-dataset/img_006001.jpg,262,262
JW_005376,Img 006002,jewellery,data/catalogue/JW_006003.jpg,https://huggingface.co/datasets/sidd707/jewelry-design-dataset/img_006002.jpg,262,262
JW_005377,Img 006003,jewellery,data/catalogue/JW_006004.jpg,https://huggingface.co/datasets/sidd707/jewelry-design-dataset/img_006003.jpg,262,262
JW_005378,Img 006004,jewellery,data/catalogue/JW_006005.jpg,https://huggingface.co/datasets/sidd707/jewelry-design-dataset/img_006004.jpg,262,262
JW_005379,Img 006005,jewellery,data/catalogue/JW_006006.jpg,https://huggingface.co/datasets/sidd707/jewelry-design-dataset/img_006005.jpg,262,262
JW_005380,Img 006006,jewellery,data/catalogue/JW_006007.jpg,https://huggingface.co/datasets/sidd707/jewelry-design-dataset/img_006006.jpg,262,262
JW_005381,Img 006007,jewellery,data/catalogue/JW_006008.jpg,https://huggingface.co/datasets/sidd707/jewelry-design-dataset/img_006007.jpg,262,262
JW_005382,Img 006008,jewellery,data/catalogue/JW_006009.jpg,https://huggingface.co/datasets/sidd707/jewelry-design-dataset/img_006008.jpg,262,262
JW_005383,Img 006009,jewellery,data/catalogue/JW_006010.jpg,https://huggingface.co/datasets/sidd707/jewelry-design-dataset/img_006009.jpg,262,262
JW_005384,Img 006010,jewellery,data/catalogue/JW_006011.jpg,https://huggingface.co/datasets/sidd707/jewelry-design-dataset/img_006010.jpg,262,262
JW_005385,Img 006011,jewellery,data/catalogue/JW_006012.jpg,https://huggingface.co/datasets/sidd707/jewelry-design-dataset/img_006011.jpg,262,262
JW_005386,Img 006012,jewellery,data/catalogue/JW_006013.jpg,https://huggingface.co/datasets/sidd707/jewelry-design-dataset/img_006012.jpg,262,262
JW_005387,Img 006013,jewellery,data/catalogue/JW_006014.jpg,https://huggingface.co/datasets/sidd707/jewelry-design-dataset/img_006013.jpg,262,262
JW_005388,Img 006014,jewellery,data/catalogue/JW_006015.jpg,https://huggingface.co/datasets/sidd707/jewelry-design-dataset/img_006014.jpg,262,262
JW_005389,Img 006015,jewellery,data/catalogue/JW_006016.jpg,https://huggingface.co/datasets/sidd707/jewelry-design-dataset/img_006015.jpg,262,262
JW_005390,Img 006016,jewellery,data/catalogue/JW_006017.jpg,https://huggingface.co/datasets/sidd707/jewelry-design-dataset/img_006016.jpg,262,262
JW_005391,Img 006017,jewellery,data/catalogue/JW_006018.jpg,https://huggingface.co/datasets/sidd707/jewelry-design-dataset/img_006017.jpg,262,262
JW_005392,Img 006018,jewellery,data/catalogue/JW_006019.jpg,https://huggingface.co/datasets/sidd707/jewelry-design-dataset/img_006018.jpg,262,262
JW_005393,Img 006019,jewellery,data/catalogue/JW_006020.jpg,https://huggingface.co/datasets/sidd707/jewelry-design-dataset/img_006019.jpg,262,262
JW_005394,Img 006020,jewellery,data/catalogue/JW_006021.jpg,https://huggingface.co/datasets/sidd707/jewelry-design-dataset/img_006020.jpg,262,262
JW_005395,Img 006021,jewellery,data/catalogue/JW_006022.jpg,https://huggingface.co/datasets/sidd707/jewelry-design-dataset/img_006021.jpg,262,262
JW_005396,Img 006022,jewellery,data/catalogue/JW_006023.jpg,https://huggingface.co/datasets/sidd707/jewelry-design-dataset/img_006022.jpg,262,262
JW_005397,Img 006023,jewellery,data/catalogue/JW_006024.jpg,https://huggingface.co/datasets/sidd707/jewelry-design-dataset/img_006023.jpg,262,262
JW_005398,Img 006024,jewellery,data/catalogue/JW_006025.jpg,https://huggingface.co/datasets/sidd707/jewelry-design-dataset/img_006024.jpg,262,262
JW_005399,Img 006025,jewellery,data/catalogue/JW_006026.jpg,https://huggingface.co/datasets/sidd707/jewelry-design-dataset/img_006025.jpg,262,262
JW_005400,Img 006026,jewellery,data/catalogue/JW_006027.jpg,https://huggingface.co/datasets/sidd707/jewelry-design-dataset/img_006026.jpg,262,262
JW_005401,Img 006027,jewellery,data/catalogue/JW_006028.jpg,https://huggingface.co/datasets/sidd707/jewelry-design-dataset/img_006027.jpg,262,262
JW_005402,Img 006028,jewellery,data/catalogue/JW_006029.jpg,https://huggingface.co/datasets/sidd707/jewelry-design-dataset/img_006028.jpg,262,262
JW_005403,Img 006029,jewellery,data/catalogue/JW_006030.jpg,https://huggingface.co/datasets/sidd707/jewelry-design-dataset/img_006029.jpg,262,262
JW_005404,Img 006030,jewellery,data/catalogue/JW_006031.jpg,https://huggingface.co/datasets/sidd707/jewelry-design-dataset/img_006030.jpg,262,262
JW_005405,Img 006031,jewellery,data/catalogue/JW_006032.jpg,https://huggingface.co/datasets/sidd707/jewelry-design-dataset/img_006031.jpg,262,262
JW_005406,Img 006032,jewellery,data/catalogue/JW_006033.jpg,https://huggingface.co/datasets/sidd707/jewelry-design-dataset/img_006032.jpg,262,262
JW_005407,Img 006033,jewellery,data/catalogue/JW_006034.jpg,https://huggingface.co/datasets/sidd707/jewelry-design-dataset/img_006033.jpg,262,262
JW_005408,Img 006034,jewellery,data/catalogue/JW_006035.jpg,https://huggingface.co/datasets/sidd707/jewelry-design-dataset/img_006034.jpg,262,262
JW_005409,Img 006035,jewellery,data/catalogue/JW_006036.jpg,https://huggingface.co/datasets/sidd707/jewelry-design-dataset/img_006035.jpg,262,262
JW_005410,Img 006036,jewellery,data/catalogue/JW_006037.jpg,https://huggingface.co/datasets/sidd707/jewelry-design-dataset/img_006036.jpg,262,262
JW_005411,Img 006037,jewellery,data/catalogue/JW_006038.jpg,https://huggingface.co/datasets/sidd707/jewelry-design-dataset/img_006037.jpg,262,262
JW_005412,Img 006038,jewellery,data/catalogue/JW_006039.jpg,https://huggingface.co/datasets/sidd707/jewelry-design-dataset/img_006038.jpg,262,262
JW_005413,Img 006039,jewellery,data/catalogue/JW_006040.jpg,https://huggingface.co/datasets/sidd707/jewelry-design-dataset/img_006039.jpg,262,262
JW_005414,Img 006040,jewellery,data/catalogue/JW_006041.jpg,https://huggingface.co/datasets/sidd707/jewelry-design-dataset/img_006040.jpg,262,262
JW_005415,Img 006041,jewellery,data/catalogue/JW_006042.jpg,https://huggingface.co/datasets/sidd707/jewelry-design-dataset/img_006041.jpg,262,262
JW_005416,Img 006042,jewellery,data/catalogue/JW_006043.jpg,https://huggingface.co/datasets/sidd707/jewelry-design-dataset/img_006042.jpg,262,262
JW_005417,Img 006043,jewellery,data/catalogue/JW_006044.jpg,https://huggingface.co/datasets/sidd707/jewelry-design-dataset/img_006043.jpg,262,262
JW_005418,Img 006044,jewellery,data/catalogue/JW_006045.jpg,https://huggingface.co/datasets/sidd707/jewelry-design-dataset/img_006044.jpg,262,262
JW_005419,Img 006045,jewellery,data/catalogue/JW_006046.jpg,https://huggingface.co/datasets/sidd707/jewelry-design-dataset/img_006045.jpg,262,262
JW_005420,Img 006046,jewellery,data/catalogue/JW_006047.jpg,https://huggingface.co/datasets/sidd707/jewelry-design-dataset/img_006046.jpg,262,262
JW_005421,Img 006047,jewellery,data/catalogue/JW_006048.jpg,https://huggingface.co/datasets/sidd707/jewelry-design-dataset/img_006047.jpg,262,262
JW_005422,Img 006048,jewellery,data/catalogue/JW_006049.jpg,https://huggingface.co/datasets/sidd707/jewelry-design-dataset/img_006048.jpg,262,262
JW_005423,Img 006049,jewellery,data/catalogue/JW_006050.jpg,https://huggingface.co/datasets/sidd707/jewelry-design-dataset/img_006049.jpg,262,262
JW_005424,Img 006050,jewellery,data/catalogue/JW_006051.jpg,https://huggingface.co/datasets/sidd707/jewelry-design-dataset/img_006050.jpg,262,262
JW_005425,Img 006051,jewellery,data/catalogue/JW_006052.jpg,https://huggingface.co/datasets/sidd707/jewelry-design-dataset/img_006051.jpg,262,262
JW_005426,Img 006052,jewellery,data/catalogue/JW_006053.jpg,https://huggingface.co/datasets/sidd707/jewelry-design-dataset/img_006052.jpg,262,262
JW_005427,Img 006053,jewellery,data/catalogue/JW_006054.jpg,https://huggingface.co/datasets/sidd707/jewelry-design-dataset/img_006053.jpg,262,262
JW_005428,Img 006054,jewellery,data/catalogue/JW_006055.jpg,https://huggingface.co/datasets/sidd707/jewelry-design-dataset/img_006054.jpg,262,262
JW_005429,Img 006055,jewellery,data/catalogue/JW_006056.jpg,https://huggingface.co/datasets/sidd707/jewelry-design-dataset/img_006055.jpg,262,262
JW_005430,Img 006056,jewellery,data/catalogue/JW_006057.jpg,https://huggingface.co/datasets/sidd707/jewelry-design-dataset/img_006056.jpg,262,262
JW_005431,Img 006057,jewellery,data/catalogue/JW_006058.jpg,https://huggingface.co/datasets/sidd707/jewelry-design-dataset/img_006057.jpg,262,262
JW_005432,Img 006058,jewellery,data/catalogue/JW_006059.jpg,https://huggingface.co/datasets/sidd707/jewelry-design-dataset/img_006058.jpg,262,262
JW_005433,Img 006059,jewellery,data/catalogue/JW_006060.jpg,https://huggingface.co/datasets/sidd707/jewelry-design-dataset/img_006059.jpg,262,262
JW_005434,Img 006060,jewellery,data/catalogue/JW_006061.jpg,https://huggingface.co/datasets/sidd707/jewelry-design-dataset/img_006060.jpg,262,262
JW_005435,Img 006061,jewellery,data/catalogue/JW_006062.jpg,https://huggingface.co/datasets/sidd707/jewelry-design-dataset/img_006061.jpg,262,262
JW_005436,Img 006062,jewellery,data/catalogue/JW_006063.jpg,https://huggingface.co/datasets/sidd707/jewelry-design-dataset/img_006062.jpg,262,262
JW_005437,Img 006063,jewellery,data/catalogue/JW_006064.jpg,https://huggingface.co/datasets/sidd707/jewelry-design-dataset/img_006063.jpg,262,262
JW_005438,Img 006064,jewellery,data/catalogue/JW_006065.jpg,https://huggingface.co/datasets/sidd707/jewelry-design-dataset/img_006064.jpg,262,262
JW_005439,Img 006065,jewellery,data/catalogue/JW_006066.jpg,https://huggingface.co/datasets/sidd707/jewelry-design-dataset/img_006065.jpg,262,262
JW_005440,Img 006066,jewellery,data/catalogue/JW_006067.jpg,https://huggingface.co/datasets/sidd707/jewelry-design-dataset/img_006066.jpg,262,262
JW_005441,Img 006067,jewellery,data/catalogue/JW_006068.jpg,https://huggingface.co/datasets/sidd707/jewelry-design-dataset/img_006067.jpg,262,262
JW_005442,Img 006068,jewellery,data/catalogue/JW_006069.jpg,https://huggingface.co/datasets/sidd707/jewelry-design-dataset/img_006068.jpg,262,262
JW_005443,Img 006069,jewellery,data/catalogue/JW_006070.jpg,https://huggingface.co/datasets/sidd707/jewelry-design-dataset/img_006069.jpg,262,262
JW_005444,Img 006070,jewellery,data/catalogue/JW_006071.jpg,https://huggingface.co/datasets/sidd707/jewelry-design-dataset/img_006070.jpg,262,262
JW_005445,Img 006071,jewellery,data/catalogue/JW_006072.jpg,https://huggingface.co/datasets/sidd707/jewelry-design-dataset/img_006071.jpg,262,262
JW_005446,Img 006072,jewellery,data/catalogue/JW_006073.jpg,https://huggingface.co/datasets/sidd707/jewelry-design-dataset/img_006072.jpg,262,262
JW_005447,Img 006073,jewellery,data/catalogue/JW_006074.jpg,https://huggingface.co/datasets/sidd707/jewelry-design-dataset/img_006073.jpg,262,262
JW_005448,Img 006074,jewellery,data/catalogue/JW_006075.jpg,https://huggingface.co/datasets/sidd707/jewelry-design-dataset/img_006074.jpg,262,262
JW_005449,Img 006075,jewellery,data/catalogue/JW_006076.jpg,https://huggingface.co/datasets/sidd707/jewelry-design-dataset/img_006075.jpg,262,262
JW_005450,Img 006076,jewellery,data/catalogue/JW_006077.jpg,https://huggingface.co/datasets/sidd707/jewelry-design-dataset/img_006076.jpg,262,262
JW_005451,Img 006077,jewellery,data/catalogue/JW_006078.jpg,https://huggingface.co/datasets/sidd707/jewelry-design-dataset/img_006077.jpg,262,262
JW_005452,Img 006078,jewellery,data/catalogue/JW_006079.jpg,https://huggingface.co/datasets/sidd707/jewelry-design-dataset/img_006078.jpg,262,262
JW_005453,Img 006079,jewellery,data/catalogue/JW_006080.jpg,https://huggingface.co/datasets/sidd707/jewelry-design-dataset/img_006079.jpg,262,262
JW_005454,Img 006080,jewellery,data/catalogue/JW_006081.jpg,https://huggingface.co/datasets/sidd707/jewelry-design-dataset/img_006080.jpg,262,262
JW_005455,Img 006081,jewellery,data/catalogue/JW_006082.jpg,https://huggingface.co/datasets/sidd707/jewelry-design-dataset/img_006081.jpg,262,262
JW_005456,Img 006082,jewellery,data/catalogue/JW_006083.jpg,https://huggingface.co/datasets/sidd707/jewelry-design-dataset/img_006082.jpg,262,262
JW_005457,Img 006083,jewellery,data/catalogue/JW_006084.jpg,https://huggingface.co/datasets/sidd707/jewelry-design-dataset/img_006083.jpg,262,262
JW_005458,Img 006084,jewellery,data/catalogue/JW_006085.jpg,https://huggingface.co/datasets/sidd707/jewelry-design-dataset/img_006084.jpg,262,262
JW_005459,Img 006085,jewellery,data/catalogue/JW_006086.jpg,https://huggingface.co/datasets/sidd707/jewelry-design-dataset/img_006085.jpg,262,262
JW_005460,Img 006086,jewellery,data/catalogue/JW_006087.jpg,https://huggingface.co/datasets/sidd707/jewelry-design-dataset/img_006086.jpg,262,262
JW_005461,Img 006087,jewellery,data/catalogue/JW_006088.jpg,https://huggingface.co/datasets/sidd707/jewelry-design-dataset/img_006087.jpg,262,262
JW_005462,Img 006088,jewellery,data/catalogue/JW_006089.jpg,https://huggingface.co/datasets/sidd707/jewelry-design-dataset/img_006088.jpg,262,262
JW_005463,Img 006089,jewellery,data/catalogue/JW_006090.jpg,https://huggingface.co/datasets/sidd707/jewelry-design-dataset/img_006089.jpg,262,262
JW_005464,Img 006090,jewellery,data/catalogue/JW_006091.jpg,https://huggingface.co/datasets/sidd707/jewelry-design-dataset/img_006090.jpg,262,262
JW_005465,Img 006091,jewellery,data/catalogue/JW_006092.jpg,https://huggingface.co/datasets/sidd707/jewelry-design-dataset/img_006091.jpg,262,262
JW_005466,Img 006092,jewellery,data/catalogue/JW_006093.jpg,https://huggingface.co/datasets/sidd707/jewelry-design-dataset/img_006092.jpg,262,262
JW_005467,Img 006093,jewellery,data/catalogue/JW_006094.jpg,https://huggingface.co/datasets/sidd707/jewelry-design-dataset/img_006093.jpg,262,262
JW_005468,Img 006094,jewellery,data/catalogue/JW_006095.jpg,https://huggingface.co/datasets/sidd707/jewelry-design-dataset/img_006094.jpg,262,262
JW_005469,Img 006095,jewellery,data/catalogue/JW_006096.jpg,https://huggingface.co/datasets/sidd707/jewelry-design-dataset/img_006095.jpg,262,262
JW_005470,Img 006096,jewellery,data/catalogue/JW_006097.jpg,https://huggingface.co/datasets/sidd707/jewelry-design-dataset/img_006096.jpg,262,262
JW_005471,Img 006097,jewellery,data/catalogue/JW_006098.jpg,https://huggingface.co/datasets/sidd707/jewelry-design-dataset/img_006097.jpg,262,262
JW_005472,Img 006098,jewellery,data/catalogue/JW_006099.jpg,https://huggingface.co/datasets/sidd707/jewelry-design-dataset/img_006098.jpg,262,262
JW_005473,Img 006099,jewellery,data/catalogue/JW_006100.jpg,https://huggingface.co/datasets/sidd707/jewelry-design-dataset/img_006099.jpg,262,262
JW_005474,Img 006100,jewellery,data/catalogue/JW_006101.jpg,https://huggingface.co/datasets/sidd707/jewelry-design-dataset/img_006100.jpg,262,262
JW_005475,Img 006101,jewellery,data/catalogue/JW_006102.jpg,https://huggingface.co/datasets/sidd707/jewelry-design-dataset/img_006101.jpg,262,262
JW_005476,Img 006102,jewellery,data/catalogue/JW_006103.jpg,https://huggingface.co/datasets/sidd707/jewelry-design-dataset/img_006102.jpg,262,262
JW_005477,Img 006103,jewellery,data/catalogue/JW_006104.jpg,https://huggingface.co/datasets/sidd707/jewelry-design-dataset/img_006103.jpg,262,262
JW_005478,Img 006104,jewellery,data/catalogue/JW_006105.jpg,https://huggingface.co/datasets/sidd707/jewelry-design-dataset/img_006104.jpg,262,262
JW_005479,Img 006105,jewellery,data/catalogue/JW_006106.jpg,https://huggingface.co/datasets/sidd707/jewelry-design-dataset/img_006105.jpg,262,262
JW_005480,Img 006106,jewellery,data/catalogue/JW_006107.jpg,https://huggingface.co/datasets/sidd707/jewelry-design-dataset/img_006106.jpg,262,262
JW_005481,Img 006107,jewellery,data/catalogue/JW_006108.jpg,https://huggingface.co/datasets/sidd707/jewelry-design-dataset/img_006107.jpg,262,262
JW_005482,Img 006108,jewellery,data/catalogue/JW_006109.jpg,https://huggingface.co/datasets/sidd707/jewelry-design-dataset/img_006108.jpg,262,262
JW_005483,Img 006109,jewellery,data/catalogue/JW_006110.jpg,https://huggingface.co/datasets/sidd707/jewelry-design-dataset/img_006109.jpg,262,262
JW_005484,Img 006110,jewellery,data/catalogue/JW_006111.jpg,https://huggingface.co/datasets/sidd707/jewelry-design-dataset/img_006110.jpg,262,262
JW_005485,Img 006111,jewellery,data/catalogue/JW_006112.jpg,https://huggingface.co/datasets/sidd707/jewelry-design-dataset/img_006111.jpg,262,262
JW_005486,Img 006112,jewellery,data/catalogue/JW_006113.jpg,https://huggingface.co/datasets/sidd707/jewelry-design-dataset/img_006112.jpg,262,262
JW_005487,Img 006113,jewellery,data/catalogue/JW_006114.jpg,https://huggingface.co/datasets/sidd707/jewelry-design-dataset/img_006113.jpg,262,262
JW_005488,Img 006114,jewellery,data/catalogue/JW_006115.jpg,https://huggingface.co/datasets/sidd707/jewelry-design-dataset/img_006114.jpg,262,262
JW_005489,Img 006115,jewellery,data/catalogue/JW_006116.jpg,https://huggingface.co/datasets/sidd707/jewelry-design-dataset/img_006115.jpg,262,262
JW_005490,Img 006116,jewellery,data/catalogue/JW_006117.jpg,https://huggingface.co/datasets/sidd707/jewelry-design-dataset/img_006116.jpg,262,262
JW_005491,Img 006117,jewellery,data/catalogue/JW_006118.jpg,https://huggingface.co/datasets/sidd707/jewelry-design-dataset/img_006117.jpg,262,262
JW_005492,Img 006118,jewellery,data/catalogue/JW_006119.jpg,https://huggingface.co/datasets/sidd707/jewelry-design-dataset/img_006118.jpg,262,262
JW_005493,Img 006119,jewellery,data/catalogue/JW_006120.jpg,https://huggingface.co/datasets/sidd707/jewelry-design-dataset/img_006119.jpg,262,262
JW_005494,Img 006120,jewellery,data/catalogue/JW_006121.jpg,https://huggingface.co/datasets/sidd707/jewelry-design-dataset/img_006120.jpg,262,262
JW_005495,Img 006121,jewellery,data/catalogue/JW_006122.jpg,https://huggingface.co/datasets/sidd707/jewelry-design-dataset/img_006121.jpg,262,262
JW_005496,Img 006122,jewellery,data/catalogue/JW_006123.jpg,https://huggingface.co/datasets/sidd707/jewelry-design-dataset/img_006122.jpg,262,262
JW_005497,Img 006123,jewellery,data/catalogue/JW_006124.jpg,https://huggingface.co/datasets/sidd707/jewelry-design-dataset/img_006123.jpg,262,262
JW_005498,Img 006124,jewellery,data/catalogue/JW_006125.jpg,https://huggingface.co/datasets/sidd707/jewelry-design-dataset/img_006124.jpg,262,262
JW_005499,Img 006125,jewellery,data/catalogue/JW_006126.jpg,https://huggingface.co/datasets/sidd707/jewelry-design-dataset/img_006125.jpg,262,262
JW_005500,Img 006126,jewellery,data/catalogue/JW_006127.jpg,https://huggingface.co/datasets/sidd707/jewelry-design-dataset/img_006126.jpg,690,681
JW_005501,Img 006127,jewellery,data/catalogue/JW_006128.jpg,https://huggingface.co/datasets/sidd707/jewelry-design-dataset/img_006127.jpg,690,677
JW_005502,Img 006128,jewellery,data/catalogue/JW_006129.jpg,https://huggingface.co/datasets/sidd707/jewelry-design-dataset/img_006128.jpg,690,681
JW_005503,Img 006129,jewellery,data/catalogue/JW_006130.jpg,https://huggingface.co/datasets/sidd707/jewelry-design-dataset/img_006129.jpg,645,690
JW_005504,Img 006130,jewellery,data/catalogue/JW_006131.jpg,https://huggingface.co/datasets/sidd707/jewelry-design-dataset/img_006130.jpg,690,677
JW_005505,Img 006131,jewellery,data/catalogue/JW_006132.jpg,https://huggingface.co/datasets/sidd707/jewelry-design-dataset/img_006131.jpg,690,675
JW_005506,Img 006132,jewellery,data/catalogue/JW_006133.jpg,https://huggingface.co/datasets/sidd707/jewelry-design-dataset/img_006132.jpg,690,675
JW_005507,Img 006133,jewellery,data/catalogue/JW_006134.jpg,https://huggingface.co/datasets/sidd707/jewelry-design-dataset/img_006133.jpg,690,664
JW_005508,Img 006134,jewellery,data/catalogue/JW_006135.jpg,https://huggingface.co/datasets/sidd707/jewelry-design-dataset/img_006134.jpg,690,677
JW_005509,Img 006135,jewellery,data/catalogue/JW_006136.jpg,https://huggingface.co/datasets/sidd707/jewelry-design-dataset/img_006135.jpg,686,673
JW_005510,Img 006136,jewellery,data/catalogue/JW_006137.jpg,https://huggingface.co/datasets/sidd707/jewelry-design-dataset/img_006136.jpg,690,681
JW_005511,Img 006137,jewellery,data/catalogue/JW_006138.jpg,https://huggingface.co/datasets/sidd707/jewelry-design-dataset/img_006137.jpg,690,683
JW_005512,Img 006138,jewellery,data/catalogue/JW_006139.jpg,https://huggingface.co/datasets/sidd707/jewelry-design-dataset/img_006138.jpg,667,681
JW_005513,Img 006139,jewellery,data/catalogue/JW_006140.jpg,https://huggingface.co/datasets/sidd707/jewelry-design-dataset/img_006139.jpg,690,676
JW_005514,Img 006140,jewellery,data/catalogue/JW_006141.jpg,https://huggingface.co/datasets/sidd707/jewelry-design-dataset/img_006140.jpg,690,668
JW_005515,Img 006141,jewellery,data/catalogue/JW_006142.jpg,https://huggingface.co/datasets/sidd707/jewelry-design-dataset/img_006141.jpg,690,688
JW_005516,Img 006142,jewellery,data/catalogue/JW_006143.jpg,https://huggingface.co/datasets/sidd707/jewelry-design-dataset/img_006142.jpg,690,559
JW_005517,Img 006143,jewellery,data/catalogue/JW_006144.jpg,https://huggingface.co/datasets/sidd707/jewelry-design-dataset/img_006143.jpg,690,520
JW_005518,Img 006144,jewellery,data/catalogue/JW_006145.jpg,https://huggingface.co/datasets/sidd707/jewelry-design-dataset/img_006144.jpg,690,679
JW_005519,Img 006145,jewellery,data/catalogue/JW_006146.jpg,https://huggingface.co/datasets/sidd707/jewelry-design-dataset/img_006145.jpg,620,623
JW_005520,Img 006146,jewellery,data/catalogue/JW_006147.jpg,https://huggingface.co/datasets/sidd707/jewelry-design-dataset/img_006146.jpg,690,658
JW_005521,Img 006147,jewellery,data/catalogue/JW_006148.jpg,https://huggingface.co/datasets/sidd707/jewelry-design-dataset/img_006147.jpg,684,595
JW_005522,Img 006148,jewellery,data/catalogue/JW_006149.jpg,https://huggingface.co/datasets/sidd707/jewelry-design-dataset/img_006148.jpg,690,675
JW_005523,Img 006149,jewellery,data/catalogue/JW_006150.jpg,https://huggingface.co/datasets/sidd707/jewelry-design-dataset/img_006149.jpg,690,692
JW_005524,Img 006150,jewellery,data/catalogue/JW_006151.jpg,https://huggingface.co/datasets/sidd707/jewelry-design-dataset/img_006150.jpg,690,548
JW_005525,Img 006151,jewellery,data/catalogue/JW_006152.jpg,https://huggingface.co/datasets/sidd707/jewelry-design-dataset/img_006151.jpg,690,590
JW_005526,Img 006152,jewellery,data/catalogue/JW_006153.jpg,https://huggingface.co/datasets/sidd707/jewelry-design-dataset/img_006152.jpg,690,611
JW_005527,Img 006153,jewellery,data/catalogue/JW_006154.jpg,https://huggingface.co/datasets/sidd707/jewelry-design-dataset/img_006153.jpg,678,667
JW_005528,Img 006154,jewellery,data/catalogue/JW_006155.jpg,https://huggingface.co/datasets/sidd707/jewelry-design-dataset/img_006154.jpg,690,612
JW_005529,Img 006155,jewellery,data/catalogue/JW_006156.jpg,https://huggingface.co/datasets/sidd707/jewelry-design-dataset/img_006155.jpg,690,678
JW_005530,Img 006156,jewellery,data/catalogue/JW_006157.jpg,https://huggingface.co/datasets/sidd707/jewelry-design-dataset/img_006156.jpg,488,361
JW_005531,00G0Fpit4D9J,bracelet,data/catalogue/JW_006159.jpg,local://jewelry_hf_raw/00G0FPIT4D9J.jpg,256,256
JW_005532,10530C32Bltk,bracelet,data/catalogue/JW_006176.jpg,local://jewelry_hf_raw/10530C32BLTK.jpg,256,256
JW_005533,1R2J7Roma59G,bracelet,data/catalogue/JW_006187.jpg,local://jewelry_hf_raw/1R2J7ROMA59G.jpg,256,256
JW_005534,2Dmyq69Ddx5B,bracelet,data/catalogue/JW_006196.jpg,local://jewelry_hf_raw/2DMYQ69DDX5B.jpg,256,256
JW_005535,3Td2Jvmzx8Fz,bracelet,data/catalogue/JW_006209.jpg,local://jewelry_hf_raw/3TD2JVMZX8FZ.jpg,256,256
JW_005536,3Zan8Bnv9Ebv,bracelet,data/catalogue/JW_006212.jpg,local://jewelry_hf_raw/3ZAN8BNV9EBV.jpg,256,256
JW_005537,4Josfggu72Vn,bracelet,data/catalogue/JW_006219.jpg,local://jewelry_hf_raw/4JOSFGGU72VN.jpg,256,256
JW_005538,4Tnw5Dwz0Gdh,bracelet,data/catalogue/JW_006226.jpg,local://jewelry_hf_raw/4TNW5DWZ0GDH.jpg,256,256
JW_005539,Bracelet 021,bracelet,data/catalogue/JW_006348.jpg,local://jewelry_hf_raw/bracelet_021.jpg,262,262
JW_005540,Bracelet 033,bracelet,data/catalogue/JW_006360.jpg,local://jewelry_hf_raw/bracelet_033.jpg,262,262
JW_005541,Bracelet 037,bracelet,data/catalogue/JW_006364.jpg,local://jewelry_hf_raw/bracelet_037.jpg,262,262
JW_005542,Bracelet 050,bracelet,data/catalogue/JW_006377.jpg,local://jewelry_hf_raw/bracelet_050.jpg,262,262
JW_005543,Bracelet 075,bracelet,data/catalogue/JW_006402.jpg,local://jewelry_hf_raw/bracelet_075.jpg,262,262
JW_005544,Bracelet 158,bracelet,data/catalogue/JW_006485.jpg,local://jewelry_hf_raw/bracelet_158.jpg,262,262
JW_005545,Bracelet 166,bracelet,data/catalogue/JW_006493.jpg,local://jewelry_hf_raw/bracelet_166.jpg,262,262
JW_005546,Bracelet 171,bracelet,data/catalogue/JW_006498.jpg,local://jewelry_hf_raw/bracelet_171.jpg,262,262
JW_005547,Bracelet 179,bracelet,data/catalogue/JW_006506.jpg,local://jewelry_hf_raw/bracelet_179.jpg,262,262
JW_005548,Bracelet 183,bracelet,data/catalogue/JW_006510.jpg,local://jewelry_hf_raw/bracelet_183.jpg,262,262
JW_005549,Bracelet 200,bracelet,data/catalogue/JW_006527.jpg,local://jewelry_hf_raw/bracelet_200.jpg,262,262
JW_005550,Bracelet 210,bracelet,data/catalogue/JW_006537.jpg,local://jewelry_hf_raw/bracelet_210.jpg,262,262
JW_005551,Bracelet 215,bracelet,data/catalogue/JW_006542.jpg,local://jewelry_hf_raw/bracelet_215.jpg,262,262
JW_005552,Bracelet 219,bracelet,data/catalogue/JW_006546.jpg,local://jewelry_hf_raw/bracelet_219.jpg,262,262
JW_005553,Bracelet 244,bracelet,data/catalogue/JW_006571.jpg,local://jewelry_hf_raw/bracelet_244.jpg,262,262
JW_005554,Bracelet 259,bracelet,data/catalogue/JW_006586.jpg,local://jewelry_hf_raw/bracelet_259.jpg,262,262
JW_005555,Bracelet 275,bracelet,data/catalogue/JW_006602.jpg,local://jewelry_hf_raw/bracelet_275.jpg,262,262
JW_005556,Bracelet 279,bracelet,data/catalogue/JW_006606.jpg,local://jewelry_hf_raw/bracelet_279.jpg,262,262
JW_005557,Bracelet 286,bracelet,data/catalogue/JW_006613.jpg,local://jewelry_hf_raw/bracelet_286.jpg,262,262
JW_005558,Bracelet 289,bracelet,data/catalogue/JW_006616.jpg,local://jewelry_hf_raw/bracelet_289.jpg,262,262
JW_005559,Bracelet 290,bracelet,data/catalogue/JW_006617.jpg,local://jewelry_hf_raw/bracelet_290.jpg,262,262
JW_005560,Bracelet 291,bracelet,data/catalogue/JW_006618.jpg,local://jewelry_hf_raw/bracelet_291.jpg,262,262
JW_005561,Bracelet 295,bracelet,data/catalogue/JW_006622.jpg,local://jewelry_hf_raw/bracelet_295.jpg,262,262
JW_005562,Bracelet 303,bracelet,data/catalogue/JW_006630.jpg,local://jewelry_hf_raw/bracelet_303.jpg,262,262
JW_005563,Bracelet 309,bracelet,data/catalogue/JW_006636.jpg,local://jewelry_hf_raw/bracelet_309.jpg,262,262
JW_005564,C9Skfe520Cbi,bracelet,data/catalogue/JW_006646.jpg,local://jewelry_hf_raw/C9SKFE520CBI.jpg,256,256
JW_005565,Dala8Moa17B4,bracelet,data/catalogue/JW_006657.jpg,local://jewelry_hf_raw/DALA8MOA17B4.jpg,256,256
JW_005566,Hgbj9Hjzeozn,bracelet,data/catalogue/JW_006717.jpg,local://jewelry_hf_raw/HGBJ9HJZEOZN.jpg,256,256
JW_005567,Img 5998,bracelet,data/catalogue/JW_006757.jpg,local://jewelry_hf_raw/IMG_5998.JPG,800,800
JW_005568,J0Mmg0O5Nwqd,bracelet,data/catalogue/JW_006770.jpg,local://jewelry_hf_raw/J0MMG0O5NWQD.jpg,256,256
JW_005569,Jae04P7Yakjq,bracelet,data/catalogue/JW_006776.jpg,local://jewelry_hf_raw/JAE04P7YAKJQ.jpg,256,256
JW_005570,Juywv599F9Hx,bracelet,data/catalogue/JW_006784.jpg,local://jewelry_hf_raw/JUYWV599F9HX.jpg,256,256
JW_005571,L5Pcrc23Ms9D,bracelet,data/catalogue/JW_006799.jpg,local://jewelry_hf_raw/L5PCRC23MS9D.jpg,256,256
JW_005572,Nng0Na4Be3Jd,bracelet,data/catalogue/JW_006835.jpg,local://jewelry_hf_raw/NNG0NA4BE3JD.jpg,256,256
JW_005573,O3Po38Glzeb0,bracelet,data/catalogue/JW_006844.jpg,local://jewelry_hf_raw/O3PO38GLZEB0.jpg,256,256
JW_005574,Pcwsk41L0Ni9,bracelet,data/catalogue/JW_006862.jpg,local://jewelry_hf_raw/PCWSK41L0NI9.jpg,256,256
JW_005575,Pr5Pnu27D5Cv,bracelet,data/catalogue/JW_006868.jpg,local://jewelry_hf_raw/PR5PNU27D5CV.jpg,256,256
JW_005576,Qacp1N7Pgqeg,bracelet,data/catalogue/JW_006873.jpg,local://jewelry_hf_raw/QACP1N7PGQEG.jpg,256,256
JW_005577,Skz5D7Hrf71I,bracelet,data/catalogue/JW_006925.jpg,local://jewelry_hf_raw/SKZ5D7HRF71I.jpg,256,256
JW_005578,Syt1Kv59Vv21,bracelet,data/catalogue/JW_006931.jpg,local://jewelry_hf_raw/SYT1KV59VV21.jpg,256,256
JW_005579,T1D1E7B72Pmw,bracelet,data/catalogue/JW_006933.jpg,local://jewelry_hf_raw/T1D1E7B72PMW.jpg,256,256
JW_005580,Tp998Eok6S09,bracelet,data/catalogue/JW_006943.jpg,local://jewelry_hf_raw/TP998EOK6S09.jpg,256,256
JW_005581,Ts03Evvzngbd,bracelet,data/catalogue/JW_006944.jpg,local://jewelry_hf_raw/TS03EVVZNGBD.jpg,256,256
JW_005582,Wi08825952Gy,bracelet,data/catalogue/JW_006990.jpg,local://jewelry_hf_raw/WI08825952GY.jpg,256,256
JW_005583,Xggj3Psq4Asd,bracelet,data/catalogue/JW_007000.jpg,local://jewelry_hf_raw/XGGJ3PSQ4ASD.jpg,256,256
JW_005584,Xzsrv88R1Mqb,bracelet,data/catalogue/JW_007007.jpg,local://jewelry_hf_raw/XZSRV88R1MQB.jpg,256,256
JW_005585,Zv1T249Ajwb1,bracelet,data/catalogue/JW_007043.jpg,local://jewelry_hf_raw/ZV1T249AJWB1.jpg,256,256
JW_005586,001 003,ring,data/catalogue/JW_007048.jpg,local://jewelry_hf_raw/001_003.png,512,512
JW_005587,001 014,ring,data/catalogue/JW_007059.jpg,local://jewelry_hf_raw/001_014.png,512,512
JW_005588,002 002,ring,data/catalogue/JW_007069.jpg,local://jewelry_hf_raw/002_002.png,512,512
JW_005589,002 007,ring,data/catalogue/JW_007074.jpg,local://jewelry_hf_raw/002_007.png,512,512
JW_005590,002 009,ring,data/catalogue/JW_007076.jpg,local://jewelry_hf_raw/002_009.png,512,512
JW_005591,002 013,ring,data/catalogue/JW_007080.jpg,local://jewelry_hf_raw/002_013.png,512,512
JW_005592,002 019,ring,data/catalogue/JW_007086.jpg,local://jewelry_hf_raw/002_019.png,512,512
JW_005593,002 021,ring,data/catalogue/JW_007088.jpg,local://jewelry_hf_raw/002_021.png,512,512
JW_005594,002 035,ring,data/catalogue/JW_007102.jpg,local://jewelry_hf_raw/002_035.png,512,512
JW_005595,002 042,ring,data/catalogue/JW_007109.jpg,local://jewelry_hf_raw/002_042.png,512,512
JW_005596,003 006,ring,data/catalogue/JW_007118.jpg,local://jewelry_hf_raw/003_006.png,512,512
JW_005597,003 015,ring,data/catalogue/JW_007127.jpg,local://jewelry_hf_raw/003_015.png,512,512
JW_005598,003 019,ring,data/catalogue/JW_007131.jpg,local://jewelry_hf_raw/003_019.png,512,512
JW_005599,003 028,ring,data/catalogue/JW_007140.jpg,local://jewelry_hf_raw/003_028.png,512,512
JW_005600,003 030,ring,data/catalogue/JW_007142.jpg,local://jewelry_hf_raw/003_030.png,512,512
JW_005601,003 031,ring,data/catalogue/JW_007143.jpg,local://jewelry_hf_raw/003_031.png,512,512
JW_005602,003 033,ring,data/catalogue/JW_007145.jpg,local://jewelry_hf_raw/003_033.png,512,512
JW_005603,003 041,ring,data/catalogue/JW_007153.jpg,local://jewelry_hf_raw/003_041.png,512,512
JW_005604,003 048,ring,data/catalogue/JW_007160.jpg,local://jewelry_hf_raw/003_048.png,512,512
JW_005605,003 049,ring,data/catalogue/JW_007161.jpg,local://jewelry_hf_raw/003_049.png,512,512
JW_005606,004 008,ring,data/catalogue/JW_007178.jpg,local://jewelry_hf_raw/004_008.png,512,512
JW_005607,004 013,ring,data/catalogue/JW_007183.jpg,local://jewelry_hf_raw/004_013.png,512,512
JW_005608,004 019,ring,data/catalogue/JW_007189.jpg,local://jewelry_hf_raw/004_019.png,512,512
JW_005609,004 021,ring,data/catalogue/JW_007191.jpg,local://jewelry_hf_raw/004_021.png,512,512
JW_005610,004 028,ring,data/catalogue/JW_007198.jpg,local://jewelry_hf_raw/004_028.png,512,512
JW_005611,004 040,ring,data/catalogue/JW_007210.jpg,local://jewelry_hf_raw/004_040.png,512,512
JW_005612,004 042,ring,data/catalogue/JW_007212.jpg,local://jewelry_hf_raw/004_042.png,512,512
JW_005613,005 007,ring,data/catalogue/JW_007220.jpg,local://jewelry_hf_raw/005_007.png,512,512
JW_005614,005 008,ring,data/catalogue/JW_007221.jpg,local://jewelry_hf_raw/005_008.png,512,512
JW_005615,005 010,ring,data/catalogue/JW_007223.jpg,local://jewelry_hf_raw/005_010.png,512,512
JW_005616,005 013,ring,data/catalogue/JW_007226.jpg,local://jewelry_hf_raw/005_013.png,512,512
JW_005617,005 016,ring,data/catalogue/JW_007229.jpg,local://jewelry_hf_raw/005_016.png,512,512
JW_005618,005 019,ring,data/catalogue/JW_007232.jpg,local://jewelry_hf_raw/005_019.png,512,512
JW_005619,005 021,ring,data/catalogue/JW_007234.jpg,local://jewelry_hf_raw/005_021.png,512,512
JW_005620,006 014,ring,data/catalogue/JW_007251.jpg,local://jewelry_hf_raw/006_014.png,512,512
JW_005621,007 001,ring,data/catalogue/JW_007254.jpg,local://jewelry_hf_raw/007_001.png,512,512
JW_005622,007 005,ring,data/catalogue/JW_007258.jpg,local://jewelry_hf_raw/007_005.png,512,512
JW_005623,007 007,ring,data/catalogue/JW_007260.jpg,local://jewelry_hf_raw/007_007.png,512,512
JW_005624,007 010,ring,data/catalogue/JW_007263.jpg,local://jewelry_hf_raw/007_010.png,512,512
JW_005625,007 013,ring,data/catalogue/JW_007266.jpg,local://jewelry_hf_raw/007_013.png,512,512
JW_005626,007 017,ring,data/catalogue/JW_007270.jpg,local://jewelry_hf_raw/007_017.png,512,512
JW_005627,007 022,ring,data/catalogue/JW_007275.jpg,local://jewelry_hf_raw/007_022.png,512,512
JW_005628,007 047,ring,data/catalogue/JW_007300.jpg,local://jewelry_hf_raw/007_047.png,512,512
JW_005629,008 006,ring,data/catalogue/JW_007308.jpg,local://jewelry_hf_raw/008_006.png,512,512
JW_005630,008 007,ring,data/catalogue/JW_007309.jpg,local://jewelry_hf_raw/008_007.png,512,512
JW_005631,008 008,ring,data/catalogue/JW_007310.jpg,local://jewelry_hf_raw/008_008.png,512,512
JW_005632,008 010,ring,data/catalogue/JW_007312.jpg,local://jewelry_hf_raw/008_010.png,512,512
JW_005633,008 011,ring,data/catalogue/JW_007313.jpg,local://jewelry_hf_raw/008_011.png,512,512
JW_005634,008 015,ring,data/catalogue/JW_007317.jpg,local://jewelry_hf_raw/008_015.png,512,512
JW_005635,008 016,ring,data/catalogue/JW_007318.jpg,local://jewelry_hf_raw/008_016.png,512,512
JW_005636,008 017,ring,data/catalogue/JW_007319.jpg,local://jewelry_hf_raw/008_017.png,512,512
JW_005637,008 018,ring,data/catalogue/JW_007320.jpg,local://jewelry_hf_raw/008_018.png,512,512
JW_005638,008 020,ring,data/catalogue/JW_007322.jpg,local://jewelry_hf_raw/008_020.png,512,512
JW_005639,008 022,ring,data/catalogue/JW_007324.jpg,local://jewelry_hf_raw/008_022.png,512,512
JW_005640,008 024,ring,data/catalogue/JW_007326.jpg,local://jewelry_hf_raw/008_024.png,512,512
JW_005641,008 025,ring,data/catalogue/JW_007327.jpg,local://jewelry_hf_raw/008_025.png,512,512
JW_005642,008 045,ring,data/catalogue/JW_007347.jpg,local://jewelry_hf_raw/008_045.png,512,512
JW_005643,008 053,ring,data/catalogue/JW_007355.jpg,local://jewelry_hf_raw/008_053.png,512,512
JW_005644,009 007,ring,data/catalogue/JW_007362.jpg,local://jewelry_hf_raw/009_007.png,512,512
JW_005645,009 008,ring,data/catalogue/JW_007363.jpg,local://jewelry_hf_raw/009_008.png,512,512
JW_005646,009 010,ring,data/catalogue/JW_007365.jpg,local://jewelry_hf_raw/009_010.png,512,512
JW_005647,009 011,ring,data/catalogue/JW_007366.jpg,local://jewelry_hf_raw/009_011.png,512,512
JW_005648,009 018,ring,data/catalogue/JW_007373.jpg,local://jewelry_hf_raw/009_018.png,512,512
JW_005649,010 003,ring,data/catalogue/JW_007394.jpg,local://jewelry_hf_raw/010_003.png,512,512
JW_005650,010 009,ring,data/catalogue/JW_007400.jpg,local://jewelry_hf_raw/010_009.png,512,512
JW_005651,010 010,ring,data/catalogue/JW_007401.jpg,local://jewelry_hf_raw/010_010.png,512,512
JW_005652,010 011,ring,data/catalogue/JW_007402.jpg,local://jewelry_hf_raw/010_011.png,512,512
JW_005653,010 027,ring,data/catalogue/JW_007418.jpg,local://jewelry_hf_raw/010_027.png,512,512
JW_005654,011 009,ring,data/catalogue/JW_007436.jpg,local://jewelry_hf_raw/011_009.png,512,512
JW_005655,011 015,ring,data/catalogue/JW_007442.jpg,local://jewelry_hf_raw/011_015.png,512,512
JW_005656,011 019,ring,data/catalogue/JW_007446.jpg,local://jewelry_hf_raw/011_019.png,512,512
JW_005657,011 035,ring,data/catalogue/JW_007462.jpg,local://jewelry_hf_raw/011_035.png,512,512
JW_005658,011 037,ring,data/catalogue/JW_007464.jpg,local://jewelry_hf_raw/011_037.png,512,512
JW_005659,011 045,ring,data/catalogue/JW_007472.jpg,local://jewelry_hf_raw/011_045.png,512,512
JW_005660,011 046,ring,data/catalogue/JW_007473.jpg,local://jewelry_hf_raw/011_046.png,512,512
JW_005661,011 052,ring,data/catalogue/JW_007479.jpg,local://jewelry_hf_raw/011_052.png,512,512
JW_005662,011 054,ring,data/catalogue/JW_007481.jpg,local://jewelry_hf_raw/011_054.png,512,512
JW_005663,012 016,ring,data/catalogue/JW_007498.jpg,local://jewelry_hf_raw/012_016.png,512,512
JW_005664,013 006,ring,data/catalogue/JW_007513.jpg,local://jewelry_hf_raw/013_006.png,512,512
JW_005665,013 014,ring,data/catalogue/JW_007521.jpg,local://jewelry_hf_raw/013_014.png,512,512
JW_005666,014 002,ring,data/catalogue/JW_007539.jpg,local://jewelry_hf_raw/014_002.png,512,512
JW_005667,014 030,ring,data/catalogue/JW_007567.jpg,local://jewelry_hf_raw/014_030.png,512,512
JW_005668,014 031,ring,data/catalogue/JW_007568.jpg,local://jewelry_hf_raw/014_031.png,512,512
JW_005669,014 032,ring,data/catalogue/JW_007569.jpg,local://jewelry_hf_raw/014_032.png,512,512
JW_005670,015 002,ring,data/catalogue/JW_007571.jpg,local://jewelry_hf_raw/015_002.png,512,512
JW_005671,015 003,ring,data/catalogue/JW_007572.jpg,local://jewelry_hf_raw/015_003.png,512,512
JW_005672,015 019,ring,data/catalogue/JW_007588.jpg,local://jewelry_hf_raw/015_019.png,512,512
JW_005673,016 007,ring,data/catalogue/JW_007598.jpg,local://jewelry_hf_raw/016_007.png,512,512
JW_005674,016 027,ring,data/catalogue/JW_007618.jpg,local://jewelry_hf_raw/016_027.png,512,512
JW_005675,016 028,ring,data/catalogue/JW_007619.jpg,local://jewelry_hf_raw/016_028.png,512,512
JW_005676,016 032,ring,data/catalogue/JW_007623.jpg,local://jewelry_hf_raw/016_032.png,512,512
JW_005677,016 033,ring,data/catalogue/JW_007624.jpg,local://jewelry_hf_raw/016_033.png,512,512
JW_005678,017 001,ring,data/catalogue/JW_007626.jpg,local://jewelry_hf_raw/017_001.png,512,512
JW_005679,017 008,ring,data/catalogue/JW_007633.jpg,local://jewelry_hf_raw/017_008.png,512,512
JW_005680,017 009,ring,data/catalogue/JW_007634.jpg,local://jewelry_hf_raw/017_009.png,512,512
JW_005681,017 022,ring,data/catalogue/JW_007647.jpg,local://jewelry_hf_raw/017_022.png,512,512
JW_005682,017 025,ring,data/catalogue/JW_007650.jpg,local://jewelry_hf_raw/017_025.png,512,512
JW_005683,017 037,ring,data/catalogue/JW_007662.jpg,local://jewelry_hf_raw/017_037.png,512,512
JW_005684,017 052,ring,data/catalogue/JW_007677.jpg,local://jewelry_hf_raw/017_052.png,512,512
JW_005685,017 054,ring,data/catalogue/JW_007679.jpg,local://jewelry_hf_raw/017_054.png,512,512
JW_005686,017 058,ring,data/catalogue/JW_007683.jpg,local://jewelry_hf_raw/017_058.png,512,512
JW_005687,017 083,ring,data/catalogue/JW_007707.jpg,local://jewelry_hf_raw/017_083.png,512,512
JW_005688,017 094,ring,data/catalogue/JW_007718.jpg,local://jewelry_hf_raw/017_094.png,512,512
JW_005689,018 013,ring,data/catalogue/JW_007747.jpg,local://jewelry_hf_raw/018_013.png,512,512
JW_005690,018 052,ring,data/catalogue/JW_007785.jpg,local://jewelry_hf_raw/018_052.png,512,512
JW_005691,018 057,ring,data/catalogue/JW_007790.jpg,local://jewelry_hf_raw/018_057.png,512,512
JW_005692,018 082,ring,data/catalogue/JW_007815.jpg,local://jewelry_hf_raw/018_082.png,512,512
JW_005693,018 31,ring,data/catalogue/JW_007821.jpg,local://jewelry_hf_raw/018_31.png,512,512
JW_005694,019 001,ring,data/catalogue/JW_007822.jpg,local://jewelry_hf_raw/019_001.png,512,512
JW_005695,019 004,ring,data/catalogue/JW_007825.jpg,local://jewelry_hf_raw/019_004.png,512,512
JW_005696,019 007,ring,data/catalogue/JW_007828.jpg,local://jewelry_hf_raw/019_007.png,512,512
JW_005697,019 014,ring,data/catalogue/JW_007835.jpg,local://jewelry_hf_raw/019_014.png,512,512
JW_005698,019 034,ring,data/catalogue/JW_007855.jpg,local://jewelry_hf_raw/019_034.png,512,512
JW_005699,019 041,ring,data/catalogue/JW_007862.jpg,local://jewelry_hf_raw/019_041.png,512,512
JW_005700,019 042,ring,data/catalogue/JW_007863.jpg,local://jewelry_hf_raw/019_042.png,512,512
JW_005701,019 048,ring,data/catalogue/JW_007869.jpg,local://jewelry_hf_raw/019_048.png,512,512
JW_005702,019 052,ring,data/catalogue/JW_007873.jpg,local://jewelry_hf_raw/019_052.png,512,512
JW_005703,019 055,ring,data/catalogue/JW_007876.jpg,local://jewelry_hf_raw/019_055.png,512,512
JW_005704,020 012,ring,data/catalogue/JW_007894.jpg,local://jewelry_hf_raw/020_012.png,512,512
JW_005705,020 014,ring,data/catalogue/JW_007896.jpg,local://jewelry_hf_raw/020_014.png,512,512
JW_005706,020 028,ring,data/catalogue/JW_007910.jpg,local://jewelry_hf_raw/020_028.png,512,512
JW_005707,020 034,ring,data/catalogue/JW_007916.jpg,local://jewelry_hf_raw/020_034.png,512,512
JW_005708,020 036,ring,data/catalogue/JW_007918.jpg,local://jewelry_hf_raw/020_036.png,512,512
JW_005709,021 009,ring,data/catalogue/JW_007929.jpg,local://jewelry_hf_raw/021_009.png,512,512
JW_005710,021 010,ring,data/catalogue/JW_007930.jpg,local://jewelry_hf_raw/021_010.png,512,512
JW_005711,021 032,ring,data/catalogue/JW_007952.jpg,local://jewelry_hf_raw/021_032.png,512,512
JW_005712,021 044,ring,data/catalogue/JW_007964.jpg,local://jewelry_hf_raw/021_044.png,512,512
JW_005713,021 048,ring,data/catalogue/JW_007968.jpg,local://jewelry_hf_raw/021_048.png,512,512
JW_005714,021 053,ring,data/catalogue/JW_007973.jpg,local://jewelry_hf_raw/021_053.png,512,512
JW_005715,021 055,ring,data/catalogue/JW_007975.jpg,local://jewelry_hf_raw/021_055.png,512,512
JW_005716,021 057,ring,data/catalogue/JW_007977.jpg,local://jewelry_hf_raw/021_057.png,512,512
JW_005717,021 058,ring,data/catalogue/JW_007978.jpg,local://jewelry_hf_raw/021_058.png,512,512
JW_005718,021 064,ring,data/catalogue/JW_007984.jpg,local://jewelry_hf_raw/021_064.png,512,512
JW_005719,021 067,ring,data/catalogue/JW_007987.jpg,local://jewelry_hf_raw/021_067.png,512,512
JW_005720,021 068,ring,data/catalogue/JW_007988.jpg,local://jewelry_hf_raw/021_068.png,512,512
JW_005721,021 069,ring,data/catalogue/JW_007989.jpg,local://jewelry_hf_raw/021_069.png,512,512
JW_005722,021 077,ring,data/catalogue/JW_007997.jpg,local://jewelry_hf_raw/021_077.png,512,512
JW_005723,021 080,ring,data/catalogue/JW_008000.jpg,local://jewelry_hf_raw/021_080.png,512,512
JW_005724,022 001,ring,data/catalogue/JW_008001.jpg,local://jewelry_hf_raw/022_001.png,512,512
JW_005725,022 012,ring,data/catalogue/JW_008012.jpg,local://jewelry_hf_raw/022_012.png,512,512
JW_005726,022 016,ring,data/catalogue/JW_008016.jpg,local://jewelry_hf_raw/022_016.png,512,512
JW_005727,022 024,ring,data/catalogue/JW_008024.jpg,local://jewelry_hf_raw/022_024.png,512,512
JW_005728,022 036,ring,data/catalogue/JW_008036.jpg,local://jewelry_hf_raw/022_036.png,512,512
JW_005729,022 038,ring,data/catalogue/JW_008038.jpg,local://jewelry_hf_raw/022_038.png,512,512
JW_005730,022 041,ring,data/catalogue/JW_008041.jpg,local://jewelry_hf_raw/022_041.png,512,512
JW_005731,022 043,ring,data/catalogue/JW_008043.jpg,local://jewelry_hf_raw/022_043.png,512,512
JW_005732,022 050,ring,data/catalogue/JW_008050.jpg,local://jewelry_hf_raw/022_050.png,512,512
JW_005733,022 052,ring,data/catalogue/JW_008052.jpg,local://jewelry_hf_raw/022_052.png,512,512
JW_005734,022 057,ring,data/catalogue/JW_008057.jpg,local://jewelry_hf_raw/022_057.png,512,512
JW_005735,022 062,ring,data/catalogue/JW_008062.jpg,local://jewelry_hf_raw/022_062.png,512,512
JW_005736,023 004,ring,data/catalogue/JW_008067.jpg,local://jewelry_hf_raw/023_004.png,512,512
JW_005737,023 009,ring,data/catalogue/JW_008072.jpg,local://jewelry_hf_raw/023_009.png,512,512
JW_005738,023 010,ring,data/catalogue/JW_008073.jpg,local://jewelry_hf_raw/023_010.png,512,512
JW_005739,023 012,ring,data/catalogue/JW_008075.jpg,local://jewelry_hf_raw/023_012.png,512,512
JW_005740,023 015,ring,data/catalogue/JW_008078.jpg,local://jewelry_hf_raw/023_015.png,512,512
JW_005741,023 032,ring,data/catalogue/JW_008095.jpg,local://jewelry_hf_raw/023_032.png,512,512
JW_005742,024 012,ring,data/catalogue/JW_008118.jpg,local://jewelry_hf_raw/024_012.png,512,512
JW_005743,024 014,ring,data/catalogue/JW_008120.jpg,local://jewelry_hf_raw/024_014.png,512,512
JW_005744,024 039,ring,data/catalogue/JW_008145.jpg,local://jewelry_hf_raw/024_039.png,512,512
JW_005745,024 052,ring,data/catalogue/JW_008158.jpg,local://jewelry_hf_raw/024_052.png,512,512
JW_005746,024 065,ring,data/catalogue/JW_008171.jpg,local://jewelry_hf_raw/024_065.png,512,512
JW_005747,024 076,ring,data/catalogue/JW_008182.jpg,local://jewelry_hf_raw/024_076.png,512,512
JW_005748,024 092,ring,data/catalogue/JW_008198.jpg,local://jewelry_hf_raw/024_092.png,512,512
JW_005749,024 094,ring,data/catalogue/JW_008200.jpg,local://jewelry_hf_raw/024_094.png,512,512
JW_005750,024 098,ring,data/catalogue/JW_008204.jpg,local://jewelry_hf_raw/024_098.png,512,512
JW_005751,024 105,ring,data/catalogue/JW_008211.jpg,local://jewelry_hf_raw/024_105.png,512,512
JW_005752,024 121,ring,data/catalogue/JW_008227.jpg,local://jewelry_hf_raw/024_121.png,512,512
JW_005753,025 008,ring,data/catalogue/JW_008238.jpg,local://jewelry_hf_raw/025_008.png,512,512
JW_005754,025 010,ring,data/catalogue/JW_008240.jpg,local://jewelry_hf_raw/025_010.png,512,512
JW_005755,025 012,ring,data/catalogue/JW_008242.jpg,local://jewelry_hf_raw/025_012.png,512,512
JW_005756,025 023,ring,data/catalogue/JW_008253.jpg,local://jewelry_hf_raw/025_023.png,512,512
JW_005757,025 031,ring,data/catalogue/JW_008261.jpg,local://jewelry_hf_raw/025_031.png,512,512
JW_005758,025 032,ring,data/catalogue/JW_008262.jpg,local://jewelry_hf_raw/025_032.png,512,512
JW_005759,025 046,ring,data/catalogue/JW_008276.jpg,local://jewelry_hf_raw/025_046.png,512,512
JW_005760,025 047,ring,data/catalogue/JW_008277.jpg,local://jewelry_hf_raw/025_047.png,512,512
JW_005761,025 054,ring,data/catalogue/JW_008284.jpg,local://jewelry_hf_raw/025_054.png,512,512
JW_005762,025 057,ring,data/catalogue/JW_008287.jpg,local://jewelry_hf_raw/025_057.png,512,512
JW_005763,025 059,ring,data/catalogue/JW_008289.jpg,local://jewelry_hf_raw/025_059.png,512,512
JW_005764,026 006,ring,data/catalogue/JW_008315.jpg,local://jewelry_hf_raw/026_006.png,512,512
JW_005765,026 017,ring,data/catalogue/JW_008326.jpg,local://jewelry_hf_raw/026_017.png,512,512
JW_005766,026 018,ring,data/catalogue/JW_008327.jpg,local://jewelry_hf_raw/026_018.png,512,512
JW_005767,026 029,ring,data/catalogue/JW_008338.jpg,local://jewelry_hf_raw/026_029.png,512,512
JW_005768,026 031,ring,data/catalogue/JW_008340.jpg,local://jewelry_hf_raw/026_031.png,512,512
JW_005769,026 035,ring,data/catalogue/JW_008344.jpg,local://jewelry_hf_raw/026_035.png,512,512
JW_005770,026 047,ring,data/catalogue/JW_008356.jpg,local://jewelry_hf_raw/026_047.png,512,512
JW_005771,026 051,ring,data/catalogue/JW_008360.jpg,local://jewelry_hf_raw/026_051.png,512,512
JW_005772,026 055,ring,data/catalogue/JW_008364.jpg,local://jewelry_hf_raw/026_055.png,512,512
JW_005773,026 075,ring,data/catalogue/JW_008384.jpg,local://jewelry_hf_raw/026_075.png,512,512
JW_005774,026 078,ring,data/catalogue/JW_008387.jpg,local://jewelry_hf_raw/026_078.png,512,512
JW_005775,026 091,ring,data/catalogue/JW_008400.jpg,local://jewelry_hf_raw/026_091.png,512,512
JW_005776,027 004,ring,data/catalogue/JW_008413.jpg,local://jewelry_hf_raw/027_004.png,512,512
JW_005777,027 005,ring,data/catalogue/JW_008414.jpg,local://jewelry_hf_raw/027_005.png,512,512
JW_005778,027 009,ring,data/catalogue/JW_008418.jpg,local://jewelry_hf_raw/027_009.png,512,512
JW_005779,027 010,ring,data/catalogue/JW_008419.jpg,local://jewelry_hf_raw/027_010.png,512,512
JW_005780,027 015,ring,data/catalogue/JW_008424.jpg,local://jewelry_hf_raw/027_015.png,512,512
JW_005781,027 017,ring,data/catalogue/JW_008426.jpg,local://jewelry_hf_raw/027_017.png,512,512
JW_005782,027 018,ring,data/catalogue/JW_008427.jpg,local://jewelry_hf_raw/027_018.png,512,512
JW_005783,027 030,ring,data/catalogue/JW_008439.jpg,local://jewelry_hf_raw/027_030.png,512,512
JW_005784,027 031,ring,data/catalogue/JW_008440.jpg,local://jewelry_hf_raw/027_031.png,512,512
JW_005785,027 033,ring,data/catalogue/JW_008442.jpg,local://jewelry_hf_raw/027_033.png,512,512
JW_005786,027 037,ring,data/catalogue/JW_008446.jpg,local://jewelry_hf_raw/027_037.png,512,512
JW_005787,027 044,ring,data/catalogue/JW_008453.jpg,local://jewelry_hf_raw/027_044.png,512,512
JW_005788,027 069,ring,data/catalogue/JW_008478.jpg,local://jewelry_hf_raw/027_069.png,512,512
JW_005789,027 071,ring,data/catalogue/JW_008480.jpg,local://jewelry_hf_raw/027_071.png,512,512
JW_005790,027 089,ring,data/catalogue/JW_008498.jpg,local://jewelry_hf_raw/027_089.png,512,512
JW_005791,027 098,ring,data/catalogue/JW_008507.jpg,local://jewelry_hf_raw/027_098.png,512,512
JW_005792,027 099,ring,data/catalogue/JW_008508.jpg,local://jewelry_hf_raw/027_099.png,512,512
JW_005793,027 100,ring,data/catalogue/JW_008509.jpg,local://jewelry_hf_raw/027_100.png,512,512
JW_005794,027 102,ring,data/catalogue/JW_008511.jpg,local://jewelry_hf_raw/027_102.png,512,512
JW_005795,027 103,ring,data/catalogue/JW_008512.jpg,local://jewelry_hf_raw/027_103.png,512,512
JW_005796,028 001,ring,data/catalogue/JW_008526.jpg,local://jewelry_hf_raw/028_001.png,512,512
JW_005797,028 003,ring,data/catalogue/JW_008528.jpg,local://jewelry_hf_raw/028_003.png,512,512
JW_005798,028 008,ring,data/catalogue/JW_008533.jpg,local://jewelry_hf_raw/028_008.png,512,512
JW_005799,028 014,ring,data/catalogue/JW_008539.jpg,local://jewelry_hf_raw/028_014.png,512,512
JW_005800,028 021,ring,data/catalogue/JW_008546.jpg,local://jewelry_hf_raw/028_021.png,512,512
JW_005801,028 025,ring,data/catalogue/JW_008550.jpg,local://jewelry_hf_raw/028_025.png,512,512
JW_005802,028 030,ring,data/catalogue/JW_008555.jpg,local://jewelry_hf_raw/028_030.png,512,512
JW_005803,028 032,ring,data/catalogue/JW_008557.jpg,local://jewelry_hf_raw/028_032.png,512,512
JW_005804,028 035,ring,data/catalogue/JW_008560.jpg,local://jewelry_hf_raw/028_035.png,512,512
