product_id,image_path,reason
JW_000014,data/catalogue/JW_000014.jpg,blank_image
JW_000018,data/catalogue/JW_000018.jpg,blank_image
JW_000022,data/catalogue/JW_000022.jpg,blank_image
JW_000041,data/catalogue/JW_000041.jpg,blank_image
JW_000053,data/catalogue/JW_000053.jpg,blank_image
JW_000056,data/catalogue/JW_000056.jpg,blank_image
JW_000061,data/catalogue/JW_000061.jpg,blank_image
JW_000074,data/catalogue/JW_000074.jpg,blank_image
JW_000080,data/catalogue/JW_000080.jpg,blank_image
JW_000089,data/catalogue/JW_000089.jpg,blank_image
JW_000100,data/catalogue/JW_000100.jpg,blank_image
JW_000121,data/catalogue/JW_000121.jpg,blank_image
JW_000125,data/catalogue/JW_000125.jpg,blank_image
JW_000129,data/catalogue/JW_000129.jpg,blank_image
JW_000131,data/catalogue/JW_000131.jpg,blank_image
JW_000141,data/catalogue/JW_000141.jpg,blank_image
JW_000165,data/catalogue/JW_000165.jpg,blank_image
JW_000180,data/catalogue/JW_000180.jpg,duplicate_phash
JW_000181,data/catalogue/JW_000181.jpg,blank_image
JW_000188,data/catalogue/JW_000188.jpg,blank_image
JW_000190,data/catalogue/JW_000190.jpg,blank_image
JW_000194,data/catalogue/JW_000194.jpg,blank_image
JW_000195,data/catalogue/JW_000195.jpg,blank_image
JW_000200,data/catalogue/JW_000200.jpg,blank_image
JW_000215,data/catalogue/JW_000215.jpg,blank_image
JW_000225,data/catalogue/JW_000225.jpg,blank_image
JW_000229,data/catalogue/JW_000229.jpg,blank_image
JW_000252,data/catalogue/JW_000252.jpg,blank_image
JW_000259,data/catalogue/JW_000259.jpg,blank_image
JW_000261,data/catalogue/JW_000261.jpg,blank_image
JW_000263,data/catalogue/JW_000263.jpg,blank_image
JW_000268,data/catalogue/JW_000268.jpg,blank_image
JW_000273,data/catalogue/JW_000273.jpg,duplicate_phash
JW_000274,data/catalogue/JW_000274.jpg,duplicate_phash
JW_000275,data/catalogue/JW_000275.jpg,duplicate_phash
JW_000276,data/catalogue/JW_000276.jpg,duplicate_phash
JW_000277,data/catalogue/JW_000277.jpg,duplicate_phash
JW_000278,data/catalogue/JW_000278.jpg,duplicate_phash
JW_000279,data/catalogue/JW_000279.jpg,duplicate_phash
JW_000280,data/catalogue/JW_000280.jpg,duplicate_phash
JW_000282,data/catalogue/JW_000282.jpg,duplicate_phash
JW_000284,data/catalogue/JW_000284.jpg,duplicate_phash
JW_000285,data/catalogue/JW_000285.jpg,duplicate_phash
JW_000286,data/catalogue/JW_000286.jpg,duplicate_phash
JW_000287,data/catalogue/JW_000287.jpg,duplicate_phash
JW_000288,data/catalogue/JW_000288.jpg,duplicate_phash
JW_000289,data/catalogue/JW_000289.jpg,duplicate_phash
JW_000290,data/catalogue/JW_000290.jpg,duplicate_phash
JW_000291,data/catalogue/JW_000291.jpg,duplicate_phash
JW_000293,data/catalogue/JW_000293.jpg,blank_image
JW_000310,data/catalogue/JW_000310.jpg,blank_image
JW_000320,data/catalogue/JW_000320.jpg,duplicate_phash
JW_000321,data/catalogue/JW_000321.jpg,blank_image
JW_000324,data/catalogue/JW_000324.jpg,blank_image
JW_000345,data/catalogue/JW_000345.jpg,blank_image
JW_000354,data/catalogue/JW_000354.jpg,blank_image
JW_000360,data/catalogue/JW_000360.jpg,blank_image
JW_000362,data/catalogue/JW_000362.jpg,blank_image
JW_000363,data/catalogue/JW_000363.jpg,blank_image
JW_000365,data/catalogue/JW_000365.jpg,blank_image
JW_000368,data/catalogue/JW_000368.jpg,blank_image
JW_000371,data/catalogue/JW_000371.jpg,blank_image
JW_000373,data/catalogue/JW_000373.jpg,blank_image
JW_000375,data/catalogue/JW_000375.jpg,blank_image
JW_000377,data/catalogue/JW_000377.jpg,blank_image
JW_000379,data/catalogue/JW_000379.jpg,blank_image
JW_000381,data/catalogue/JW_000381.jpg,blank_image
JW_000383,data/catalogue/JW_000383.jpg,blank_image
JW_000384,data/catalogue/JW_000384.jpg,blank_image
JW_000419,data/catalogue/JW_000419.jpg,blank_image
JW_000427,data/catalogue/JW_000427.jpg,blank_image
JW_000430,data/catalogue/JW_000430.jpg,blank_image
JW_000432,data/catalogue/JW_000432.jpg,blank_image
JW_000438,data/catalogue/JW_000438.jpg,blank_image
JW_000454,data/catalogue/JW_000454.jpg,blank_image
JW_000487,data/catalogue/JW_000487.jpg,blank_image
JW_000488,data/catalogue/JW_000488.jpg,blank_image
JW_000491,data/catalogue/JW_000491.jpg,blank_image
JW_000492,data/catalogue/JW_000492.jpg,blank_image
JW_000498,data/catalogue/JW_000498.jpg,blank_image
JW_000503,data/catalogue/JW_000503.jpg,blank_image
JW_000505,data/catalogue/JW_000505.jpg,blank_image
JW_000516,data/catalogue/JW_000516.jpg,blank_image
JW_000533,data/catalogue/JW_000533.jpg,blank_image
JW_000540,data/catalogue/JW_000540.jpg,blank_image
JW_000546,data/catalogue/JW_000546.jpg,blank_image
JW_000559,data/catalogue/JW_000559.jpg,blank_image
JW_000561,data/catalogue/JW_000561.jpg,blank_image
JW_000575,data/catalogue/JW_000575.jpg,blank_image
JW_000576,data/catalogue/JW_000576.jpg,blank_image
JW_000577,data/catalogue/JW_000577.jpg,blank_image
JW_000593,data/catalogue/JW_000593.jpg,blank_image
JW_000594,data/catalogue/JW_000594.jpg,blank_image
JW_000604,data/catalogue/JW_000604.jpg,blank_image
JW_000609,data/catalogue/JW_000609.jpg,blank_image
JW_000620,data/catalogue/JW_000620.jpg,blank_image
JW_000626,data/catalogue/JW_000626.jpg,duplicate_phash
JW_000651,data/catalogue/JW_000651.jpg,blank_image
JW_000660,data/catalogue/JW_000660.jpg,blank_image
JW_000666,data/catalogue/JW_000666.jpg,blank_image
JW_000691,data/catalogue/JW_000691.jpg,blank_image
JW_000694,data/catalogue/JW_000694.jpg,blank_image
JW_000718,data/catalogue/JW_000718.jpg,blank_image
JW_000739,data/catalogue/JW_000739.jpg,blank_image
JW_000740,data/catalogue/JW_000740.jpg,blank_image
JW_000767,data/catalogue/JW_000767.jpg,blank_image
JW_000778,data/catalogue/JW_000778.jpg,blank_image
JW_000809,data/catalogue/JW_000809.jpg,blank_image
JW_000815,data/catalogue/JW_000815.jpg,blank_image
JW_000824,data/catalogue/JW_000824.jpg,blank_image
JW_000844,data/catalogue/JW_000844.jpg,blank_image
JW_000845,data/catalogue/JW_000845.jpg,blank_image
JW_000847,data/catalogue/JW_000847.jpg,blank_image
JW_000853,data/catalogue/JW_000853.jpg,blank_image
JW_000855,data/catalogue/JW_000855.jpg,duplicate_phash
JW_000862,data/catalogue/JW_000862.jpg,blank_image
JW_000864,data/catalogue/JW_000864.jpg,blank_image
JW_000870,data/catalogue/JW_000870.jpg,blank_image
JW_000871,data/catalogue/JW_000871.jpg,blank_image
JW_000874,data/catalogue/JW_000874.jpg,blank_image
JW_000883,data/catalogue/JW_000883.jpg,blank_image
JW_000888,data/catalogue/JW_000888.jpg,blank_image
JW_000915,data/catalogue/JW_000915.jpg,blank_image
JW_000924,data/catalogue/JW_000924.jpg,blank_image
JW_000930,data/catalogue/JW_000930.jpg,blank_image
JW_000932,data/catalogue/JW_000932.jpg,blank_image
JW_000933,data/catalogue/JW_000933.jpg,blank_image
JW_000934,data/catalogue/JW_000934.jpg,blank_image
JW_000935,data/catalogue/JW_000935.jpg,blank_image
JW_000936,data/catalogue/JW_000936.jpg,blank_image
JW_000937,data/catalogue/JW_000937.jpg,blank_image
JW_000938,data/catalogue/JW_000938.jpg,blank_image
JW_000943,data/catalogue/JW_000943.jpg,blank_image
JW_001351,data/catalogue/JW_001351.jpg,blank_image
JW_001353,data/catalogue/JW_001353.jpg,blank_image
JW_001355,data/catalogue/JW_001355.jpg,blank_image
JW_001359,data/catalogue/JW_001359.jpg,blank_image
JW_001362,data/catalogue/JW_001362.jpg,blank_image
JW_001363,data/catalogue/JW_001363.jpg,blank_image
JW_001365,data/catalogue/JW_001365.jpg,blank_image
JW_001375,data/catalogue/JW_001375.jpg,blank_image
JW_001376,data/catalogue/JW_001376.jpg,blank_image
JW_001380,data/catalogue/JW_001380.jpg,blank_image
JW_001381,data/catalogue/JW_001381.jpg,blank_image
JW_001384,data/catalogue/JW_001384.jpg,blank_image
JW_001386,data/catalogue/JW_001386.jpg,blank_image
JW_001387,data/catalogue/JW_001387.jpg,blank_image
JW_001395,data/catalogue/JW_001395.jpg,blank_image
JW_001397,data/catalogue/JW_001397.jpg,blank_image
JW_001398,data/catalogue/JW_001398.jpg,blank_image
JW_001400,data/catalogue/JW_001400.jpg,blank_image
JW_001405,data/catalogue/JW_001405.jpg,blank_image
JW_001418,data/catalogue/JW_001418.jpg,blank_image
JW_001424,data/catalogue/JW_001424.jpg,blank_image
JW_001426,data/catalogue/JW_001426.jpg,blank_image
JW_001438,data/catalogue/JW_001438.jpg,duplicate_phash
JW_001483,data/catalogue/JW_001483.jpg,duplicate_phash
JW_001506,data/catalogue/JW_001506.jpg,duplicate_phash
JW_001589,data/catalogue/JW_001589.jpg,duplicate_phash
JW_001591,data/catalogue/JW_001591.jpg,duplicate_phash
JW_001651,data/catalogue/JW_001651.jpg,duplicate_phash
JW_001700,data/catalogue/JW_001700.jpg,duplicate_phash
JW_001741,data/catalogue/JW_001741.jpg,blank_image
JW_001744,data/catalogue/JW_001744.jpg,blank_image
JW_001782,data/catalogue/JW_001782.jpg,duplicate_phash
JW_001913,data/catalogue/JW_001913.jpg,duplicate_phash
JW_001923,data/catalogue/JW_001923.jpg,duplicate_phash
JW_001947,data/catalogue/JW_001947.jpg,blank_image
JW_001955,data/catalogue/JW_001955.jpg,blank_image
JW_001956,data/catalogue/JW_001956.jpg,blank_image
JW_001960,data/catalogue/JW_001960.jpg,blank_image
JW_001966,data/catalogue/JW_001966.jpg,blank_image
JW_001967,data/catalogue/JW_001967.jpg,blank_image
JW_001968,data/catalogue/JW_001968.jpg,blank_image
JW_001969,data/catalogue/JW_001969.jpg,blank_image
JW_001970,data/catalogue/JW_001970.jpg,blank_image
JW_001971,data/catalogue/JW_001971.jpg,blank_image
JW_001974,data/catalogue/JW_001974.jpg,blank_image
JW_001975,data/catalogue/JW_001975.jpg,blank_image
JW_001976,data/catalogue/JW_001976.jpg,blank_image
JW_001989,data/catalogue/JW_001989.jpg,blank_image
JW_001994,data/catalogue/JW_001994.jpg,blank_image
JW_001996,data/catalogue/JW_001996.jpg,blank_image
JW_002002,data/catalogue/JW_002002.jpg,blank_image
JW_002006,data/catalogue/JW_002006.jpg,blank_image
JW_002008,data/catalogue/JW_002008.jpg,blank_image
JW_002020,data/catalogue/JW_002020.jpg,blank_image
JW_002029,data/catalogue/JW_002029.jpg,blank_image
JW_002031,data/catalogue/JW_002031.jpg,blank_image
JW_002032,data/catalogue/JW_002032.jpg,blank_image
JW_002046,data/catalogue/JW_002046.jpg,blank_image
JW_002056,data/catalogue/JW_002056.jpg,blank_image
JW_002059,data/catalogue/JW_002059.jpg,blank_image
JW_002061,data/catalogue/JW_002061.jpg,blank_image
JW_002062,data/catalogue/JW_002062.jpg,blank_image
JW_002063,data/catalogue/JW_002063.jpg,blank_image
JW_002064,data/catalogue/JW_002064.jpg,blank_image
JW_002065,data/catalogue/JW_002065.jpg,blank_image
JW_002066,data/catalogue/JW_002066.jpg,blank_image
JW_002067,data/catalogue/JW_002067.jpg,blank_image
JW_002069,data/catalogue/JW_002069.jpg,blank_image
JW_002071,data/catalogue/JW_002071.jpg,blank_image
JW_002073,data/catalogue/JW_002073.jpg,blank_image
JW_002077,data/catalogue/JW_002077.jpg,blank_image
JW_002082,data/catalogue/JW_002082.jpg,duplicate_phash
JW_002084,data/catalogue/JW_002084.jpg,duplicate_phash
JW_002086,data/catalogue/JW_002086.jpg,duplicate_phash
JW_002088,data/catalogue/JW_002088.jpg,duplicate_phash
JW_002091,data/catalogue/JW_002091.jpg,blank_image
JW_002092,data/catalogue/JW_002092.jpg,blank_image
JW_002102,data/catalogue/JW_002102.jpg,blank_image
JW_002108,data/catalogue/JW_002108.jpg,blank_image
JW_002109,data/catalogue/JW_002109.jpg,blank_image
JW_002110,data/catalogue/JW_002110.jpg,blank_image
JW_002111,data/catalogue/JW_002111.jpg,blank_image
JW_002113,data/catalogue/JW_002113.jpg,duplicate_phash
JW_002116,data/catalogue/JW_002116.jpg,duplicate_phash
JW_002121,data/catalogue/JW_002121.jpg,blank_image
JW_002133,data/catalogue/JW_002133.jpg,blank_image
JW_002137,data/catalogue/JW_002137.jpg,blank_image
JW_002138,data/catalogue/JW_002138.jpg,blank_image
JW_002139,data/catalogue/JW_002139.jpg,blank_image
JW_002140,data/catalogue/JW_002140.jpg,blank_image
JW_002141,data/catalogue/JW_002141.jpg,blank_image
JW_002142,data/catalogue/JW_002142.jpg,blank_image
JW_002143,data/catalogue/JW_002143.jpg,blank_image
JW_002144,data/catalogue/JW_002144.jpg,blank_image
JW_002150,data/catalogue/JW_002150.jpg,blank_image
JW_002151,data/catalogue/JW_002151.jpg,blank_image
JW_002156,data/catalogue/JW_002156.jpg,blank_image
JW_002159,data/catalogue/JW_002159.jpg,blank_image
JW_002374,data/catalogue/JW_002374.jpg,blank_image
JW_002381,data/catalogue/JW_002381.jpg,blank_image
JW_002424,data/catalogue/JW_002424.jpg,duplicate_phash
JW_002475,data/catalogue/JW_002475.jpg,blank_image
JW_002506,data/catalogue/JW_002506.jpg,duplicate_phash
JW_002530,data/catalogue/JW_002530.jpg,duplicate_phash
JW_002568,data/catalogue/JW_002568.jpg,blank_image
JW_002582,data/catalogue/JW_002582.jpg,blank_image
JW_002612,data/catalogue/JW_002612.jpg,duplicate_phash
JW_002670,data/catalogue/JW_002670.jpg,blank_image
JW_002678,data/catalogue/JW_002678.jpg,blank_image
JW_002680,data/catalogue/JW_002680.jpg,blank_image
JW_002706,data/catalogue/JW_002706.jpg,blank_image
JW_002736,data/catalogue/JW_002736.jpg,blank_image
JW_002752,data/catalogue/JW_002752.jpg,blank_image
JW_002756,data/catalogue/JW_002756.jpg,blank_image
JW_002793,data/catalogue/JW_002793.jpg,blank_image
JW_002845,data/catalogue/JW_002845.jpg,blank_image
JW_002949,data/catalogue/JW_002949.jpg,blank_image
JW_002952,data/catalogue/JW_002952.jpg,duplicate_phash
JW_002954,data/catalogue/JW_002954.jpg,duplicate_phash
JW_002956,data/catalogue/JW_002956.jpg,duplicate_phash
JW_002958,data/catalogue/JW_002958.jpg,duplicate_phash
JW_002959,data/catalogue/JW_002959.jpg,blank_image
JW_002960,data/catalogue/JW_002960.jpg,blank_image
JW_002961,data/catalogue/JW_002961.jpg,blank_image
JW_002964,data/catalogue/JW_002964.jpg,blank_image
JW_002969,data/catalogue/JW_002969.jpg,blank_image
JW_002970,data/catalogue/JW_002970.jpg,blank_image
JW_002973,data/catalogue/JW_002973.jpg,blank_image
JW_002981,data/catalogue/JW_002981.jpg,duplicate_phash
JW_002983,data/catalogue/JW_002983.jpg,blank_image
JW_003012,data/catalogue/JW_003012.jpg,duplicate_phash
JW_003123,data/catalogue/JW_003123.jpg,duplicate_phash
JW_003129,data/catalogue/JW_003129.jpg,duplicate_phash
JW_003133,data/catalogue/JW_003133.jpg,duplicate_phash
JW_003134,data/catalogue/JW_003134.jpg,duplicate_phash
JW_003138,data/catalogue/JW_003138.jpg,duplicate_phash
JW_003247,data/catalogue/JW_003247.jpg,duplicate_phash
JW_003284,data/catalogue/JW_003284.jpg,duplicate_phash
JW_003451,data/catalogue/JW_003451.jpg,duplicate_phash
JW_003502,data/catalogue/JW_003502.jpg,duplicate_phash
JW_003506,data/catalogue/JW_003506.jpg,blank_image
JW_003521,data/catalogue/JW_003521.jpg,duplicate_phash
JW_003547,data/catalogue/JW_003547.jpg,blank_image
JW_003566,data/catalogue/JW_003566.jpg,blank_image
JW_003567,data/catalogue/JW_003567.jpg,blank_image
JW_003568,data/catalogue/JW_003568.jpg,blank_image
JW_003674,data/catalogue/JW_003674.jpg,blank_image
JW_003679,data/catalogue/JW_003679.jpg,blank_image
JW_003709,data/catalogue/JW_003709.jpg,blank_image
JW_003892,data/catalogue/JW_003892.jpg,blank_image
JW_003903,data/catalogue/JW_003903.jpg,blank_image
JW_003907,data/catalogue/JW_003907.jpg,blank_image
JW_003908,data/catalogue/JW_003908.jpg,blank_image
JW_003938,data/catalogue/JW_003938.jpg,blank_image
JW_003983,data/catalogue/JW_003983.jpg,blank_image
JW_004021,data/catalogue/JW_004021.jpg,blank_image
JW_004069,data/catalogue/JW_004069.jpg,duplicate_phash
JW_004077,data/catalogue/JW_004077.jpg,duplicate_phash
JW_004085,data/catalogue/JW_004085.jpg,blank_image
JW_004088,data/catalogue/JW_004088.jpg,blank_image
JW_004112,data/catalogue/JW_004112.jpg,duplicate_phash
JW_004119,data/catalogue/JW_004119.jpg,blank_image
JW_004122,data/catalogue/JW_004122.jpg,duplicate_phash
JW_004123,data/catalogue/JW_004123.jpg,blank_image
JW_004145,data/catalogue/JW_004145.jpg,duplicate_phash
JW_004178,data/catalogue/JW_004178.jpg,duplicate_phash
JW_004179,data/catalogue/JW_004179.jpg,duplicate_phash
JW_004185,data/catalogue/JW_004185.jpg,blank_image
JW_004194,data/catalogue/JW_004194.jpg,blank_image
JW_004226,data/catalogue/JW_004226.jpg,blank_image
JW_004228,data/catalogue/JW_004228.jpg,blank_image
JW_004262,data/catalogue/JW_004262.jpg,blank_image
JW_004285,data/catalogue/JW_004285.jpg,blank_image
JW_004289,data/catalogue/JW_004289.jpg,blank_image
JW_004301,data/catalogue/JW_004301.jpg,blank_image
JW_004313,data/catalogue/JW_004313.jpg,blank_image
JW_004321,data/catalogue/JW_004321.jpg,blank_image
JW_004352,data/catalogue/JW_004352.jpg,blank_image
JW_004360,data/catalogue/JW_004360.jpg,blank_image
JW_004377,data/catalogue/JW_004377.jpg,blank_image
JW_004381,data/catalogue/JW_004381.jpg,blank_image
JW_004386,data/catalogue/JW_004386.jpg,blank_image
JW_004388,data/catalogue/JW_004388.jpg,blank_image
JW_004401,data/catalogue/JW_004401.jpg,blank_image
JW_004405,data/catalogue/JW_004405.jpg,blank_image
JW_004410,data/catalogue/JW_004410.jpg,blank_image
JW_004413,data/catalogue/JW_004413.jpg,blank_image
JW_004418,data/catalogue/JW_004418.jpg,blank_image
JW_004432,data/catalogue/JW_004432.jpg,blank_image
JW_004436,data/catalogue/JW_004436.jpg,blank_image
JW_004441,data/catalogue/JW_004441.jpg,blank_image
JW_004443,data/catalogue/JW_004443.jpg,blank_image
JW_004448,data/catalogue/JW_004448.jpg,blank_image
JW_004455,data/catalogue/JW_004455.jpg,blank_image
JW_004456,data/catalogue/JW_004456.jpg,blank_image
JW_004461,data/catalogue/JW_004461.jpg,blank_image
JW_004465,data/catalogue/JW_004465.jpg,blank_image
JW_004466,data/catalogue/JW_004466.jpg,blank_image
JW_004495,data/catalogue/JW_004495.jpg,blank_image
JW_004498,data/catalogue/JW_004498.jpg,blank_image
JW_004501,data/catalogue/JW_004501.jpg,blank_image
JW_004502,data/catalogue/JW_004502.jpg,blank_image
JW_004503,data/catalogue/JW_004503.jpg,blank_image
JW_004509,data/catalogue/JW_004509.jpg,blank_image
JW_004510,data/catalogue/JW_004510.jpg,blank_image
JW_004530,data/catalogue/JW_004530.jpg,blank_image
JW_004540,data/catalogue/JW_004540.jpg,blank_image
JW_004544,data/catalogue/JW_004544.jpg,blank_image
JW_004547,data/catalogue/JW_004547.jpg,blank_image
JW_004556,data/catalogue/JW_004556.jpg,blank_image
JW_004564,data/catalogue/JW_004564.jpg,blank_image
JW_004585,data/catalogue/JW_004585.jpg,blank_image
JW_004588,data/catalogue/JW_004588.jpg,blank_image
JW_004596,data/catalogue/JW_004596.jpg,blank_image
JW_004597,data/catalogue/JW_004597.jpg,blank_image
JW_004609,data/catalogue/JW_004609.jpg,blank_image
JW_004619,data/catalogue/JW_004619.jpg,blank_image
JW_004632,data/catalogue/JW_004632.jpg,blank_image
JW_004657,data/catalogue/JW_004657.jpg,blank_image
JW_004666,data/catalogue/JW_004666.jpg,blank_image
JW_004668,data/catalogue/JW_004668.jpg,blank_image
JW_004686,data/catalogue/JW_004686.jpg,blank_image
JW_004703,data/catalogue/JW_004703.jpg,blank_image
JW_004715,data/catalogue/JW_004715.jpg,blank_image
JW_004718,data/catalogue/JW_004718.jpg,blank_image
JW_004719,data/catalogue/JW_004719.jpg,blank_image
JW_004721,data/catalogue/JW_004721.jpg,blank_image
JW_004731,data/catalogue/JW_004731.jpg,blank_image
JW_004749,data/catalogue/JW_004749.jpg,blank_image
JW_004765,data/catalogue/JW_004765.jpg,blank_image
JW_004771,data/catalogue/JW_004771.jpg,blank_image
JW_004826,data/catalogue/JW_004826.jpg,blank_image
JW_004837,data/catalogue/JW_004837.jpg,blank_image
JW_004843,data/catalogue/JW_004843.jpg,blank_image
JW_004885,data/catalogue/JW_004885.jpg,blank_image
JW_004903,data/catalogue/JW_004903.jpg,blank_image
JW_004909,data/catalogue/JW_004909.jpg,blank_image
JW_004910,data/catalogue/JW_004910.jpg,blank_image
JW_004911,data/catalogue/JW_004911.jpg,blank_image
JW_004913,data/catalogue/JW_004913.jpg,blank_image
JW_004926,data/catalogue/JW_004926.jpg,blank_image
JW_004934,data/catalogue/JW_004934.jpg,blank_image
JW_004946,data/catalogue/JW_004946.jpg,blank_image
JW_004964,data/catalogue/JW_004964.jpg,blank_image
JW_004967,data/catalogue/JW_004967.jpg,blank_image
JW_004984,data/catalogue/JW_004984.jpg,blank_image
JW_004988,data/catalogue/JW_004988.jpg,blank_image
JW_004994,data/catalogue/JW_004994.jpg,blank_image
JW_004996,data/catalogue/JW_004996.jpg,blank_image
JW_005014,data/catalogue/JW_005014.jpg,blank_image
JW_005027,data/catalogue/JW_005027.jpg,blank_image
JW_005033,data/catalogue/JW_005033.jpg,blank_image
JW_005036,data/catalogue/JW_005036.jpg,blank_image
JW_005049,data/catalogue/JW_005049.jpg,blank_image
JW_005057,data/catalogue/JW_005057.jpg,blank_image
JW_005076,data/catalogue/JW_005076.jpg,blank_image
JW_005081,data/catalogue/JW_005081.jpg,blank_image
JW_005089,data/catalogue/JW_005089.jpg,blank_image
JW_005114,data/catalogue/JW_005114.jpg,blank_image
JW_005127,data/catalogue/JW_005127.jpg,blank_image
JW_005128,data/catalogue/JW_005128.jpg,blank_image
JW_005130,data/catalogue/JW_005130.jpg,blank_image
JW_005132,data/catalogue/JW_005132.jpg,blank_image
JW_005133,data/catalogue/JW_005133.jpg,blank_image
JW_005134,data/catalogue/JW_005134.jpg,blank_image
JW_005135,data/catalogue/JW_005135.jpg,blank_image
JW_005136,data/catalogue/JW_005136.jpg,blank_image
JW_005137,data/catalogue/JW_005137.jpg,blank_image
JW_005138,data/catalogue/JW_005138.jpg,blank_image
JW_005139,data/catalogue/JW_005139.jpg,blank_image
JW_005140,data/catalogue/JW_005140.jpg,blank_image
JW_005145,data/catalogue/JW_005145.jpg,blank_image
JW_005146,data/catalogue/JW_005146.jpg,blank_image
JW_005147,data/catalogue/JW_005147.jpg,blank_image
JW_005148,data/catalogue/JW_005148.jpg,blank_image
JW_005149,data/catalogue/JW_005149.jpg,blank_image
JW_005150,data/catalogue/JW_005150.jpg,blank_image
JW_005151,data/catalogue/JW_005151.jpg,blank_image
JW_005152,data/catalogue/JW_005152.jpg,blank_image
JW_005153,data/catalogue/JW_005153.jpg,blank_image
JW_005154,data/catalogue/JW_005154.jpg,blank_image
JW_005156,data/catalogue/JW_005156.jpg,blank_image
JW_005157,data/catalogue/JW_005157.jpg,blank_image
JW_005158,data/catalogue/JW_005158.jpg,blank_image
JW_005159,data/catalogue/JW_005159.jpg,blank_image
JW_005160,data/catalogue/JW_005160.jpg,blank_image
JW_005161,data/catalogue/JW_005161.jpg,blank_image
JW_005162,data/catalogue/JW_005162.jpg,blank_image
JW_005163,data/catalogue/JW_005163.jpg,blank_image
JW_005164,data/catalogue/JW_005164.jpg,blank_image
JW_005165,data/catalogue/JW_005165.jpg,blank_image
JW_005166,data/catalogue/JW_005166.jpg,blank_image
JW_005167,data/catalogue/JW_005167.jpg,blank_image
JW_005168,data/catalogue/JW_005168.jpg,blank_image
JW_005169,data/catalogue/JW_005169.jpg,blank_image
JW_005170,data/catalogue/JW_005170.jpg,blank_image
JW_005171,data/catalogue/JW_005171.jpg,blank_image
JW_005172,data/catalogue/JW_005172.jpg,blank_image
JW_005173,data/catalogue/JW_005173.jpg,blank_image
JW_005174,data/catalogue/JW_005174.jpg,blank_image
JW_005175,data/catalogue/JW_005175.jpg,blank_image
JW_005176,data/catalogue/JW_005176.jpg,blank_image
JW_005177,data/catalogue/JW_005177.jpg,blank_image
JW_005178,data/catalogue/JW_005178.jpg,blank_image
JW_005179,data/catalogue/JW_005179.jpg,blank_image
JW_005180,data/catalogue/JW_005180.jpg,blank_image
JW_005181,data/catalogue/JW_005181.jpg,blank_image
JW_005182,data/catalogue/JW_005182.jpg,blank_image
JW_005183,data/catalogue/JW_005183.jpg,blank_image
JW_005184,data/catalogue/JW_005184.jpg,blank_image
JW_005185,data/catalogue/JW_005185.jpg,blank_image
JW_005186,data/catalogue/JW_005186.jpg,blank_image
JW_005187,data/catalogue/JW_005187.jpg,blank_image
JW_005188,data/catalogue/JW_005188.jpg,blank_image
JW_005189,data/catalogue/JW_005189.jpg,blank_image
JW_005190,data/catalogue/JW_005190.jpg,blank_image
JW_005192,data/catalogue/JW_005192.jpg,blank_image
JW_005193,data/catalogue/JW_005193.jpg,blank_image
JW_005194,data/catalogue/JW_005194.jpg,blank_image
JW_005195,data/catalogue/JW_005195.jpg,blank_image
JW_005196,data/catalogue/JW_005196.jpg,blank_image
JW_005197,data/catalogue/JW_005197.jpg,blank_image
JW_005200,data/catalogue/JW_005200.jpg,blank_image
JW_005201,data/catalogue/JW_005201.jpg,blank_image
JW_005202,data/catalogue/JW_005202.jpg,blank_image
JW_005203,data/catalogue/JW_005203.jpg,blank_image
JW_005204,data/catalogue/JW_005204.jpg,blank_image
JW_005206,data/catalogue/JW_005206.jpg,blank_image
JW_005207,data/catalogue/JW_005207.jpg,blank_image
JW_005209,data/catalogue/JW_005209.jpg,blank_image
JW_005210,data/catalogue/JW_005210.jpg,blank_image
JW_005212,data/catalogue/JW_005212.jpg,blank_image
JW_005213,data/catalogue/JW_005213.jpg,blank_image
JW_005214,data/catalogue/JW_005214.jpg,blank_image
JW_005215,data/catalogue/JW_005215.jpg,blank_image
JW_005216,data/catalogue/JW_005216.jpg,blank_image
JW_005217,data/catalogue/JW_005217.jpg,duplicate_phash
JW_005218,data/catalogue/JW_005218.jpg,blank_image
JW_005219,data/catalogue/JW_005219.jpg,blank_image
JW_005221,data/catalogue/JW_005221.jpg,duplicate_phash
JW_005222,data/catalogue/JW_005222.jpg,blank_image
JW_005223,data/catalogue/JW_005223.jpg,blank_image
JW_005224,data/catalogue/JW_005224.jpg,blank_image
JW_005227,data/catalogue/JW_005227.jpg,blank_image
JW_005229,data/catalogue/JW_005229.jpg,blank_image
JW_005230,data/catalogue/JW_005230.jpg,blank_image
JW_005231,data/catalogue/JW_005231.jpg,blank_image
JW_005232,data/catalogue/JW_005232.jpg,blank_image
JW_005233,data/catalogue/JW_005233.jpg,blank_image
JW_005234,data/catalogue/JW_005234.jpg,blank_image
JW_005235,data/catalogue/JW_005235.jpg,blank_image
JW_005237,data/catalogue/JW_005237.jpg,blank_image
JW_005238,data/catalogue/JW_005238.jpg,blank_image
JW_005239,data/catalogue/JW_005239.jpg,blank_image
JW_005240,data/catalogue/JW_005240.jpg,blank_image
JW_005241,data/catalogue/JW_005241.jpg,blank_image
JW_005243,data/catalogue/JW_005243.jpg,blank_image
JW_005245,data/catalogue/JW_005245.jpg,blank_image
JW_005247,data/catalogue/JW_005247.jpg,blank_image
JW_005248,data/catalogue/JW_005248.jpg,blank_image
JW_005250,data/catalogue/JW_005250.jpg,blank_image
JW_005251,data/catalogue/JW_005251.jpg,blank_image
JW_005253,data/catalogue/JW_005253.jpg,duplicate_phash
JW_005254,data/catalogue/JW_005254.jpg,duplicate_phash
JW_005255,data/catalogue/JW_005255.jpg,blank_image
JW_005258,data/catalogue/JW_005258.jpg,blank_image
JW_005259,data/catalogue/JW_005259.jpg,blank_image
JW_005264,data/catalogue/JW_005264.jpg,duplicate_phash
JW_005265,data/catalogue/JW_005265.jpg,blank_image
JW_005266,data/catalogue/JW_005266.jpg,blank_image
JW_005267,data/catalogue/JW_005267.jpg,blank_image
JW_005268,data/catalogue/JW_005268.jpg,blank_image
JW_005269,data/catalogue/JW_005269.jpg,blank_image
JW_005270,data/catalogue/JW_005270.jpg,blank_image
JW_005271,data/catalogue/JW_005271.jpg,blank_image
JW_005272,data/catalogue/JW_005272.jpg,blank_image
JW_005273,data/catalogue/JW_005273.jpg,blank_image
JW_005274,data/catalogue/JW_005274.jpg,blank_image
JW_005275,data/catalogue/JW_005275.jpg,blank_image
JW_005276,data/catalogue/JW_005276.jpg,blank_image
JW_005277,data/catalogue/JW_005277.jpg,blank_image
JW_005278,data/catalogue/JW_005278.jpg,blank_image
JW_005279,data/catalogue/JW_005279.jpg,blank_image
JW_005280,data/catalogue/JW_005280.jpg,blank_image
JW_005281,data/catalogue/JW_005281.jpg,blank_image
JW_005282,data/catalogue/JW_005282.jpg,blank_image
JW_005283,data/catalogue/JW_005283.jpg,blank_image
JW_005284,data/catalogue/JW_005284.jpg,blank_image
JW_005287,data/catalogue/JW_005287.jpg,blank_image
JW_005292,data/catalogue/JW_005292.jpg,blank_image
JW_005294,data/catalogue/JW_005294.jpg,blank_image
JW_005297,data/catalogue/JW_005297.jpg,blank_image
JW_005298,data/catalogue/JW_005298.jpg,blank_image
JW_005299,data/catalogue/JW_005299.jpg,blank_image
JW_005300,data/catalogue/JW_005300.jpg,blank_image
JW_005301,data/catalogue/JW_005301.jpg,blank_image
JW_005303,data/catalogue/JW_005303.jpg,blank_image
JW_005313,data/catalogue/JW_005313.jpg,duplicate_phash
JW_005314,data/catalogue/JW_005314.jpg,blank_image
JW_005330,data/catalogue/JW_005330.jpg,blank_image
JW_005334,data/catalogue/JW_005334.jpg,blank_image
JW_005335,data/catalogue/JW_005335.jpg,blank_image
JW_005337,data/catalogue/JW_005337.jpg,blank_image
JW_005340,data/catalogue/JW_005340.jpg,blank_image
JW_005345,data/catalogue/JW_005345.jpg,blank_image
JW_005348,data/catalogue/JW_005348.jpg,blank_image
JW_005349,data/catalogue/JW_005349.jpg,blank_image
JW_005358,data/catalogue/JW_005358.jpg,blank_image
JW_005359,data/catalogue/JW_005359.jpg,blank_image
JW_005360,data/catalogue/JW_005360.jpg,blank_image
JW_005361,data/catalogue/JW_005361.jpg,blank_image
JW_005362,data/catalogue/JW_005362.jpg,blank_image
JW_005368,data/catalogue/JW_005368.jpg,blank_image
JW_005369,data/catalogue/JW_005369.jpg,blank_image
JW_005373,data/catalogue/JW_005373.jpg,blank_image
JW_005377,data/catalogue/JW_005377.jpg,blank_image
JW_005378,data/catalogue/JW_005378.jpg,blank_image
JW_005379,data/catalogue/JW_005379.jpg,blank_image
JW_005380,data/catalogue/JW_005380.jpg,blank_image
JW_005381,data/catalogue/JW_005381.jpg,blank_image
JW_005382,data/catalogue/JW_005382.jpg,blank_image
JW_005383,data/catalogue/JW_005383.jpg,blank_image
JW_005389,data/catalogue/JW_005389.jpg,blank_image
JW_005392,data/catalogue/JW_005392.jpg,duplicate_phash
JW_005400,data/catalogue/JW_005400.jpg,blank_image
JW_005405,data/catalogue/JW_005405.jpg,blank_image
JW_005406,data/catalogue/JW_005406.jpg,blank_image
JW_005407,data/catalogue/JW_005407.jpg,blank_image
JW_005408,data/catalogue/JW_005408.jpg,blank_image
JW_005411,data/catalogue/JW_005411.jpg,blank_image
JW_005412,data/catalogue/JW_005412.jpg,blank_image
JW_005427,data/catalogue/JW_005427.jpg,blank_image
JW_005428,data/catalogue/JW_005428.jpg,blank_image
JW_005432,data/catalogue/JW_005432.jpg,blank_image
JW_005439,data/catalogue/JW_005439.jpg,blank_image
JW_005453,data/catalogue/JW_005453.jpg,blank_image
JW_005457,data/catalogue/JW_005457.jpg,blank_image
JW_005468,data/catalogue/JW_005468.jpg,blank_image
JW_005472,data/catalogue/JW_005472.jpg,blank_image
JW_005473,data/catalogue/JW_005473.jpg,blank_image
JW_005474,data/catalogue/JW_005474.jpg,blank_image
JW_005483,data/catalogue/JW_005483.jpg,blank_image
JW_005484,data/catalogue/JW_005484.jpg,blank_image
JW_005491,data/catalogue/JW_005491.jpg,blank_image
JW_005492,data/catalogue/JW_005492.jpg,blank_image
JW_005493,data/catalogue/JW_005493.jpg,blank_image
JW_005499,data/catalogue/JW_005499.jpg,blank_image
JW_005504,data/catalogue/JW_005504.jpg,blank_image
JW_005508,data/catalogue/JW_005508.jpg,blank_image
JW_005527,data/catalogue/JW_005527.jpg,blank_image
JW_005539,data/catalogue/JW_005539.jpg,blank_image
JW_005542,data/catalogue/JW_005542.jpg,blank_image
JW_005552,data/catalogue/JW_005552.jpg,blank_image
JW_005553,data/catalogue/JW_005553.jpg,blank_image
JW_005557,data/catalogue/JW_005557.jpg,blank_image
JW_005563,data/catalogue/JW_005563.jpg,blank_image
JW_005569,data/catalogue/JW_005569.jpg,blank_image
JW_005579,data/catalogue/JW_005579.jpg,blank_image
JW_005588,data/catalogue/JW_005588.jpg,blank_image
JW_005595,data/catalogue/JW_005595.jpg,blank_image
JW_005597,data/catalogue/JW_005597.jpg,blank_image
JW_005603,data/catalogue/JW_005603.jpg,blank_image
JW_005611,data/catalogue/JW_005611.jpg,blank_image
JW_005613,data/catalogue/JW_005613.jpg,blank_image
JW_005617,data/catalogue/JW_005617.jpg,blank_image
JW_005632,data/catalogue/JW_005632.jpg,blank_image
JW_005647,data/catalogue/JW_005647.jpg,blank_image
JW_005663,data/catalogue/JW_005663.jpg,blank_image
JW_005672,data/catalogue/JW_005672.jpg,blank_image
JW_005680,data/catalogue/JW_005680.jpg,blank_image
JW_005681,data/catalogue/JW_005681.jpg,blank_image
JW_005692,data/catalogue/JW_005692.jpg,blank_image
JW_005695,data/catalogue/JW_005695.jpg,blank_image
JW_005704,data/catalogue/JW_005704.jpg,blank_image
JW_005711,data/catalogue/JW_005711.jpg,blank_image
JW_005732,data/catalogue/JW_005732.jpg,blank_image
JW_005744,data/catalogue/JW_005744.jpg,blank_image
JW_005753,data/catalogue/JW_005753.jpg,blank_image
JW_005759,data/catalogue/JW_005759.jpg,blank_image
JW_005766,data/catalogue/JW_005766.jpg,blank_image
JW_005769,data/catalogue/JW_005769.jpg,blank_image
JW_005774,data/catalogue/JW_005774.jpg,blank_image
JW_005780,data/catalogue/JW_005780.jpg,blank_image
JW_005810,data/catalogue/JW_005810.jpg,blank_image
JW_005819,data/catalogue/JW_005819.jpg,blank_image
JW_005823,data/catalogue/JW_005823.jpg,blank_image
JW_005826,data/catalogue/JW_005826.jpg,blank_image
JW_005839,data/catalogue/JW_005839.jpg,blank_image
JW_005863,data/catalogue/JW_005863.jpg,blank_image
JW_005868,data/catalogue/JW_005868.jpg,blank_image
JW_005873,data/catalogue/JW_005873.jpg,blank_image
JW_005875,data/catalogue/JW_005875.jpg,blank_image
JW_005913,data/catalogue/JW_005913.jpg,blank_image
JW_005987,data/catalogue/JW_005987.jpg,blank_image
JW_006158,data/catalogue/JW_006158.jpg,duplicate_phash
JW_006160,data/catalogue/JW_006160.jpg,duplicate_phash
JW_006161,data/catalogue/JW_006161.jpg,duplicate_phash
JW_006162,data/catalogue/JW_006162.jpg,duplicate_phash
JW_006163,data/catalogue/JW_006163.jpg,duplicate_phash
JW_006164,data/catalogue/JW_006164.jpg,duplicate_phash
JW_006165,data/catalogue/JW_006165.jpg,duplicate_phash
JW_006166,data/catalogue/JW_006166.jpg,duplicate_phash
JW_006167,data/catalogue/JW_006167.jpg,duplicate_phash
JW_006168,data/catalogue/JW_006168.jpg,duplicate_phash
JW_006169,data/catalogue/JW_006169.jpg,duplicate_phash
JW_006170,data/catalogue/JW_006170.jpg,duplicate_phash
JW_006171,data/catalogue/JW_006171.jpg,blank_image
JW_006172,data/catalogue/JW_006172.jpg,duplicate_phash
JW_006173,data/catalogue/JW_006173.jpg,duplicate_phash
JW_006174,data/catalogue/JW_006174.jpg,duplicate_phash
JW_006175,data/catalogue/JW_006175.jpg,blank_image
JW_006177,data/catalogue/JW_006177.jpg,duplicate_phash
JW_006178,data/catalogue/JW_006178.jpg,duplicate_phash
JW_006179,data/catalogue/JW_006179.jpg,blank_image
JW_006180,data/catalogue/JW_006180.jpg,duplicate_phash
JW_006181,data/catalogue/JW_006181.jpg,duplicate_phash
JW_006182,data/catalogue/JW_006182.jpg,duplicate_phash
JW_006183,data/catalogue/JW_006183.jpg,duplicate_phash
JW_006184,data/catalogue/JW_006184.jpg,duplicate_phash
JW_006185,data/catalogue/JW_006185.jpg,duplicate_phash
JW_006186,data/catalogue/JW_006186.jpg,duplicate_phash
JW_006188,data/catalogue/JW_006188.jpg,duplicate_phash
JW_006189,data/catalogue/JW_006189.jpg,duplicate_phash
JW_006190,data/catalogue/JW_006190.jpg,duplicate_phash
JW_006191,data/catalogue/JW_006191.jpg,duplicate_phash
JW_006192,data/catalogue/JW_006192.jpg,duplicate_phash
JW_006193,data/catalogue/JW_006193.jpg,duplicate_phash
JW_006194,data/catalogue/JW_006194.jpg,duplicate_phash
JW_006195,data/catalogue/JW_006195.jpg,duplicate_phash
JW_006197,data/catalogue/JW_006197.jpg,duplicate_phash
JW_006198,data/catalogue/JW_006198.jpg,blank_image
JW_006199,data/catalogue/JW_006199.jpg,duplicate_phash
JW_006200,data/catalogue/JW_006200.jpg,duplicate_phash
JW_006201,data/catalogue/JW_006201.jpg,duplicate_phash
JW_006202,data/catalogue/JW_006202.jpg,duplicate_phash
JW_006203,data/catalogue/JW_006203.jpg,duplicate_phash
JW_006204,data/catalogue/JW_006204.jpg,duplicate_phash
JW_006205,data/catalogue/JW_006205.jpg,duplicate_phash
JW_006206,data/catalogue/JW_006206.jpg,duplicate_phash
JW_006207,data/catalogue/JW_006207.jpg,duplicate_phash
JW_006208,data/catalogue/JW_006208.jpg,duplicate_phash
JW_006210,data/catalogue/JW_006210.jpg,blank_image
JW_006211,data/catalogue/JW_006211.jpg,duplicate_phash
JW_006213,data/catalogue/JW_006213.jpg,blank_image
JW_006214,data/catalogue/JW_006214.jpg,duplicate_phash
JW_006215,data/catalogue/JW_006215.jpg,duplicate_phash
JW_006216,data/catalogue/JW_006216.jpg,duplicate_phash
JW_006217,data/catalogue/JW_006217.jpg,duplicate_phash
JW_006218,data/catalogue/JW_006218.jpg,blank_image
JW_006220,data/catalogue/JW_006220.jpg,duplicate_phash
JW_006221,data/catalogue/JW_006221.jpg,duplicate_phash
JW_006222,data/catalogue/JW_006222.jpg,duplicate_phash
JW_006223,data/catalogue/JW_006223.jpg,duplicate_phash
JW_006224,data/catalogue/JW_006224.jpg,duplicate_phash
JW_006225,data/catalogue/JW_006225.jpg,duplicate_phash
JW_006227,data/catalogue/JW_006227.jpg,duplicate_phash
JW_006228,data/catalogue/JW_006228.jpg,duplicate_phash
JW_006229,data/catalogue/JW_006229.jpg,duplicate_phash
JW_006230,data/catalogue/JW_006230.jpg,duplicate_phash
JW_006231,data/catalogue/JW_006231.jpg,blank_image
JW_006232,data/catalogue/JW_006232.jpg,duplicate_phash
JW_006233,data/catalogue/JW_006233.jpg,duplicate_phash
JW_006234,data/catalogue/JW_006234.jpg,duplicate_phash
JW_006235,data/catalogue/JW_006235.jpg,duplicate_phash
JW_006236,data/catalogue/JW_006236.jpg,duplicate_phash
JW_006237,data/catalogue/JW_006237.jpg,blank_image
JW_006238,data/catalogue/JW_006238.jpg,duplicate_phash
JW_006239,data/catalogue/JW_006239.jpg,duplicate_phash
JW_006240,data/catalogue/JW_006240.jpg,duplicate_phash
JW_006241,data/catalogue/JW_006241.jpg,duplicate_phash
JW_006242,data/catalogue/JW_006242.jpg,duplicate_phash
JW_006243,data/catalogue/JW_006243.jpg,duplicate_phash
JW_006244,data/catalogue/JW_006244.jpg,duplicate_phash
JW_006245,data/catalogue/JW_006245.jpg,duplicate_phash
JW_006246,data/catalogue/JW_006246.jpg,blank_image
JW_006247,data/catalogue/JW_006247.jpg,duplicate_phash
JW_006248,data/catalogue/JW_006248.jpg,duplicate_phash
JW_006249,data/catalogue/JW_006249.jpg,duplicate_phash
JW_006250,data/catalogue/JW_006250.jpg,duplicate_phash
JW_006251,data/catalogue/JW_006251.jpg,duplicate_phash
JW_006252,data/catalogue/JW_006252.jpg,duplicate_phash
JW_006253,data/catalogue/JW_006253.jpg,duplicate_phash
JW_006254,data/catalogue/JW_006254.jpg,duplicate_phash
JW_006255,data/catalogue/JW_006255.jpg,duplicate_phash
JW_006256,data/catalogue/JW_006256.jpg,duplicate_phash
JW_006257,data/catalogue/JW_006257.jpg,blank_image
JW_006258,data/catalogue/JW_006258.jpg,duplicate_phash
JW_006259,data/catalogue/JW_006259.jpg,duplicate_phash
JW_006260,data/catalogue/JW_006260.jpg,duplicate_phash
JW_006261,data/catalogue/JW_006261.jpg,duplicate_phash
JW_006262,data/catalogue/JW_006262.jpg,duplicate_phash
JW_006263,data/catalogue/JW_006263.jpg,duplicate_phash
JW_006264,data/catalogue/JW_006264.jpg,duplicate_phash
JW_006265,data/catalogue/JW_006265.jpg,duplicate_phash
JW_006266,data/catalogue/JW_006266.jpg,duplicate_phash
JW_006267,data/catalogue/JW_006267.jpg,duplicate_phash
JW_006268,data/catalogue/JW_006268.jpg,duplicate_phash
JW_006269,data/catalogue/JW_006269.jpg,duplicate_phash
JW_006270,data/catalogue/JW_006270.jpg,duplicate_phash
JW_006271,data/catalogue/JW_006271.jpg,duplicate_phash
JW_006272,data/catalogue/JW_006272.jpg,duplicate_phash
JW_006273,data/catalogue/JW_006273.jpg,duplicate_phash
JW_006274,data/catalogue/JW_006274.jpg,duplicate_phash
JW_006275,data/catalogue/JW_006275.jpg,duplicate_phash
JW_006276,data/catalogue/JW_006276.jpg,duplicate_phash
JW_006277,data/catalogue/JW_006277.jpg,duplicate_phash
JW_006278,data/catalogue/JW_006278.jpg,blank_image
JW_006279,data/catalogue/JW_006279.jpg,duplicate_phash
JW_006280,data/catalogue/JW_006280.jpg,duplicate_phash
JW_006281,data/catalogue/JW_006281.jpg,duplicate_phash
JW_006282,data/catalogue/JW_006282.jpg,blank_image
JW_006283,data/catalogue/JW_006283.jpg,duplicate_phash
JW_006284,data/catalogue/JW_006284.jpg,duplicate_phash
JW_006285,data/catalogue/JW_006285.jpg,duplicate_phash
JW_006286,data/catalogue/JW_006286.jpg,blank_image
JW_006287,data/catalogue/JW_006287.jpg,duplicate_phash
JW_006288,data/catalogue/JW_006288.jpg,blank_image
JW_006289,data/catalogue/JW_006289.jpg,duplicate_phash
JW_006290,data/catalogue/JW_006290.jpg,duplicate_phash
JW_006291,data/catalogue/JW_006291.jpg,duplicate_phash
JW_006292,data/catalogue/JW_006292.jpg,duplicate_phash
JW_006293,data/catalogue/JW_006293.jpg,duplicate_phash
JW_006294,data/catalogue/JW_006294.jpg,duplicate_phash
JW_006295,data/catalogue/JW_006295.jpg,duplicate_phash
JW_006296,data/catalogue/JW_006296.jpg,duplicate_phash
JW_006297,data/catalogue/JW_006297.jpg,duplicate_phash
JW_006298,data/catalogue/JW_006298.jpg,blank_image
JW_006299,data/catalogue/JW_006299.jpg,duplicate_phash
JW_006300,data/catalogue/JW_006300.jpg,duplicate_phash
JW_006301,data/catalogue/JW_006301.jpg,duplicate_phash
JW_006302,data/catalogue/JW_006302.jpg,duplicate_phash
JW_006303,data/catalogue/JW_006303.jpg,duplicate_phash
JW_006304,data/catalogue/JW_006304.jpg,duplicate_phash
JW_006305,data/catalogue/JW_006305.jpg,duplicate_phash
JW_006306,data/catalogue/JW_006306.jpg,duplicate_phash
JW_006307,data/catalogue/JW_006307.jpg,duplicate_phash
JW_006308,data/catalogue/JW_006308.jpg,duplicate_phash
JW_006309,data/catalogue/JW_006309.jpg,duplicate_phash
JW_006310,data/catalogue/JW_006310.jpg,duplicate_phash
JW_006311,data/catalogue/JW_006311.jpg,duplicate_phash
JW_006312,data/catalogue/JW_006312.jpg,duplicate_phash
JW_006313,data/catalogue/JW_006313.jpg,duplicate_phash
JW_006314,data/catalogue/JW_006314.jpg,duplicate_phash
JW_006315,data/catalogue/JW_006315.jpg,duplicate_phash
JW_006316,data/catalogue/JW_006316.jpg,duplicate_phash
JW_006317,data/catalogue/JW_006317.jpg,duplicate_phash
JW_006318,data/catalogue/JW_006318.jpg,duplicate_phash
JW_006319,data/catalogue/JW_006319.jpg,duplicate_phash
JW_006320,data/catalogue/JW_006320.jpg,duplicate_phash
JW_006321,data/catalogue/JW_006321.jpg,duplicate_phash
JW_006322,data/catalogue/JW_006322.jpg,blank_image
JW_006323,data/catalogue/JW_006323.jpg,duplicate_phash
JW_006324,data/catalogue/JW_006324.jpg,duplicate_phash
JW_006325,data/catalogue/JW_006325.jpg,duplicate_phash
JW_006326,data/catalogue/JW_006326.jpg,duplicate_phash
JW_006327,data/catalogue/JW_006327.jpg,duplicate_phash
JW_006328,data/catalogue/JW_006328.jpg,duplicate_phash
JW_006329,data/catalogue/JW_006329.jpg,duplicate_phash
JW_006330,data/catalogue/JW_006330.jpg,duplicate_phash
JW_006331,data/catalogue/JW_006331.jpg,duplicate_phash
JW_006332,data/catalogue/JW_006332.jpg,duplicate_phash
JW_006333,data/catalogue/JW_006333.jpg,duplicate_phash
JW_006334,data/catalogue/JW_006334.jpg,duplicate_phash
JW_006335,data/catalogue/JW_006335.jpg,duplicate_phash
JW_006336,data/catalogue/JW_006336.jpg,duplicate_phash
JW_006337,data/catalogue/JW_006337.jpg,duplicate_phash
JW_006338,data/catalogue/JW_006338.jpg,blank_image
JW_006339,data/catalogue/JW_006339.jpg,duplicate_phash
JW_006340,data/catalogue/JW_006340.jpg,duplicate_phash
JW_006341,data/catalogue/JW_006341.jpg,duplicate_phash
JW_006342,data/catalogue/JW_006342.jpg,duplicate_phash
JW_006343,data/catalogue/JW_006343.jpg,duplicate_phash
JW_006344,data/catalogue/JW_006344.jpg,duplicate_phash
JW_006345,data/catalogue/JW_006345.jpg,blank_image
JW_006346,data/catalogue/JW_006346.jpg,duplicate_phash
JW_006347,data/catalogue/JW_006347.jpg,blank_image
JW_006349,data/catalogue/JW_006349.jpg,duplicate_phash
JW_006350,data/catalogue/JW_006350.jpg,duplicate_phash
JW_006351,data/catalogue/JW_006351.jpg,blank_image
JW_006352,data/catalogue/JW_006352.jpg,blank_image
JW_006353,data/catalogue/JW_006353.jpg,duplicate_phash
JW_006354,data/catalogue/JW_006354.jpg,duplicate_phash
JW_006355,data/catalogue/JW_006355.jpg,duplicate_phash
JW_006356,data/catalogue/JW_006356.jpg,duplicate_phash
JW_006357,data/catalogue/JW_006357.jpg,blank_image
JW_006358,data/catalogue/JW_006358.jpg,duplicate_phash
JW_006359,data/catalogue/JW_006359.jpg,duplicate_phash
JW_006361,data/catalogue/JW_006361.jpg,duplicate_phash
JW_006362,data/catalogue/JW_006362.jpg,duplicate_phash
JW_006363,data/catalogue/JW_006363.jpg,duplicate_phash
JW_006365,data/catalogue/JW_006365.jpg,duplicate_phash
JW_006366,data/catalogue/JW_006366.jpg,duplicate_phash
JW_006367,data/catalogue/JW_006367.jpg,duplicate_phash
JW_006368,data/catalogue/JW_006368.jpg,duplicate_phash
JW_006369,data/catalogue/JW_006369.jpg,duplicate_phash
JW_006370,data/catalogue/JW_006370.jpg,duplicate_phash
JW_006371,data/catalogue/JW_006371.jpg,duplicate_phash
JW_006372,data/catalogue/JW_006372.jpg,blank_image
JW_006373,data/catalogue/JW_006373.jpg,duplicate_phash
JW_006374,data/catalogue/JW_006374.jpg,duplicate_phash
JW_006375,data/catalogue/JW_006375.jpg,duplicate_phash
JW_006376,data/catalogue/JW_006376.jpg,duplicate_phash
JW_006378,data/catalogue/JW_006378.jpg,duplicate_phash
JW_006379,data/catalogue/JW_006379.jpg,duplicate_phash
JW_006380,data/catalogue/JW_006380.jpg,duplicate_phash
JW_006381,data/catalogue/JW_006381.jpg,duplicate_phash
JW_006382,data/catalogue/JW_006382.jpg,blank_image
JW_006383,data/catalogue/JW_006383.jpg,duplicate_phash
JW_006384,data/catalogue/JW_006384.jpg,duplicate_phash
JW_006385,data/catalogue/JW_006385.jpg,duplicate_phash
JW_006386,data/catalogue/JW_006386.jpg,blank_image
JW_006387,data/catalogue/JW_006387.jpg,duplicate_phash
JW_006388,data/catalogue/JW_006388.jpg,duplicate_phash
JW_006389,data/catalogue/JW_006389.jpg,duplicate_phash
JW_006390,data/catalogue/JW_006390.jpg,duplicate_phash
JW_006391,data/catalogue/JW_006391.jpg,duplicate_phash
JW_006392,data/catalogue/JW_006392.jpg,duplicate_phash
JW_006393,data/catalogue/JW_006393.jpg,duplicate_phash
JW_006394,data/catalogue/JW_006394.jpg,duplicate_phash
JW_006395,data/catalogue/JW_006395.jpg,duplicate_phash
JW_006396,data/catalogue/JW_006396.jpg,duplicate_phash
JW_006397,data/catalogue/JW_006397.jpg,duplicate_phash
JW_006398,data/catalogue/JW_006398.jpg,duplicate_phash
JW_006399,data/catalogue/JW_006399.jpg,duplicate_phash
JW_006400,data/catalogue/JW_006400.jpg,duplicate_phash
JW_006401,data/catalogue/JW_006401.jpg,duplicate_phash
JW_006403,data/catalogue/JW_006403.jpg,duplicate_phash
JW_006404,data/catalogue/JW_006404.jpg,duplicate_phash
JW_006405,data/catalogue/JW_006405.jpg,duplicate_phash
JW_006406,data/catalogue/JW_006406.jpg,duplicate_phash
JW_006407,data/catalogue/JW_006407.jpg,duplicate_phash
JW_006408,data/catalogue/JW_006408.jpg,duplicate_phash
JW_006409,data/catalogue/JW_006409.jpg,blank_image
JW_006410,data/catalogue/JW_006410.jpg,duplicate_phash
JW_006411,data/catalogue/JW_006411.jpg,duplicate_phash
JW_006412,data/catalogue/JW_006412.jpg,duplicate_phash
JW_006413,data/catalogue/JW_006413.jpg,duplicate_phash
JW_006414,data/catalogue/JW_006414.jpg,duplicate_phash
JW_006415,data/catalogue/JW_006415.jpg,duplicate_phash
JW_006416,data/catalogue/JW_006416.jpg,blank_image
JW_006417,data/catalogue/JW_006417.jpg,duplicate_phash
JW_006418,data/catalogue/JW_006418.jpg,blank_image
JW_006419,data/catalogue/JW_006419.jpg,duplicate_phash
JW_006420,data/catalogue/JW_006420.jpg,blank_image
JW_006421,data/catalogue/JW_006421.jpg,duplicate_phash
JW_006422,data/catalogue/JW_006422.jpg,duplicate_phash
JW_006423,data/catalogue/JW_006423.jpg,duplicate_phash
JW_006424,data/catalogue/JW_006424.jpg,duplicate_phash
JW_006425,data/catalogue/JW_006425.jpg,blank_image
JW_006426,data/catalogue/JW_006426.jpg,duplicate_phash
JW_006427,data/catalogue/JW_006427.jpg,duplicate_phash
JW_006428,data/catalogue/JW_006428.jpg,duplicate_phash
JW_006429,data/catalogue/JW_006429.jpg,duplicate_phash
JW_006430,data/catalogue/JW_006430.jpg,duplicate_phash
JW_006431,data/catalogue/JW_006431.jpg,duplicate_phash
JW_006432,data/catalogue/JW_006432.jpg,duplicate_phash
JW_006433,data/catalogue/JW_006433.jpg,duplicate_phash
JW_006434,data/catalogue/JW_006434.jpg,duplicate_phash
JW_006435,data/catalogue/JW_006435.jpg,duplicate_phash
JW_006436,data/catalogue/JW_006436.jpg,duplicate_phash
JW_006437,data/catalogue/JW_006437.jpg,duplicate_phash
JW_006438,data/catalogue/JW_006438.jpg,duplicate_phash
JW_006439,data/catalogue/JW_006439.jpg,duplicate_phash
JW_006440,data/catalogue/JW_006440.jpg,duplicate_phash
JW_006441,data/catalogue/JW_006441.jpg,duplicate_phash
JW_006442,data/catalogue/JW_006442.jpg,duplicate_phash
JW_006443,data/catalogue/JW_006443.jpg,duplicate_phash
JW_006444,data/catalogue/JW_006444.jpg,duplicate_phash
JW_006445,data/catalogue/JW_006445.jpg,duplicate_phash
JW_006446,data/catalogue/JW_006446.jpg,duplicate_phash
JW_006447,data/catalogue/JW_006447.jpg,duplicate_phash
JW_006448,data/catalogue/JW_006448.jpg,duplicate_phash
JW_006449,data/catalogue/JW_006449.jpg,duplicate_phash
JW_006450,data/catalogue/JW_006450.jpg,blank_image
JW_006451,data/catalogue/JW_006451.jpg,duplicate_phash
JW_006452,data/catalogue/JW_006452.jpg,duplicate_phash
JW_006453,data/catalogue/JW_006453.jpg,duplicate_phash
JW_006454,data/catalogue/JW_006454.jpg,duplicate_phash
JW_006455,data/catalogue/JW_006455.jpg,duplicate_phash
JW_006456,data/catalogue/JW_006456.jpg,duplicate_phash
JW_006457,data/catalogue/JW_006457.jpg,duplicate_phash
JW_006458,data/catalogue/JW_006458.jpg,duplicate_phash
JW_006459,data/catalogue/JW_006459.jpg,duplicate_phash
JW_006460,data/catalogue/JW_006460.jpg,duplicate_phash
JW_006461,data/catalogue/JW_006461.jpg,duplicate_phash
JW_006462,data/catalogue/JW_006462.jpg,duplicate_phash
JW_006463,data/catalogue/JW_006463.jpg,duplicate_phash
JW_006464,data/catalogue/JW_006464.jpg,duplicate_phash
JW_006465,data/catalogue/JW_006465.jpg,duplicate_phash
JW_006466,data/catalogue/JW_006466.jpg,duplicate_phash
JW_006467,data/catalogue/JW_006467.jpg,blank_image
JW_006468,data/catalogue/JW_006468.jpg,duplicate_phash
JW_006469,data/catalogue/JW_006469.jpg,duplicate_phash
JW_006470,data/catalogue/JW_006470.jpg,duplicate_phash
JW_006471,data/catalogue/JW_006471.jpg,duplicate_phash
JW_006472,data/catalogue/JW_006472.jpg,duplicate_phash
JW_006473,data/catalogue/JW_006473.jpg,duplicate_phash
JW_006474,data/catalogue/JW_006474.jpg,duplicate_phash
JW_006475,data/catalogue/JW_006475.jpg,duplicate_phash
JW_006476,data/catalogue/JW_006476.jpg,duplicate_phash
JW_006477,data/catalogue/JW_006477.jpg,duplicate_phash
JW_006478,data/catalogue/JW_006478.jpg,blank_image
JW_006479,data/catalogue/JW_006479.jpg,duplicate_phash
JW_006480,data/catalogue/JW_006480.jpg,duplicate_phash
JW_006481,data/catalogue/JW_006481.jpg,blank_image
JW_006482,data/catalogue/JW_006482.jpg,duplicate_phash
JW_006483,data/catalogue/JW_006483.jpg,duplicate_phash
JW_006484,data/catalogue/JW_006484.jpg,duplicate_phash
JW_006486,data/catalogue/JW_006486.jpg,duplicate_phash
JW_006487,data/catalogue/JW_006487.jpg,duplicate_phash
JW_006488,data/catalogue/JW_006488.jpg,duplicate_phash
JW_006489,data/catalogue/JW_006489.jpg,duplicate_phash
JW_006490,data/catalogue/JW_006490.jpg,duplicate_phash
JW_006491,data/catalogue/JW_006491.jpg,duplicate_phash
JW_006492,data/catalogue/JW_006492.jpg,duplicate_phash
JW_006494,data/catalogue/JW_006494.jpg,duplicate_phash
JW_006495,data/catalogue/JW_006495.jpg,duplicate_phash
JW_006496,data/catalogue/JW_006496.jpg,duplicate_phash
JW_006497,data/catalogue/JW_006497.jpg,duplicate_phash
JW_006499,data/catalogue/JW_006499.jpg,duplicate_phash
JW_006500,data/catalogue/JW_006500.jpg,duplicate_phash
JW_006501,data/catalogue/JW_006501.jpg,duplicate_phash
JW_006502,data/catalogue/JW_006502.jpg,blank_image
JW_006503,data/catalogue/JW_006503.jpg,duplicate_phash
JW_006504,data/catalogue/JW_006504.jpg,duplicate_phash
JW_006505,data/catalogue/JW_006505.jpg,duplicate_phash
JW_006507,data/catalogue/JW_006507.jpg,duplicate_phash
JW_006508,data/catalogue/JW_006508.jpg,duplicate_phash
JW_006509,data/catalogue/JW_006509.jpg,duplicate_phash
JW_006511,data/catalogue/JW_006511.jpg,blank_image
JW_006512,data/catalogue/JW_006512.jpg,duplicate_phash
JW_006513,data/catalogue/JW_006513.jpg,duplicate_phash
JW_006514,data/catalogue/JW_006514.jpg,duplicate_phash
JW_006515,data/catalogue/JW_006515.jpg,duplicate_phash
JW_006516,data/catalogue/JW_006516.jpg,duplicate_phash
JW_006517,data/catalogue/JW_006517.jpg,blank_image
JW_006518,data/catalogue/JW_006518.jpg,duplicate_phash
JW_006519,data/catalogue/JW_006519.jpg,blank_image
JW_006520,data/catalogue/JW_006520.jpg,blank_image
JW_006521,data/catalogue/JW_006521.jpg,duplicate_phash
JW_006522,data/catalogue/JW_006522.jpg,blank_image
JW_006523,data/catalogue/JW_006523.jpg,duplicate_phash
JW_006524,data/catalogue/JW_006524.jpg,duplicate_phash
JW_006525,data/catalogue/JW_006525.jpg,blank_image
JW_006526,data/catalogue/JW_006526.jpg,duplicate_phash
JW_006528,data/catalogue/JW_006528.jpg,blank_image
JW_006529,data/catalogue/JW_006529.jpg,duplicate_phash
JW_006530,data/catalogue/JW_006530.jpg,blank_image
JW_006531,data/catalogue/JW_006531.jpg,duplicate_phash
JW_006532,data/catalogue/JW_006532.jpg,blank_image
JW_006533,data/catalogue/JW_006533.jpg,duplicate_phash
JW_006534,data/catalogue/JW_006534.jpg,blank_image
JW_006535,data/catalogue/JW_006535.jpg,duplicate_phash
JW_006536,data/catalogue/JW_006536.jpg,blank_image
JW_006538,data/catalogue/JW_006538.jpg,blank_image
JW_006539,data/catalogue/JW_006539.jpg,duplicate_phash
JW_006540,data/catalogue/JW_006540.jpg,blank_image
JW_006541,data/catalogue/JW_006541.jpg,blank_image
JW_006543,data/catalogue/JW_006543.jpg,duplicate_phash
JW_006544,data/catalogue/JW_006544.jpg,duplicate_phash
JW_006545,data/catalogue/JW_006545.jpg,duplicate_phash
JW_006547,data/catalogue/JW_006547.jpg,duplicate_phash
JW_006548,data/catalogue/JW_006548.jpg,duplicate_phash
JW_006549,data/catalogue/JW_006549.jpg,duplicate_phash
JW_006550,data/catalogue/JW_006550.jpg,duplicate_phash
JW_006551,data/catalogue/JW_006551.jpg,duplicate_phash
JW_006552,data/catalogue/JW_006552.jpg,duplicate_phash
JW_006553,data/catalogue/JW_006553.jpg,duplicate_phash
JW_006554,data/catalogue/JW_006554.jpg,duplicate_phash
JW_006555,data/catalogue/JW_006555.jpg,duplicate_phash
JW_006556,data/catalogue/JW_006556.jpg,duplicate_phash
JW_006557,data/catalogue/JW_006557.jpg,duplicate_phash
JW_006558,data/catalogue/JW_006558.jpg,duplicate_phash
JW_006559,data/catalogue/JW_006559.jpg,duplicate_phash
JW_006560,data/catalogue/JW_006560.jpg,duplicate_phash
JW_006561,data/catalogue/JW_006561.jpg,duplicate_phash
JW_006562,data/catalogue/JW_006562.jpg,duplicate_phash
JW_006563,data/catalogue/JW_006563.jpg,duplicate_phash
JW_006564,data/catalogue/JW_006564.jpg,duplicate_phash
JW_006565,data/catalogue/JW_006565.jpg,duplicate_phash
JW_006566,data/catalogue/JW_006566.jpg,duplicate_phash
JW_006567,data/catalogue/JW_006567.jpg,duplicate_phash
JW_006568,data/catalogue/JW_006568.jpg,duplicate_phash
JW_006569,data/catalogue/JW_006569.jpg,duplicate_phash
JW_006570,data/catalogue/JW_006570.jpg,duplicate_phash
JW_006572,data/catalogue/JW_006572.jpg,duplicate_phash
JW_006573,data/catalogue/JW_006573.jpg,duplicate_phash
JW_006574,data/catalogue/JW_006574.jpg,duplicate_phash
JW_006575,data/catalogue/JW_006575.jpg,duplicate_phash
JW_006576,data/catalogue/JW_006576.jpg,blank_image
JW_006577,data/catalogue/JW_006577.jpg,duplicate_phash
JW_006578,data/catalogue/JW_006578.jpg,duplicate_phash
JW_006579,data/catalogue/JW_006579.jpg,duplicate_phash
JW_006580,data/catalogue/JW_006580.jpg,duplicate_phash
JW_006581,data/catalogue/JW_006581.jpg,duplicate_phash
JW_006582,data/catalogue/JW_006582.jpg,duplicate_phash
JW_006583,data/catalogue/JW_006583.jpg,duplicate_phash
JW_006584,data/catalogue/JW_006584.jpg,blank_image
JW_006585,data/catalogue/JW_006585.jpg,duplicate_phash
JW_006587,data/catalogue/JW_006587.jpg,blank_image
JW_006588,data/catalogue/JW_006588.jpg,duplicate_phash
JW_006589,data/catalogue/JW_006589.jpg,blank_image
JW_006590,data/catalogue/JW_006590.jpg,duplicate_phash
JW_006591,data/catalogue/JW_006591.jpg,duplicate_phash
JW_006592,data/catalogue/JW_006592.jpg,duplicate_phash
JW_006593,data/catalogue/JW_006593.jpg,duplicate_phash
JW_006594,data/catalogue/JW_006594.jpg,duplicate_phash
JW_006595,data/catalogue/JW_006595.jpg,blank_image
JW_006596,data/catalogue/JW_006596.jpg,duplicate_phash
JW_006597,data/catalogue/JW_006597.jpg,duplicate_phash
JW_006598,data/catalogue/JW_006598.jpg,duplicate_phash
JW_006599,data/catalogue/JW_006599.jpg,duplicate_phash
JW_006600,data/catalogue/JW_006600.jpg,duplicate_phash
JW_006601,data/catalogue/JW_006601.jpg,duplicate_phash
JW_006603,data/catalogue/JW_006603.jpg,duplicate_phash
JW_006604,data/catalogue/JW_006604.jpg,duplicate_phash
JW_006605,data/catalogue/JW_006605.jpg,duplicate_phash
JW_006607,data/catalogue/JW_006607.jpg,duplicate_phash
JW_006608,data/catalogue/JW_006608.jpg,duplicate_phash
JW_006609,data/catalogue/JW_006609.jpg,duplicate_phash
JW_006610,data/catalogue/JW_006610.jpg,duplicate_phash
JW_006611,data/catalogue/JW_006611.jpg,blank_image
JW_006612,data/catalogue/JW_006612.jpg,duplicate_phash
JW_006614,data/catalogue/JW_006614.jpg,duplicate_phash
JW_006615,data/catalogue/JW_006615.jpg,duplicate_phash
JW_006619,data/catalogue/JW_006619.jpg,duplicate_phash
JW_006620,data/catalogue/JW_006620.jpg,duplicate_phash
JW_006621,data/catalogue/JW_006621.jpg,duplicate_phash
JW_006623,data/catalogue/JW_006623.jpg,duplicate_phash
JW_006624,data/catalogue/JW_006624.jpg,duplicate_phash
JW_006625,data/catalogue/JW_006625.jpg,duplicate_phash
JW_006626,data/catalogue/JW_006626.jpg,duplicate_phash
JW_006627,data/catalogue/JW_006627.jpg,duplicate_phash
JW_006628,data/catalogue/JW_006628.jpg,duplicate_phash
JW_006629,data/catalogue/JW_006629.jpg,duplicate_phash
JW_006631,data/catalogue/JW_006631.jpg,duplicate_phash
JW_006632,data/catalogue/JW_006632.jpg,duplicate_phash
JW_006633,data/catalogue/JW_006633.jpg,duplicate_phash
JW_006634,data/catalogue/JW_006634.jpg,duplicate_phash
JW_006635,data/catalogue/JW_006635.jpg,duplicate_phash
JW_006637,data/catalogue/JW_006637.jpg,duplicate_phash
JW_006638,data/catalogue/JW_006638.jpg,duplicate_phash
JW_006639,data/catalogue/JW_006639.jpg,duplicate_phash
JW_006640,data/catalogue/JW_006640.jpg,duplicate_phash
JW_006641,data/catalogue/JW_006641.jpg,duplicate_phash
JW_006642,data/catalogue/JW_006642.jpg,duplicate_phash
JW_006643,data/catalogue/JW_006643.jpg,duplicate_phash
JW_006644,data/catalogue/JW_006644.jpg,blank_image
JW_006645,data/catalogue/JW_006645.jpg,blank_image
JW_006647,data/catalogue/JW_006647.jpg,duplicate_phash
JW_006648,data/catalogue/JW_006648.jpg,blank_image
JW_006649,data/catalogue/JW_006649.jpg,blank_image
JW_006650,data/catalogue/JW_006650.jpg,duplicate_phash
JW_006651,data/catalogue/JW_006651.jpg,duplicate_phash
JW_006652,data/catalogue/JW_006652.jpg,duplicate_phash
JW_006653,data/catalogue/JW_006653.jpg,duplicate_phash
JW_006654,data/catalogue/JW_006654.jpg,duplicate_phash
JW_006655,data/catalogue/JW_006655.jpg,blank_image
JW_006656,data/catalogue/JW_006656.jpg,duplicate_phash
JW_006658,data/catalogue/JW_006658.jpg,duplicate_phash
JW_006659,data/catalogue/JW_006659.jpg,duplicate_phash
JW_006660,data/catalogue/JW_006660.jpg,blank_image
JW_006661,data/catalogue/JW_006661.jpg,duplicate_phash
JW_006662,data/catalogue/JW_006662.jpg,blank_image
JW_006663,data/catalogue/JW_006663.jpg,duplicate_phash
JW_006664,data/catalogue/JW_006664.jpg,duplicate_phash
JW_006665,data/catalogue/JW_006665.jpg,duplicate_phash
JW_006666,data/catalogue/JW_006666.jpg,duplicate_phash
JW_006667,data/catalogue/JW_006667.jpg,duplicate_phash
JW_006668,data/catalogue/JW_006668.jpg,duplicate_phash
JW_006669,data/catalogue/JW_006669.jpg,duplicate_phash
JW_006670,data/catalogue/JW_006670.jpg,duplicate_phash
JW_006671,data/catalogue/JW_006671.jpg,duplicate_phash
JW_006672,data/catalogue/JW_006672.jpg,duplicate_phash
JW_006673,data/catalogue/JW_006673.jpg,blank_image
JW_006674,data/catalogue/JW_006674.jpg,duplicate_phash
JW_006675,data/catalogue/JW_006675.jpg,duplicate_phash
JW_006676,data/catalogue/JW_006676.jpg,duplicate_phash
JW_006677,data/catalogue/JW_006677.jpg,duplicate_phash
JW_006678,data/catalogue/JW_006678.jpg,duplicate_phash
JW_006679,data/catalogue/JW_006679.jpg,duplicate_phash
JW_006680,data/catalogue/JW_006680.jpg,duplicate_phash
JW_006681,data/catalogue/JW_006681.jpg,duplicate_phash
JW_006682,data/catalogue/JW_006682.jpg,duplicate_phash
JW_006683,data/catalogue/JW_006683.jpg,duplicate_phash
JW_006684,data/catalogue/JW_006684.jpg,duplicate_phash
JW_006685,data/catalogue/JW_006685.jpg,duplicate_phash
JW_006686,data/catalogue/JW_006686.jpg,duplicate_phash
JW_006687,data/catalogue/JW_006687.jpg,duplicate_phash
JW_006688,data/catalogue/JW_006688.jpg,duplicate_phash
JW_006689,data/catalogue/JW_006689.jpg,duplicate_phash
JW_006690,data/catalogue/JW_006690.jpg,blank_image
JW_006691,data/catalogue/JW_006691.jpg,duplicate_phash
JW_006692,data/catalogue/JW_006692.jpg,duplicate_phash
JW_006693,data/catalogue/JW_006693.jpg,duplicate_phash
JW_006694,data/catalogue/JW_006694.jpg,duplicate_phash
JW_006695,data/catalogue/JW_006695.jpg,duplicate_phash
JW_006696,data/catalogue/JW_006696.jpg,duplicate_phash
JW_006697,data/catalogue/JW_006697.jpg,blank_image
JW_006698,data/catalogue/JW_006698.jpg,duplicate_phash
JW_006699,data/catalogue/JW_006699.jpg,duplicate_phash
JW_006700,data/catalogue/JW_006700.jpg,duplicate_phash
JW_006701,data/catalogue/JW_006701.jpg,duplicate_phash
JW_006702,data/catalogue/JW_006702.jpg,duplicate_phash
JW_006703,data/catalogue/JW_006703.jpg,blank_image
JW_006704,data/catalogue/JW_006704.jpg,duplicate_phash
JW_006705,data/catalogue/JW_006705.jpg,duplicate_phash
JW_006706,data/catalogue/JW_006706.jpg,duplicate_phash
JW_006707,data/catalogue/JW_006707.jpg,duplicate_phash
JW_006708,data/catalogue/JW_006708.jpg,duplicate_phash
JW_006709,data/catalogue/JW_006709.jpg,duplicate_phash
JW_006710,data/catalogue/JW_006710.jpg,duplicate_phash
JW_006711,data/catalogue/JW_006711.jpg,duplicate_phash
JW_006712,data/catalogue/JW_006712.jpg,duplicate_phash
JW_006713,data/catalogue/JW_006713.jpg,duplicate_phash
JW_006714,data/catalogue/JW_006714.jpg,duplicate_phash
JW_006715,data/catalogue/JW_006715.jpg,duplicate_phash
JW_006716,data/catalogue/JW_006716.jpg,blank_image
JW_006718,data/catalogue/JW_006718.jpg,blank_image
JW_006719,data/catalogue/JW_006719.jpg,duplicate_phash
JW_006720,data/catalogue/JW_006720.jpg,duplicate_phash
JW_006721,data/catalogue/JW_006721.jpg,duplicate_phash
JW_006722,data/catalogue/JW_006722.jpg,duplicate_phash
JW_006723,data/catalogue/JW_006723.jpg,duplicate_phash
JW_006724,data/catalogue/JW_006724.jpg,duplicate_phash
JW_006725,data/catalogue/JW_006725.jpg,duplicate_phash
JW_006726,data/catalogue/JW_006726.jpg,duplicate_phash
JW_006727,data/catalogue/JW_006727.jpg,duplicate_phash
JW_006728,data/catalogue/JW_006728.jpg,duplicate_phash
JW_006729,data/catalogue/JW_006729.jpg,duplicate_phash
JW_006730,data/catalogue/JW_006730.jpg,duplicate_phash
JW_006731,data/catalogue/JW_006731.jpg,duplicate_phash
JW_006732,data/catalogue/JW_006732.jpg,blank_image
JW_006733,data/catalogue/JW_006733.jpg,blank_image
JW_006734,data/catalogue/JW_006734.jpg,blank_image
JW_006735,data/catalogue/JW_006735.jpg,duplicate_phash
JW_006736,data/catalogue/JW_006736.jpg,duplicate_phash
JW_006737,data/catalogue/JW_006737.jpg,duplicate_phash
JW_006738,data/catalogue/JW_006738.jpg,duplicate_phash
JW_006739,data/catalogue/JW_006739.jpg,duplicate_phash
JW_006740,data/catalogue/JW_006740.jpg,duplicate_phash
JW_006741,data/catalogue/JW_006741.jpg,duplicate_phash
JW_006742,data/catalogue/JW_006742.jpg,duplicate_phash
JW_006743,data/catalogue/JW_006743.jpg,duplicate_phash
JW_006744,data/catalogue/JW_006744.jpg,duplicate_phash
JW_006745,data/catalogue/JW_006745.jpg,duplicate_phash
JW_006746,data/catalogue/JW_006746.jpg,duplicate_phash
JW_006747,data/catalogue/JW_006747.jpg,duplicate_phash
JW_006748,data/catalogue/JW_006748.jpg,duplicate_phash
JW_006749,data/catalogue/JW_006749.jpg,duplicate_phash
JW_006750,data/catalogue/JW_006750.jpg,blank_image
JW_006751,data/catalogue/JW_006751.jpg,blank_image
JW_006752,data/catalogue/JW_006752.jpg,duplicate_phash
JW_006753,data/catalogue/JW_006753.jpg,duplicate_phash
JW_006754,data/catalogue/JW_006754.jpg,duplicate_phash
JW_006755,data/catalogue/JW_006755.jpg,duplicate_phash
JW_006756,data/catalogue/JW_006756.jpg,duplicate_phash
JW_006758,data/catalogue/JW_006758.jpg,duplicate_phash
JW_006759,data/catalogue/JW_006759.jpg,duplicate_phash
JW_006760,data/catalogue/JW_006760.jpg,duplicate_phash
JW_006761,data/catalogue/JW_006761.jpg,blank_image
JW_006762,data/catalogue/JW_006762.jpg,duplicate_phash
JW_006763,data/catalogue/JW_006763.jpg,duplicate_phash
JW_006764,data/catalogue/JW_006764.jpg,duplicate_phash
JW_006765,data/catalogue/JW_006765.jpg,duplicate_phash
JW_006766,data/catalogue/JW_006766.jpg,blank_image
JW_006767,data/catalogue/JW_006767.jpg,duplicate_phash
JW_006768,data/catalogue/JW_006768.jpg,duplicate_phash
JW_006769,data/catalogue/JW_006769.jpg,duplicate_phash
JW_006771,data/catalogue/JW_006771.jpg,duplicate_phash
JW_006772,data/catalogue/JW_006772.jpg,duplicate_phash
JW_006773,data/catalogue/JW_006773.jpg,duplicate_phash
JW_006774,data/catalogue/JW_006774.jpg,duplicate_phash
JW_006775,data/catalogue/JW_006775.jpg,duplicate_phash
JW_006777,data/catalogue/JW_006777.jpg,blank_image
JW_006778,data/catalogue/JW_006778.jpg,duplicate_phash
JW_006779,data/catalogue/JW_006779.jpg,duplicate_phash
JW_006780,data/catalogue/JW_006780.jpg,duplicate_phash
JW_006781,data/catalogue/JW_006781.jpg,duplicate_phash
JW_006782,data/catalogue/JW_006782.jpg,duplicate_phash
JW_006783,data/catalogue/JW_006783.jpg,duplicate_phash
JW_006785,data/catalogue/JW_006785.jpg,duplicate_phash
JW_006786,data/catalogue/JW_006786.jpg,duplicate_phash
JW_006787,data/catalogue/JW_006787.jpg,duplicate_phash
JW_006788,data/catalogue/JW_006788.jpg,duplicate_phash
JW_006789,data/catalogue/JW_006789.jpg,duplicate_phash
JW_006790,data/catalogue/JW_006790.jpg,duplicate_phash
JW_006791,data/catalogue/JW_006791.jpg,duplicate_phash
JW_006792,data/catalogue/JW_006792.jpg,duplicate_phash
JW_006793,data/catalogue/JW_006793.jpg,duplicate_phash
JW_006794,data/catalogue/JW_006794.jpg,duplicate_phash
JW_006795,data/catalogue/JW_006795.jpg,duplicate_phash
JW_006796,data/catalogue/JW_006796.jpg,duplicate_phash
JW_006797,data/catalogue/JW_006797.jpg,duplicate_phash
JW_006798,data/catalogue/JW_006798.jpg,duplicate_phash
JW_006800,data/catalogue/JW_006800.jpg,duplicate_phash
JW_006801,data/catalogue/JW_006801.jpg,duplicate_phash
JW_006802,data/catalogue/JW_006802.jpg,duplicate_phash
JW_006803,data/catalogue/JW_006803.jpg,duplicate_phash
JW_006804,data/catalogue/JW_006804.jpg,duplicate_phash
JW_006805,data/catalogue/JW_006805.jpg,duplicate_phash
JW_006806,data/catalogue/JW_006806.jpg,duplicate_phash
JW_006807,data/catalogue/JW_006807.jpg,duplicate_phash
JW_006808,data/catalogue/JW_006808.jpg,blank_image
JW_006809,data/catalogue/JW_006809.jpg,duplicate_phash
JW_006810,data/catalogue/JW_006810.jpg,duplicate_phash
JW_006811,data/catalogue/JW_006811.jpg,duplicate_phash
JW_006812,data/catalogue/JW_006812.jpg,duplicate_phash
JW_006813,data/catalogue/JW_006813.jpg,duplicate_phash
JW_006814,data/catalogue/JW_006814.jpg,duplicate_phash
JW_006815,data/catalogue/JW_006815.jpg,duplicate_phash
JW_006816,data/catalogue/JW_006816.jpg,duplicate_phash
JW_006817,data/catalogue/JW_006817.jpg,blank_image
JW_006818,data/catalogue/JW_006818.jpg,duplicate_phash
JW_006819,data/catalogue/JW_006819.jpg,duplicate_phash
JW_006820,data/catalogue/JW_006820.jpg,duplicate_phash
JW_006821,data/catalogue/JW_006821.jpg,duplicate_phash
JW_006822,data/catalogue/JW_006822.jpg,duplicate_phash
JW_006823,data/catalogue/JW_006823.jpg,blank_image
JW_006824,data/catalogue/JW_006824.jpg,duplicate_phash
JW_006825,data/catalogue/JW_006825.jpg,duplicate_phash
JW_006826,data/catalogue/JW_006826.jpg,duplicate_phash
JW_006827,data/catalogue/JW_006827.jpg,duplicate_phash
JW_006828,data/catalogue/JW_006828.jpg,duplicate_phash
JW_006829,data/catalogue/JW_006829.jpg,duplicate_phash
JW_006830,data/catalogue/JW_006830.jpg,duplicate_phash
JW_006831,data/catalogue/JW_006831.jpg,duplicate_phash
JW_006832,data/catalogue/JW_006832.jpg,duplicate_phash
JW_006833,data/catalogue/JW_006833.jpg,duplicate_phash
JW_006834,data/catalogue/JW_006834.jpg,duplicate_phash
JW_006836,data/catalogue/JW_006836.jpg,duplicate_phash
JW_006837,data/catalogue/JW_006837.jpg,duplicate_phash
JW_006838,data/catalogue/JW_006838.jpg,duplicate_phash
JW_006839,data/catalogue/JW_006839.jpg,duplicate_phash
JW_006840,data/catalogue/JW_006840.jpg,duplicate_phash
JW_006841,data/catalogue/JW_006841.jpg,duplicate_phash
JW_006842,data/catalogue/JW_006842.jpg,duplicate_phash
JW_006843,data/catalogue/JW_006843.jpg,duplicate_phash
JW_006845,data/catalogue/JW_006845.jpg,duplicate_phash
JW_006846,data/catalogue/JW_006846.jpg,duplicate_phash
JW_006847,data/catalogue/JW_006847.jpg,duplicate_phash
JW_006848,data/catalogue/JW_006848.jpg,blank_image
JW_006849,data/catalogue/JW_006849.jpg,duplicate_phash
JW_006850,data/catalogue/JW_006850.jpg,duplicate_phash
JW_006851,data/catalogue/JW_006851.jpg,blank_image
JW_006852,data/catalogue/JW_006852.jpg,duplicate_phash
JW_006853,data/catalogue/JW_006853.jpg,duplicate_phash
JW_006854,data/catalogue/JW_006854.jpg,duplicate_phash
JW_006855,data/catalogue/JW_006855.jpg,duplicate_phash
JW_006856,data/catalogue/JW_006856.jpg,duplicate_phash
JW_006857,data/catalogue/JW_006857.jpg,duplicate_phash
JW_006858,data/catalogue/JW_006858.jpg,duplicate_phash
JW_006859,data/catalogue/JW_006859.jpg,duplicate_phash
JW_006860,data/catalogue/JW_006860.jpg,duplicate_phash
JW_006861,data/catalogue/JW_006861.jpg,duplicate_phash
JW_006863,data/catalogue/JW_006863.jpg,duplicate_phash
JW_006864,data/catalogue/JW_006864.jpg,duplicate_phash
JW_006865,data/catalogue/JW_006865.jpg,duplicate_phash
JW_006866,data/catalogue/JW_006866.jpg,duplicate_phash
JW_006867,data/catalogue/JW_006867.jpg,duplicate_phash
JW_006869,data/catalogue/JW_006869.jpg,duplicate_phash
JW_006870,data/catalogue/JW_006870.jpg,duplicate_phash
JW_006871,data/catalogue/JW_006871.jpg,duplicate_phash
JW_006872,data/catalogue/JW_006872.jpg,duplicate_phash
JW_006874,data/catalogue/JW_006874.jpg,duplicate_phash
JW_006875,data/catalogue/JW_006875.jpg,blank_image
JW_006876,data/catalogue/JW_006876.jpg,duplicate_phash
JW_006877,data/catalogue/JW_006877.jpg,duplicate_phash
JW_006878,data/catalogue/JW_006878.jpg,duplicate_phash
JW_006879,data/catalogue/JW_006879.jpg,duplicate_phash
JW_006880,data/catalogue/JW_006880.jpg,duplicate_phash
JW_006881,data/catalogue/JW_006881.jpg,duplicate_phash
JW_006882,data/catalogue/JW_006882.jpg,duplicate_phash
JW_006883,data/catalogue/JW_006883.jpg,duplicate_phash
JW_006884,data/catalogue/JW_006884.jpg,duplicate_phash
JW_006885,data/catalogue/JW_006885.jpg,duplicate_phash
JW_006886,data/catalogue/JW_006886.jpg,duplicate_phash
JW_006887,data/catalogue/JW_006887.jpg,duplicate_phash
JW_006888,data/catalogue/JW_006888.jpg,duplicate_phash
JW_006889,data/catalogue/JW_006889.jpg,duplicate_phash
JW_006890,data/catalogue/JW_006890.jpg,duplicate_phash
JW_006891,data/catalogue/JW_006891.jpg,duplicate_phash
JW_006892,data/catalogue/JW_006892.jpg,duplicate_phash
JW_006893,data/catalogue/JW_006893.jpg,duplicate_phash
JW_006894,data/catalogue/JW_006894.jpg,duplicate_phash
JW_006895,data/catalogue/JW_006895.jpg,duplicate_phash
JW_006896,data/catalogue/JW_006896.jpg,blank_image
JW_006897,data/catalogue/JW_006897.jpg,blank_image
JW_006898,data/catalogue/JW_006898.jpg,duplicate_phash
JW_006899,data/catalogue/JW_006899.jpg,duplicate_phash
JW_006900,data/catalogue/JW_006900.jpg,duplicate_phash
JW_006901,data/catalogue/JW_006901.jpg,duplicate_phash
JW_006902,data/catalogue/JW_006902.jpg,duplicate_phash
JW_006903,data/catalogue/JW_006903.jpg,duplicate_phash
JW_006904,data/catalogue/JW_006904.jpg,duplicate_phash
JW_006905,data/catalogue/JW_006905.jpg,duplicate_phash
JW_006906,data/catalogue/JW_006906.jpg,duplicate_phash
JW_006907,data/catalogue/JW_006907.jpg,duplicate_phash
JW_006908,data/catalogue/JW_006908.jpg,duplicate_phash
JW_006909,data/catalogue/JW_006909.jpg,duplicate_phash
JW_006910,data/catalogue/JW_006910.jpg,duplicate_phash
JW_006911,data/catalogue/JW_006911.jpg,duplicate_phash
JW_006912,data/catalogue/JW_006912.jpg,duplicate_phash
JW_006913,data/catalogue/JW_006913.jpg,duplicate_phash
JW_006914,data/catalogue/JW_006914.jpg,duplicate_phash
JW_006915,data/catalogue/JW_006915.jpg,duplicate_phash
JW_006916,data/catalogue/JW_006916.jpg,duplicate_phash
JW_006917,data/catalogue/JW_006917.jpg,duplicate_phash
JW_006918,data/catalogue/JW_006918.jpg,duplicate_phash
JW_006919,data/catalogue/JW_006919.jpg,duplicate_phash
JW_006920,data/catalogue/JW_006920.jpg,duplicate_phash
JW_006921,data/catalogue/JW_006921.jpg,duplicate_phash
JW_006922,data/catalogue/JW_006922.jpg,duplicate_phash
JW_006923,data/catalogue/JW_006923.jpg,duplicate_phash
JW_006924,data/catalogue/JW_006924.jpg,blank_image
JW_006926,data/catalogue/JW_006926.jpg,duplicate_phash
JW_006927,data/catalogue/JW_006927.jpg,duplicate_phash
JW_006928,data/catalogue/JW_006928.jpg,duplicate_phash
JW_006929,data/catalogue/JW_006929.jpg,duplicate_phash
JW_006930,data/catalogue/JW_006930.jpg,duplicate_phash
JW_006932,data/catalogue/JW_006932.jpg,duplicate_phash
JW_006934,data/catalogue/JW_006934.jpg,duplicate_phash
JW_006935,data/catalogue/JW_006935.jpg,blank_image
JW_006936,data/catalogue/JW_006936.jpg,duplicate_phash
JW_006937,data/catalogue/JW_006937.jpg,duplicate_phash
JW_006938,data/catalogue/JW_006938.jpg,duplicate_phash
JW_006939,data/catalogue/JW_006939.jpg,duplicate_phash
JW_006940,data/catalogue/JW_006940.jpg,duplicate_phash
JW_006941,data/catalogue/JW_006941.jpg,duplicate_phash
JW_006942,data/catalogue/JW_006942.jpg,duplicate_phash
JW_006945,data/catalogue/JW_006945.jpg,duplicate_phash
JW_006946,data/catalogue/JW_006946.jpg,duplicate_phash
JW_006947,data/catalogue/JW_006947.jpg,duplicate_phash
JW_006948,data/catalogue/JW_006948.jpg,duplicate_phash
JW_006949,data/catalogue/JW_006949.jpg,duplicate_phash
JW_006950,data/catalogue/JW_006950.jpg,duplicate_phash
JW_006951,data/catalogue/JW_006951.jpg,duplicate_phash
JW_006952,data/catalogue/JW_006952.jpg,duplicate_phash
JW_006953,data/catalogue/JW_006953.jpg,duplicate_phash
JW_006954,data/catalogue/JW_006954.jpg,duplicate_phash
JW_006955,data/catalogue/JW_006955.jpg,duplicate_phash
JW_006956,data/catalogue/JW_006956.jpg,duplicate_phash
JW_006957,data/catalogue/JW_006957.jpg,duplicate_phash
JW_006958,data/catalogue/JW_006958.jpg,duplicate_phash
JW_006959,data/catalogue/JW_006959.jpg,duplicate_phash
JW_006960,data/catalogue/JW_006960.jpg,duplicate_phash
JW_006961,data/catalogue/JW_006961.jpg,duplicate_phash
JW_006962,data/catalogue/JW_006962.jpg,duplicate_phash
JW_006963,data/catalogue/JW_006963.jpg,duplicate_phash
JW_006964,data/catalogue/JW_006964.jpg,duplicate_phash
JW_006965,data/catalogue/JW_006965.jpg,duplicate_phash
JW_006966,data/catalogue/JW_006966.jpg,blank_image
JW_006967,data/catalogue/JW_006967.jpg,duplicate_phash
JW_006968,data/catalogue/JW_006968.jpg,duplicate_phash
JW_006969,data/catalogue/JW_006969.jpg,duplicate_phash
JW_006970,data/catalogue/JW_006970.jpg,duplicate_phash
JW_006971,data/catalogue/JW_006971.jpg,duplicate_phash
JW_006972,data/catalogue/JW_006972.jpg,blank_image
JW_006973,data/catalogue/JW_006973.jpg,duplicate_phash
JW_006974,data/catalogue/JW_006974.jpg,duplicate_phash
JW_006975,data/catalogue/JW_006975.jpg,duplicate_phash
JW_006976,data/catalogue/JW_006976.jpg,duplicate_phash
JW_006977,data/catalogue/JW_006977.jpg,duplicate_phash
JW_006978,data/catalogue/JW_006978.jpg,duplicate_phash
JW_006979,data/catalogue/JW_006979.jpg,duplicate_phash
JW_006980,data/catalogue/JW_006980.jpg,duplicate_phash
JW_006981,data/catalogue/JW_006981.jpg,blank_image
JW_006982,data/catalogue/JW_006982.jpg,duplicate_phash
JW_006983,data/catalogue/JW_006983.jpg,duplicate_phash
JW_006984,data/catalogue/JW_006984.jpg,duplicate_phash
JW_006985,data/catalogue/JW_006985.jpg,duplicate_phash
JW_006986,data/catalogue/JW_006986.jpg,duplicate_phash
JW_006987,data/catalogue/JW_006987.jpg,duplicate_phash
JW_006988,data/catalogue/JW_006988.jpg,duplicate_phash
JW_006989,data/catalogue/JW_006989.jpg,duplicate_phash
JW_006991,data/catalogue/JW_006991.jpg,duplicate_phash
JW_006992,data/catalogue/JW_006992.jpg,duplicate_phash
JW_006993,data/catalogue/JW_006993.jpg,duplicate_phash
JW_006994,data/catalogue/JW_006994.jpg,duplicate_phash
JW_006995,data/catalogue/JW_006995.jpg,duplicate_phash
JW_006996,data/catalogue/JW_006996.jpg,duplicate_phash
JW_006997,data/catalogue/JW_006997.jpg,duplicate_phash
JW_006998,data/catalogue/JW_006998.jpg,duplicate_phash
JW_006999,data/catalogue/JW_006999.jpg,duplicate_phash
JW_007001,data/catalogue/JW_007001.jpg,blank_image
JW_007002,data/catalogue/JW_007002.jpg,blank_image
JW_007003,data/catalogue/JW_007003.jpg,duplicate_phash
JW_007004,data/catalogue/JW_007004.jpg,blank_image
JW_007005,data/catalogue/JW_007005.jpg,duplicate_phash
JW_007006,data/catalogue/JW_007006.jpg,duplicate_phash
JW_007008,data/catalogue/JW_007008.jpg,duplicate_phash
JW_007009,data/catalogue/JW_007009.jpg,duplicate_phash
JW_007010,data/catalogue/JW_007010.jpg,blank_image
JW_007011,data/catalogue/JW_007011.jpg,duplicate_phash
JW_007012,data/catalogue/JW_007012.jpg,duplicate_phash
JW_007013,data/catalogue/JW_007013.jpg,duplicate_phash
JW_007014,data/catalogue/JW_007014.jpg,duplicate_phash
JW_007015,data/catalogue/JW_007015.jpg,duplicate_phash
JW_007016,data/catalogue/JW_007016.jpg,duplicate_phash
JW_007017,data/catalogue/JW_007017.jpg,duplicate_phash
JW_007018,data/catalogue/JW_007018.jpg,duplicate_phash
JW_007019,data/catalogue/JW_007019.jpg,blank_image
JW_007020,data/catalogue/JW_007020.jpg,duplicate_phash
JW_007021,data/catalogue/JW_007021.jpg,blank_image
JW_007022,data/catalogue/JW_007022.jpg,duplicate_phash
JW_007023,data/catalogue/JW_007023.jpg,duplicate_phash
JW_007024,data/catalogue/JW_007024.jpg,duplicate_phash
JW_007025,data/catalogue/JW_007025.jpg,duplicate_phash
JW_007026,data/catalogue/JW_007026.jpg,duplicate_phash
JW_007027,data/catalogue/JW_007027.jpg,blank_image
JW_007028,data/catalogue/JW_007028.jpg,blank_image
JW_007029,data/catalogue/JW_007029.jpg,duplicate_phash
JW_007030,data/catalogue/JW_007030.jpg,duplicate_phash
JW_007031,data/catalogue/JW_007031.jpg,blank_image
JW_007032,data/catalogue/JW_007032.jpg,duplicate_phash
JW_007033,data/catalogue/JW_007033.jpg,duplicate_phash
JW_007034,data/catalogue/JW_007034.jpg,duplicate_phash
JW_007035,data/catalogue/JW_007035.jpg,duplicate_phash
JW_007036,data/catalogue/JW_007036.jpg,duplicate_phash
JW_007037,data/catalogue/JW_007037.jpg,duplicate_phash
JW_007038,data/catalogue/JW_007038.jpg,duplicate_phash
JW_007039,data/catalogue/JW_007039.jpg,duplicate_phash
JW_007040,data/catalogue/JW_007040.jpg,blank_image
JW_007041,data/catalogue/JW_007041.jpg,duplicate_phash
JW_007042,data/catalogue/JW_007042.jpg,duplicate_phash
JW_007044,data/catalogue/JW_007044.jpg,duplicate_phash
JW_007045,data/catalogue/JW_007045.jpg,blank_image
JW_007046,data/catalogue/JW_007046.jpg,duplicate_phash
JW_007047,data/catalogue/JW_007047.jpg,duplicate_phash
JW_007049,data/catalogue/JW_007049.jpg,duplicate_phash
JW_007050,data/catalogue/JW_007050.jpg,duplicate_phash
JW_007051,data/catalogue/JW_007051.jpg,duplicate_phash
JW_007052,data/catalogue/JW_007052.jpg,duplicate_phash
JW_007053,data/catalogue/JW_007053.jpg,duplicate_phash
JW_007054,data/catalogue/JW_007054.jpg,duplicate_phash
JW_007055,data/catalogue/JW_007055.jpg,duplicate_phash
JW_007056,data/catalogue/JW_007056.jpg,duplicate_phash
JW_007057,data/catalogue/JW_007057.jpg,duplicate_phash
JW_007058,data/catalogue/JW_007058.jpg,duplicate_phash
JW_007060,data/catalogue/JW_007060.jpg,duplicate_phash
JW_007061,data/catalogue/JW_007061.jpg,duplicate_phash
JW_007062,data/catalogue/JW_007062.jpg,duplicate_phash
JW_007063,data/catalogue/JW_007063.jpg,duplicate_phash
JW_007064,data/catalogue/JW_007064.jpg,duplicate_phash
JW_007065,data/catalogue/JW_007065.jpg,duplicate_phash
JW_007066,data/catalogue/JW_007066.jpg,duplicate_phash
JW_007067,data/catalogue/JW_007067.jpg,duplicate_phash
JW_007068,data/catalogue/JW_007068.jpg,blank_image
JW_007070,data/catalogue/JW_007070.jpg,duplicate_phash
JW_007071,data/catalogue/JW_007071.jpg,duplicate_phash
JW_007072,data/catalogue/JW_007072.jpg,blank_image
JW_007073,data/catalogue/JW_007073.jpg,duplicate_phash
JW_007075,data/catalogue/JW_007075.jpg,duplicate_phash
JW_007077,data/catalogue/JW_007077.jpg,duplicate_phash
JW_007078,data/catalogue/JW_007078.jpg,duplicate_phash
JW_007079,data/catalogue/JW_007079.jpg,duplicate_phash
JW_007081,data/catalogue/JW_007081.jpg,blank_image
JW_007082,data/catalogue/JW_007082.jpg,duplicate_phash
JW_007083,data/catalogue/JW_007083.jpg,duplicate_phash
JW_007084,data/catalogue/JW_007084.jpg,duplicate_phash
JW_007085,data/catalogue/JW_007085.jpg,duplicate_phash
JW_007087,data/catalogue/JW_007087.jpg,blank_image
JW_007089,data/catalogue/JW_007089.jpg,blank_image
JW_007090,data/catalogue/JW_007090.jpg,blank_image
JW_007091,data/catalogue/JW_007091.jpg,blank_image
JW_007092,data/catalogue/JW_007092.jpg,blank_image
JW_007093,data/catalogue/JW_007093.jpg,blank_image
JW_007094,data/catalogue/JW_007094.jpg,blank_image
JW_007095,data/catalogue/JW_007095.jpg,blank_image
JW_007096,data/catalogue/JW_007096.jpg,duplicate_phash
JW_007097,data/catalogue/JW_007097.jpg,duplicate_phash
JW_007098,data/catalogue/JW_007098.jpg,duplicate_phash
JW_007099,data/catalogue/JW_007099.jpg,duplicate_phash
JW_007100,data/catalogue/JW_007100.jpg,blank_image
JW_007101,data/catalogue/JW_007101.jpg,duplicate_phash
JW_007103,data/catalogue/JW_007103.jpg,duplicate_phash
JW_007104,data/catalogue/JW_007104.jpg,duplicate_phash
JW_007105,data/catalogue/JW_007105.jpg,duplicate_phash
JW_007106,data/catalogue/JW_007106.jpg,duplicate_phash
JW_007107,data/catalogue/JW_007107.jpg,duplicate_phash
JW_007108,data/catalogue/JW_007108.jpg,duplicate_phash
JW_007110,data/catalogue/JW_007110.jpg,duplicate_phash
JW_007111,data/catalogue/JW_007111.jpg,duplicate_phash
JW_007112,data/catalogue/JW_007112.jpg,duplicate_phash
JW_007113,data/catalogue/JW_007113.jpg,duplicate_phash
JW_007114,data/catalogue/JW_007114.jpg,duplicate_phash
JW_007115,data/catalogue/JW_007115.jpg,duplicate_phash
JW_007116,data/catalogue/JW_007116.jpg,duplicate_phash
JW_007117,data/catalogue/JW_007117.jpg,duplicate_phash
JW_007119,data/catalogue/JW_007119.jpg,duplicate_phash
JW_007120,data/catalogue/JW_007120.jpg,duplicate_phash
JW_007121,data/catalogue/JW_007121.jpg,duplicate_phash
JW_007122,data/catalogue/JW_007122.jpg,duplicate_phash
JW_007123,data/catalogue/JW_007123.jpg,duplicate_phash
JW_007124,data/catalogue/JW_007124.jpg,duplicate_phash
JW_007125,data/catalogue/JW_007125.jpg,duplicate_phash
JW_007126,data/catalogue/JW_007126.jpg,duplicate_phash
JW_007128,data/catalogue/JW_007128.jpg,duplicate_phash
JW_007129,data/catalogue/JW_007129.jpg,duplicate_phash
JW_007130,data/catalogue/JW_007130.jpg,duplicate_phash
JW_007132,data/catalogue/JW_007132.jpg,duplicate_phash
JW_007133,data/catalogue/JW_007133.jpg,duplicate_phash
JW_007134,data/catalogue/JW_007134.jpg,duplicate_phash
JW_007135,data/catalogue/JW_007135.jpg,duplicate_phash
JW_007136,data/catalogue/JW_007136.jpg,duplicate_phash
JW_007137,data/catalogue/JW_007137.jpg,duplicate_phash
JW_007138,data/catalogue/JW_007138.jpg,duplicate_phash
JW_007139,data/catalogue/JW_007139.jpg,duplicate_phash
JW_007141,data/catalogue/JW_007141.jpg,duplicate_phash
JW_007144,data/catalogue/JW_007144.jpg,duplicate_phash
JW_007146,data/catalogue/JW_007146.jpg,duplicate_phash
JW_007147,data/catalogue/JW_007147.jpg,duplicate_phash
JW_007148,data/catalogue/JW_007148.jpg,duplicate_phash
JW_007149,data/catalogue/JW_007149.jpg,duplicate_phash
JW_007150,data/catalogue/JW_007150.jpg,duplicate_phash
JW_007151,data/catalogue/JW_007151.jpg,duplicate_phash
JW_007152,data/catalogue/JW_007152.jpg,duplicate_phash
JW_007154,data/catalogue/JW_007154.jpg,duplicate_phash
JW_007155,data/catalogue/JW_007155.jpg,duplicate_phash
JW_007156,data/catalogue/JW_007156.jpg,duplicate_phash
JW_007157,data/catalogue/JW_007157.jpg,duplicate_phash
JW_007158,data/catalogue/JW_007158.jpg,duplicate_phash
JW_007159,data/catalogue/JW_007159.jpg,duplicate_phash
JW_007162,data/catalogue/JW_007162.jpg,duplicate_phash
JW_007163,data/catalogue/JW_007163.jpg,duplicate_phash
JW_007164,data/catalogue/JW_007164.jpg,duplicate_phash
JW_007165,data/catalogue/JW_007165.jpg,duplicate_phash
JW_007166,data/catalogue/JW_007166.jpg,duplicate_phash
JW_007167,data/catalogue/JW_007167.jpg,duplicate_phash
JW_007168,data/catalogue/JW_007168.jpg,duplicate_phash
JW_007169,data/catalogue/JW_007169.jpg,duplicate_phash
JW_007170,data/catalogue/JW_007170.jpg,duplicate_phash
JW_007171,data/catalogue/JW_007171.jpg,duplicate_phash
JW_007172,data/catalogue/JW_007172.jpg,duplicate_phash
JW_007173,data/catalogue/JW_007173.jpg,duplicate_phash
JW_007174,data/catalogue/JW_007174.jpg,duplicate_phash
JW_007175,data/catalogue/JW_007175.jpg,duplicate_phash
JW_007176,data/catalogue/JW_007176.jpg,duplicate_phash
JW_007177,data/catalogue/JW_007177.jpg,duplicate_phash
JW_007179,data/catalogue/JW_007179.jpg,duplicate_phash
JW_007180,data/catalogue/JW_007180.jpg,duplicate_phash
JW_007181,data/catalogue/JW_007181.jpg,duplicate_phash
JW_007182,data/catalogue/JW_007182.jpg,duplicate_phash
JW_007184,data/catalogue/JW_007184.jpg,duplicate_phash
JW_007185,data/catalogue/JW_007185.jpg,duplicate_phash
JW_007186,data/catalogue/JW_007186.jpg,duplicate_phash
JW_007187,data/catalogue/JW_007187.jpg,duplicate_phash
JW_007188,data/catalogue/JW_007188.jpg,duplicate_phash
JW_007190,data/catalogue/JW_007190.jpg,duplicate_phash
JW_007192,data/catalogue/JW_007192.jpg,duplicate_phash
JW_007193,data/catalogue/JW_007193.jpg,duplicate_phash
JW_007194,data/catalogue/JW_007194.jpg,duplicate_phash
JW_007195,data/catalogue/JW_007195.jpg,duplicate_phash
JW_007196,data/catalogue/JW_007196.jpg,duplicate_phash
JW_007197,data/catalogue/JW_007197.jpg,duplicate_phash
JW_007199,data/catalogue/JW_007199.jpg,duplicate_phash
JW_007200,data/catalogue/JW_007200.jpg,duplicate_phash
JW_007201,data/catalogue/JW_007201.jpg,duplicate_phash
JW_007202,data/catalogue/JW_007202.jpg,duplicate_phash
JW_007203,data/catalogue/JW_007203.jpg,duplicate_phash
JW_007204,data/catalogue/JW_007204.jpg,duplicate_phash
JW_007205,data/catalogue/JW_007205.jpg,duplicate_phash
JW_007206,data/catalogue/JW_007206.jpg,duplicate_phash
JW_007207,data/catalogue/JW_007207.jpg,duplicate_phash
JW_007208,data/catalogue/JW_007208.jpg,duplicate_phash
JW_007209,data/catalogue/JW_007209.jpg,duplicate_phash
JW_007211,data/catalogue/JW_007211.jpg,duplicate_phash
JW_007213,data/catalogue/JW_007213.jpg,duplicate_phash
JW_007214,data/catalogue/JW_007214.jpg,duplicate_phash
JW_007215,data/catalogue/JW_007215.jpg,duplicate_phash
JW_007216,data/catalogue/JW_007216.jpg,duplicate_phash
JW_007217,data/catalogue/JW_007217.jpg,duplicate_phash
JW_007218,data/catalogue/JW_007218.jpg,duplicate_phash
JW_007219,data/catalogue/JW_007219.jpg,duplicate_phash
JW_007222,data/catalogue/JW_007222.jpg,duplicate_phash
JW_007224,data/catalogue/JW_007224.jpg,duplicate_phash
JW_007225,data/catalogue/JW_007225.jpg,duplicate_phash
JW_007227,data/catalogue/JW_007227.jpg,duplicate_phash
JW_007228,data/catalogue/JW_007228.jpg,duplicate_phash
JW_007230,data/catalogue/JW_007230.jpg,duplicate_phash
JW_007231,data/catalogue/JW_007231.jpg,duplicate_phash
JW_007233,data/catalogue/JW_007233.jpg,duplicate_phash
JW_007235,data/catalogue/JW_007235.jpg,duplicate_phash
JW_007236,data/catalogue/JW_007236.jpg,duplicate_phash
JW_007237,data/catalogue/JW_007237.jpg,duplicate_phash
JW_007238,data/catalogue/JW_007238.jpg,duplicate_phash
JW_007239,data/catalogue/JW_007239.jpg,duplicate_phash
JW_007240,data/catalogue/JW_007240.jpg,duplicate_phash
JW_007241,data/catalogue/JW_007241.jpg,duplicate_phash
JW_007242,data/catalogue/JW_007242.jpg,duplicate_phash
JW_007243,data/catalogue/JW_007243.jpg,duplicate_phash
JW_007244,data/catalogue/JW_007244.jpg,duplicate_phash
JW_007245,data/catalogue/JW_007245.jpg,duplicate_phash
JW_007246,data/catalogue/JW_007246.jpg,duplicate_phash
JW_007247,data/catalogue/JW_007247.jpg,duplicate_phash
JW_007248,data/catalogue/JW_007248.jpg,duplicate_phash
JW_007249,data/catalogue/JW_007249.jpg,duplicate_phash
JW_007250,data/catalogue/JW_007250.jpg,duplicate_phash
JW_007252,data/catalogue/JW_007252.jpg,duplicate_phash
JW_007253,data/catalogue/JW_007253.jpg,duplicate_phash
JW_007255,data/catalogue/JW_007255.jpg,duplicate_phash
JW_007256,data/catalogue/JW_007256.jpg,duplicate_phash
JW_007257,data/catalogue/JW_007257.jpg,duplicate_phash
JW_007259,data/catalogue/JW_007259.jpg,duplicate_phash
JW_007261,data/catalogue/JW_007261.jpg,duplicate_phash
JW_007262,data/catalogue/JW_007262.jpg,duplicate_phash
JW_007264,data/catalogue/JW_007264.jpg,duplicate_phash
JW_007265,data/catalogue/JW_007265.jpg,duplicate_phash
JW_007267,data/catalogue/JW_007267.jpg,duplicate_phash
JW_007268,data/catalogue/JW_007268.jpg,duplicate_phash
JW_007269,data/catalogue/JW_007269.jpg,duplicate_phash
JW_007271,data/catalogue/JW_007271.jpg,duplicate_phash
JW_007272,data/catalogue/JW_007272.jpg,duplicate_phash
JW_007273,data/catalogue/JW_007273.jpg,duplicate_phash
JW_007274,data/catalogue/JW_007274.jpg,duplicate_phash
JW_007276,data/catalogue/JW_007276.jpg,duplicate_phash
JW_007277,data/catalogue/JW_007277.jpg,duplicate_phash
JW_007278,data/catalogue/JW_007278.jpg,duplicate_phash
JW_007279,data/catalogue/JW_007279.jpg,duplicate_phash
JW_007280,data/catalogue/JW_007280.jpg,duplicate_phash
JW_007281,data/catalogue/JW_007281.jpg,duplicate_phash
JW_007282,data/catalogue/JW_007282.jpg,duplicate_phash
JW_007283,data/catalogue/JW_007283.jpg,duplicate_phash
JW_007284,data/catalogue/JW_007284.jpg,duplicate_phash
JW_007285,data/catalogue/JW_007285.jpg,duplicate_phash
JW_007286,data/catalogue/JW_007286.jpg,duplicate_phash
JW_007287,data/catalogue/JW_007287.jpg,duplicate_phash
JW_007288,data/catalogue/JW_007288.jpg,duplicate_phash
JW_007289,data/catalogue/JW_007289.jpg,duplicate_phash
JW_007290,data/catalogue/JW_007290.jpg,duplicate_phash
JW_007291,data/catalogue/JW_007291.jpg,duplicate_phash
JW_007292,data/catalogue/JW_007292.jpg,duplicate_phash
JW_007293,data/catalogue/JW_007293.jpg,duplicate_phash
JW_007294,data/catalogue/JW_007294.jpg,duplicate_phash
JW_007295,data/catalogue/JW_007295.jpg,duplicate_phash
JW_007296,data/catalogue/JW_007296.jpg,duplicate_phash
JW_007297,data/catalogue/JW_007297.jpg,duplicate_phash
JW_007298,data/catalogue/JW_007298.jpg,duplicate_phash
JW_007299,data/catalogue/JW_007299.jpg,duplicate_phash
JW_007301,data/catalogue/JW_007301.jpg,duplicate_phash
JW_007302,data/catalogue/JW_007302.jpg,duplicate_phash
JW_007303,data/catalogue/JW_007303.jpg,duplicate_phash
JW_007304,data/catalogue/JW_007304.jpg,duplicate_phash
JW_007305,data/catalogue/JW_007305.jpg,duplicate_phash
JW_007306,data/catalogue/JW_007306.jpg,duplicate_phash
JW_007307,data/catalogue/JW_007307.jpg,duplicate_phash
JW_007311,data/catalogue/JW_007311.jpg,duplicate_phash
JW_007314,data/catalogue/JW_007314.jpg,duplicate_phash
JW_007315,data/catalogue/JW_007315.jpg,duplicate_phash
JW_007316,data/catalogue/JW_007316.jpg,duplicate_phash
JW_007321,data/catalogue/JW_007321.jpg,duplicate_phash
JW_007323,data/catalogue/JW_007323.jpg,duplicate_phash
JW_007325,data/catalogue/JW_007325.jpg,duplicate_phash
JW_007328,data/catalogue/JW_007328.jpg,duplicate_phash
JW_007329,data/catalogue/JW_007329.jpg,duplicate_phash
JW_007330,data/catalogue/JW_007330.jpg,duplicate_phash
JW_007331,data/catalogue/JW_007331.jpg,duplicate_phash
JW_007332,data/catalogue/JW_007332.jpg,duplicate_phash
JW_007333,data/catalogue/JW_007333.jpg,duplicate_phash
JW_007334,data/catalogue/JW_007334.jpg,duplicate_phash
JW_007335,data/catalogue/JW_007335.jpg,duplicate_phash
JW_007336,data/catalogue/JW_007336.jpg,duplicate_phash
JW_007337,data/catalogue/JW_007337.jpg,duplicate_phash
JW_007338,data/catalogue/JW_007338.jpg,duplicate_phash
JW_007339,data/catalogue/JW_007339.jpg,duplicate_phash
JW_007340,data/catalogue/JW_007340.jpg,duplicate_phash
JW_007341,data/catalogue/JW_007341.jpg,duplicate_phash
JW_007342,data/catalogue/JW_007342.jpg,duplicate_phash
JW_007343,data/catalogue/JW_007343.jpg,duplicate_phash
JW_007344,data/catalogue/JW_007344.jpg,duplicate_phash
JW_007345,data/catalogue/JW_007345.jpg,duplicate_phash
JW_007346,data/catalogue/JW_007346.jpg,duplicate_phash
JW_007348,data/catalogue/JW_007348.jpg,duplicate_phash
JW_007349,data/catalogue/JW_007349.jpg,duplicate_phash
JW_007350,data/catalogue/JW_007350.jpg,duplicate_phash
JW_007351,data/catalogue/JW_007351.jpg,duplicate_phash
JW_007352,data/catalogue/JW_007352.jpg,duplicate_phash
JW_007353,data/catalogue/JW_007353.jpg,duplicate_phash
JW_007354,data/catalogue/JW_007354.jpg,duplicate_phash
JW_007356,data/catalogue/JW_007356.jpg,duplicate_phash
JW_007357,data/catalogue/JW_007357.jpg,duplicate_phash
JW_007358,data/catalogue/JW_007358.jpg,duplicate_phash
JW_007359,data/catalogue/JW_007359.jpg,duplicate_phash
JW_007360,data/catalogue/JW_007360.jpg,duplicate_phash
JW_007361,data/catalogue/JW_007361.jpg,duplicate_phash
JW_007364,data/catalogue/JW_007364.jpg,duplicate_phash
JW_007367,data/catalogue/JW_007367.jpg,duplicate_phash
JW_007368,data/catalogue/JW_007368.jpg,duplicate_phash
JW_007369,data/catalogue/JW_007369.jpg,duplicate_phash
JW_007370,data/catalogue/JW_007370.jpg,duplicate_phash
JW_007371,data/catalogue/JW_007371.jpg,duplicate_phash
JW_007372,data/catalogue/JW_007372.jpg,duplicate_phash
JW_007374,data/catalogue/JW_007374.jpg,duplicate_phash
JW_007375,data/catalogue/JW_007375.jpg,duplicate_phash
JW_007376,data/catalogue/JW_007376.jpg,duplicate_phash
JW_007377,data/catalogue/JW_007377.jpg,duplicate_phash
JW_007378,data/catalogue/JW_007378.jpg,duplicate_phash
JW_007379,data/catalogue/JW_007379.jpg,duplicate_phash
JW_007380,data/catalogue/JW_007380.jpg,duplicate_phash
JW_007381,data/catalogue/JW_007381.jpg,duplicate_phash
JW_007382,data/catalogue/JW_007382.jpg,duplicate_phash
JW_007383,data/catalogue/JW_007383.jpg,duplicate_phash
JW_007384,data/catalogue/JW_007384.jpg,duplicate_phash
JW_007385,data/catalogue/JW_007385.jpg,duplicate_phash
JW_007386,data/catalogue/JW_007386.jpg,duplicate_phash
JW_007387,data/catalogue/JW_007387.jpg,duplicate_phash
JW_007388,data/catalogue/JW_007388.jpg,duplicate_phash
JW_007389,data/catalogue/JW_007389.jpg,duplicate_phash
JW_007390,data/catalogue/JW_007390.jpg,duplicate_phash
JW_007391,data/catalogue/JW_007391.jpg,duplicate_phash
JW_007392,data/catalogue/JW_007392.jpg,duplicate_phash
JW_007393,data/catalogue/JW_007393.jpg,duplicate_phash
JW_007395,data/catalogue/JW_007395.jpg,duplicate_phash
JW_007396,data/catalogue/JW_007396.jpg,duplicate_phash
JW_007397,data/catalogue/JW_007397.jpg,duplicate_phash
JW_007398,data/catalogue/JW_007398.jpg,duplicate_phash
JW_007399,data/catalogue/JW_007399.jpg,duplicate_phash
JW_007403,data/catalogue/JW_007403.jpg,duplicate_phash
JW_007404,data/catalogue/JW_007404.jpg,duplicate_phash
JW_007405,data/catalogue/JW_007405.jpg,duplicate_phash
JW_007406,data/catalogue/JW_007406.jpg,duplicate_phash
JW_007407,data/catalogue/JW_007407.jpg,duplicate_phash
JW_007408,data/catalogue/JW_007408.jpg,duplicate_phash
JW_007409,data/catalogue/JW_007409.jpg,duplicate_phash
JW_007410,data/catalogue/JW_007410.jpg,duplicate_phash
JW_007411,data/catalogue/JW_007411.jpg,duplicate_phash
JW_007412,data/catalogue/JW_007412.jpg,duplicate_phash
JW_007413,data/catalogue/JW_007413.jpg,duplicate_phash
JW_007414,data/catalogue/JW_007414.jpg,duplicate_phash
JW_007415,data/catalogue/JW_007415.jpg,duplicate_phash
JW_007416,data/catalogue/JW_007416.jpg,duplicate_phash
JW_007417,data/catalogue/JW_007417.jpg,duplicate_phash
JW_007419,data/catalogue/JW_007419.jpg,duplicate_phash
JW_007420,data/catalogue/JW_007420.jpg,duplicate_phash
JW_007421,data/catalogue/JW_007421.jpg,duplicate_phash
JW_007422,data/catalogue/JW_007422.jpg,duplicate_phash
JW_007423,data/catalogue/JW_007423.jpg,duplicate_phash
JW_007424,data/catalogue/JW_007424.jpg,duplicate_phash
JW_007425,data/catalogue/JW_007425.jpg,duplicate_phash
JW_007426,data/catalogue/JW_007426.jpg,duplicate_phash
JW_007427,data/catalogue/JW_007427.jpg,duplicate_phash
JW_007428,data/catalogue/JW_007428.jpg,duplicate_phash
JW_007429,data/catalogue/JW_007429.jpg,duplicate_phash
JW_007430,data/catalogue/JW_007430.jpg,duplicate_phash
JW_007431,data/catalogue/JW_007431.jpg,duplicate_phash
JW_007432,data/catalogue/JW_007432.jpg,duplicate_phash
JW_007433,data/catalogue/JW_007433.jpg,duplicate_phash
JW_007434,data/catalogue/JW_007434.jpg,duplicate_phash
JW_007435,data/catalogue/JW_007435.jpg,duplicate_phash
JW_007437,data/catalogue/JW_007437.jpg,duplicate_phash
JW_007438,data/catalogue/JW_007438.jpg,duplicate_phash
JW_007439,data/catalogue/JW_007439.jpg,duplicate_phash
JW_007440,data/catalogue/JW_007440.jpg,duplicate_phash
JW_007441,data/catalogue/JW_007441.jpg,duplicate_phash
JW_007443,data/catalogue/JW_007443.jpg,duplicate_phash
JW_007444,data/catalogue/JW_007444.jpg,duplicate_phash
JW_007445,data/catalogue/JW_007445.jpg,duplicate_phash
JW_007447,data/catalogue/JW_007447.jpg,duplicate_phash
JW_007448,data/catalogue/JW_007448.jpg,duplicate_phash
JW_007449,data/catalogue/JW_007449.jpg,duplicate_phash
JW_007450,data/catalogue/JW_007450.jpg,duplicate_phash
JW_007451,data/catalogue/JW_007451.jpg,duplicate_phash
JW_007452,data/catalogue/JW_007452.jpg,duplicate_phash
JW_007453,data/catalogue/JW_007453.jpg,duplicate_phash
JW_007454,data/catalogue/JW_007454.jpg,duplicate_phash
JW_007455,data/catalogue/JW_007455.jpg,duplicate_phash
JW_007456,data/catalogue/JW_007456.jpg,duplicate_phash
JW_007457,data/catalogue/JW_007457.jpg,duplicate_phash
JW_007458,data/catalogue/JW_007458.jpg,duplicate_phash
JW_007459,data/catalogue/JW_007459.jpg,duplicate_phash
JW_007460,data/catalogue/JW_007460.jpg,duplicate_phash
JW_007461,data/catalogue/JW_007461.jpg,duplicate_phash
JW_007463,data/catalogue/JW_007463.jpg,duplicate_phash
JW_007465,data/catalogue/JW_007465.jpg,duplicate_phash
JW_007466,data/catalogue/JW_007466.jpg,duplicate_phash
JW_007467,data/catalogue/JW_007467.jpg,duplicate_phash
JW_007468,data/catalogue/JW_007468.jpg,duplicate_phash
JW_007469,data/catalogue/JW_007469.jpg,duplicate_phash
JW_007470,data/catalogue/JW_007470.jpg,duplicate_phash
JW_007471,data/catalogue/JW_007471.jpg,duplicate_phash
JW_007474,data/catalogue/JW_007474.jpg,duplicate_phash
JW_007475,data/catalogue/JW_007475.jpg,duplicate_phash
JW_007476,data/catalogue/JW_007476.jpg,duplicate_phash
JW_007477,data/catalogue/JW_007477.jpg,duplicate_phash
JW_007478,data/catalogue/JW_007478.jpg,duplicate_phash
JW_007480,data/catalogue/JW_007480.jpg,duplicate_phash
JW_007482,data/catalogue/JW_007482.jpg,duplicate_phash
JW_007483,data/catalogue/JW_007483.jpg,duplicate_phash
JW_007484,data/catalogue/JW_007484.jpg,duplicate_phash
JW_007485,data/catalogue/JW_007485.jpg,duplicate_phash
JW_007486,data/catalogue/JW_007486.jpg,duplicate_phash
JW_007487,data/catalogue/JW_007487.jpg,duplicate_phash
JW_007488,data/catalogue/JW_007488.jpg,duplicate_phash
JW_007489,data/catalogue/JW_007489.jpg,duplicate_phash
JW_007490,data/catalogue/JW_007490.jpg,duplicate_phash
JW_007491,data/catalogue/JW_007491.jpg,duplicate_phash
JW_007492,data/catalogue/JW_007492.jpg,duplicate_phash
JW_007493,data/catalogue/JW_007493.jpg,duplicate_phash
JW_007494,data/catalogue/JW_007494.jpg,duplicate_phash
JW_007495,data/catalogue/JW_007495.jpg,duplicate_phash
JW_007496,data/catalogue/JW_007496.jpg,duplicate_phash
JW_007497,data/catalogue/JW_007497.jpg,duplicate_phash
JW_007499,data/catalogue/JW_007499.jpg,duplicate_phash
JW_007500,data/catalogue/JW_007500.jpg,duplicate_phash
JW_007501,data/catalogue/JW_007501.jpg,duplicate_phash
JW_007502,data/catalogue/JW_007502.jpg,duplicate_phash
JW_007503,data/catalogue/JW_007503.jpg,duplicate_phash
JW_007504,data/catalogue/JW_007504.jpg,duplicate_phash
JW_007505,data/catalogue/JW_007505.jpg,duplicate_phash
JW_007506,data/catalogue/JW_007506.jpg,duplicate_phash
JW_007507,data/catalogue/JW_007507.jpg,duplicate_phash
JW_007508,data/catalogue/JW_007508.jpg,blank_image
JW_007509,data/catalogue/JW_007509.jpg,duplicate_phash
JW_007510,data/catalogue/JW_007510.jpg,blank_image
JW_007511,data/catalogue/JW_007511.jpg,duplicate_phash
JW_007512,data/catalogue/JW_007512.jpg,blank_image
JW_007514,data/catalogue/JW_007514.jpg,duplicate_phash
JW_007515,data/catalogue/JW_007515.jpg,duplicate_phash
JW_007516,data/catalogue/JW_007516.jpg,blank_image
JW_007517,data/catalogue/JW_007517.jpg,duplicate_phash
JW_007518,data/catalogue/JW_007518.jpg,duplicate_phash
JW_007519,data/catalogue/JW_007519.jpg,blank_image
JW_007520,data/catalogue/JW_007520.jpg,blank_image
JW_007522,data/catalogue/JW_007522.jpg,blank_image
JW_007523,data/catalogue/JW_007523.jpg,duplicate_phash
JW_007524,data/catalogue/JW_007524.jpg,duplicate_phash
JW_007525,data/catalogue/JW_007525.jpg,duplicate_phash
JW_007526,data/catalogue/JW_007526.jpg,duplicate_phash
JW_007527,data/catalogue/JW_007527.jpg,duplicate_phash
JW_007528,data/catalogue/JW_007528.jpg,duplicate_phash
JW_007529,data/catalogue/JW_007529.jpg,duplicate_phash
JW_007530,data/catalogue/JW_007530.jpg,duplicate_phash
JW_007531,data/catalogue/JW_007531.jpg,duplicate_phash
JW_007532,data/catalogue/JW_007532.jpg,blank_image
JW_007533,data/catalogue/JW_007533.jpg,blank_image
JW_007534,data/catalogue/JW_007534.jpg,duplicate_phash
JW_007535,data/catalogue/JW_007535.jpg,duplicate_phash
JW_007536,data/catalogue/JW_007536.jpg,duplicate_phash
JW_007537,data/catalogue/JW_007537.jpg,blank_image
JW_007538,data/catalogue/JW_007538.jpg,blank_image
JW_007540,data/catalogue/JW_007540.jpg,duplicate_phash
JW_007541,data/catalogue/JW_007541.jpg,blank_image
JW_007542,data/catalogue/JW_007542.jpg,duplicate_phash
JW_007543,data/catalogue/JW_007543.jpg,blank_image
JW_007544,data/catalogue/JW_007544.jpg,blank_image
JW_007545,data/catalogue/JW_007545.jpg,duplicate_phash
JW_007546,data/catalogue/JW_007546.jpg,duplicate_phash
JW_007547,data/catalogue/JW_007547.jpg,duplicate_phash
JW_007548,data/catalogue/JW_007548.jpg,duplicate_phash
JW_007549,data/catalogue/JW_007549.jpg,duplicate_phash
JW_007550,data/catalogue/JW_007550.jpg,duplicate_phash
JW_007551,data/catalogue/JW_007551.jpg,duplicate_phash
JW_007552,data/catalogue/JW_007552.jpg,blank_image
JW_007553,data/catalogue/JW_007553.jpg,duplicate_phash
JW_007554,data/catalogue/JW_007554.jpg,blank_image
JW_007555,data/catalogue/JW_007555.jpg,blank_image
JW_007556,data/catalogue/JW_007556.jpg,duplicate_phash
JW_007557,data/catalogue/JW_007557.jpg,blank_image
JW_007558,data/catalogue/JW_007558.jpg,duplicate_phash
JW_007559,data/catalogue/JW_007559.jpg,duplicate_phash
JW_007560,data/catalogue/JW_007560.jpg,duplicate_phash
JW_007561,data/catalogue/JW_007561.jpg,duplicate_phash
JW_007562,data/catalogue/JW_007562.jpg,blank_image
JW_007563,data/catalogue/JW_007563.jpg,duplicate_phash
JW_007564,data/catalogue/JW_007564.jpg,duplicate_phash
JW_007565,data/catalogue/JW_007565.jpg,duplicate_phash
JW_007566,data/catalogue/JW_007566.jpg,duplicate_phash
JW_007570,data/catalogue/JW_007570.jpg,duplicate_phash
JW_007573,data/catalogue/JW_007573.jpg,duplicate_phash
JW_007574,data/catalogue/JW_007574.jpg,duplicate_phash
JW_007575,data/catalogue/JW_007575.jpg,blank_image
JW_007576,data/catalogue/JW_007576.jpg,duplicate_phash
JW_007577,data/catalogue/JW_007577.jpg,duplicate_phash
JW_007578,data/catalogue/JW_007578.jpg,duplicate_phash
JW_007579,data/catalogue/JW_007579.jpg,duplicate_phash
JW_007580,data/catalogue/JW_007580.jpg,duplicate_phash
JW_007581,data/catalogue/JW_007581.jpg,blank_image
JW_007582,data/catalogue/JW_007582.jpg,duplicate_phash
JW_007583,data/catalogue/JW_007583.jpg,blank_image
JW_007584,data/catalogue/JW_007584.jpg,duplicate_phash
JW_007585,data/catalogue/JW_007585.jpg,duplicate_phash
JW_007586,data/catalogue/JW_007586.jpg,duplicate_phash
JW_007587,data/catalogue/JW_007587.jpg,duplicate_phash
JW_007589,data/catalogue/JW_007589.jpg,duplicate_phash
JW_007590,data/catalogue/JW_007590.jpg,duplicate_phash
JW_007591,data/catalogue/JW_007591.jpg,duplicate_phash
JW_007592,data/catalogue/JW_007592.jpg,duplicate_phash
JW_007593,data/catalogue/JW_007593.jpg,duplicate_phash
JW_007594,data/catalogue/JW_007594.jpg,duplicate_phash
JW_007595,data/catalogue/JW_007595.jpg,duplicate_phash
JW_007596,data/catalogue/JW_007596.jpg,duplicate_phash
JW_007597,data/catalogue/JW_007597.jpg,duplicate_phash
JW_007599,data/catalogue/JW_007599.jpg,duplicate_phash
JW_007600,data/catalogue/JW_007600.jpg,duplicate_phash
JW_007601,data/catalogue/JW_007601.jpg,duplicate_phash
JW_007602,data/catalogue/JW_007602.jpg,duplicate_phash
JW_007603,data/catalogue/JW_007603.jpg,duplicate_phash
JW_007604,data/catalogue/JW_007604.jpg,duplicate_phash
JW_007605,data/catalogue/JW_007605.jpg,duplicate_phash
JW_007606,data/catalogue/JW_007606.jpg,duplicate_phash
JW_007607,data/catalogue/JW_007607.jpg,duplicate_phash
JW_007608,data/catalogue/JW_007608.jpg,duplicate_phash
JW_007609,data/catalogue/JW_007609.jpg,duplicate_phash
JW_007610,data/catalogue/JW_007610.jpg,duplicate_phash
JW_007611,data/catalogue/JW_007611.jpg,duplicate_phash
JW_007612,data/catalogue/JW_007612.jpg,duplicate_phash
JW_007613,data/catalogue/JW_007613.jpg,duplicate_phash
JW_007614,data/catalogue/JW_007614.jpg,duplicate_phash
JW_007615,data/catalogue/JW_007615.jpg,duplicate_phash
JW_007616,data/catalogue/JW_007616.jpg,duplicate_phash
JW_007617,data/catalogue/JW_007617.jpg,duplicate_phash
JW_007620,data/catalogue/JW_007620.jpg,duplicate_phash
JW_007621,data/catalogue/JW_007621.jpg,duplicate_phash
JW_007622,data/catalogue/JW_007622.jpg,duplicate_phash
JW_007625,data/catalogue/JW_007625.jpg,duplicate_phash
JW_007627,data/catalogue/JW_007627.jpg,duplicate_phash
JW_007628,data/catalogue/JW_007628.jpg,duplicate_phash
JW_007629,data/catalogue/JW_007629.jpg,duplicate_phash
JW_007630,data/catalogue/JW_007630.jpg,duplicate_phash
JW_007631,data/catalogue/JW_007631.jpg,duplicate_phash
JW_007632,data/catalogue/JW_007632.jpg,duplicate_phash
JW_007635,data/catalogue/JW_007635.jpg,duplicate_phash
JW_007636,data/catalogue/JW_007636.jpg,duplicate_phash
JW_007637,data/catalogue/JW_007637.jpg,duplicate_phash
JW_007638,data/catalogue/JW_007638.jpg,duplicate_phash
JW_007639,data/catalogue/JW_007639.jpg,duplicate_phash
JW_007640,data/catalogue/JW_007640.jpg,duplicate_phash
JW_007641,data/catalogue/JW_007641.jpg,duplicate_phash
JW_007642,data/catalogue/JW_007642.jpg,duplicate_phash
JW_007643,data/catalogue/JW_007643.jpg,duplicate_phash
JW_007644,data/catalogue/JW_007644.jpg,duplicate_phash
JW_007645,data/catalogue/JW_007645.jpg,duplicate_phash
JW_007646,data/catalogue/JW_007646.jpg,duplicate_phash
JW_007648,data/catalogue/JW_007648.jpg,duplicate_phash
JW_007649,data/catalogue/JW_007649.jpg,duplicate_phash
JW_007651,data/catalogue/JW_007651.jpg,duplicate_phash
JW_007652,data/catalogue/JW_007652.jpg,duplicate_phash
JW_007653,data/catalogue/JW_007653.jpg,duplicate_phash
JW_007654,data/catalogue/JW_007654.jpg,duplicate_phash
JW_007655,data/catalogue/JW_007655.jpg,duplicate_phash
JW_007656,data/catalogue/JW_007656.jpg,duplicate_phash
JW_007657,data/catalogue/JW_007657.jpg,duplicate_phash
JW_007658,data/catalogue/JW_007658.jpg,duplicate_phash
JW_007659,data/catalogue/JW_007659.jpg,duplicate_phash
JW_007660,data/catalogue/JW_007660.jpg,duplicate_phash
JW_007661,data/catalogue/JW_007661.jpg,duplicate_phash
JW_007663,data/catalogue/JW_007663.jpg,duplicate_phash
JW_007664,data/catalogue/JW_007664.jpg,duplicate_phash
JW_007665,data/catalogue/JW_007665.jpg,duplicate_phash
JW_007666,data/catalogue/JW_007666.jpg,duplicate_phash
JW_007667,data/catalogue/JW_007667.jpg,duplicate_phash
JW_007668,data/catalogue/JW_007668.jpg,duplicate_phash
JW_007669,data/catalogue/JW_007669.jpg,duplicate_phash
JW_007670,data/catalogue/JW_007670.jpg,duplicate_phash
JW_007671,data/catalogue/JW_007671.jpg,duplicate_phash
JW_007672,data/catalogue/JW_007672.jpg,duplicate_phash
JW_007673,data/catalogue/JW_007673.jpg,duplicate_phash
JW_007674,data/catalogue/JW_007674.jpg,duplicate_phash
JW_007675,data/catalogue/JW_007675.jpg,duplicate_phash
JW_007676,data/catalogue/JW_007676.jpg,duplicate_phash
JW_007678,data/catalogue/JW_007678.jpg,duplicate_phash
JW_007680,data/catalogue/JW_007680.jpg,duplicate_phash
JW_007681,data/catalogue/JW_007681.jpg,duplicate_phash
JW_007682,data/catalogue/JW_007682.jpg,duplicate_phash
JW_007684,data/catalogue/JW_007684.jpg,duplicate_phash
JW_007685,data/catalogue/JW_007685.jpg,duplicate_phash
JW_007686,data/catalogue/JW_007686.jpg,duplicate_phash
JW_007687,data/catalogue/JW_007687.jpg,duplicate_phash
JW_007688,data/catalogue/JW_007688.jpg,duplicate_phash
JW_007689,data/catalogue/JW_007689.jpg,duplicate_phash
JW_007690,data/catalogue/JW_007690.jpg,duplicate_phash
JW_007691,data/catalogue/JW_007691.jpg,duplicate_phash
JW_007692,data/catalogue/JW_007692.jpg,duplicate_phash
JW_007693,data/catalogue/JW_007693.jpg,duplicate_phash
JW_007694,data/catalogue/JW_007694.jpg,duplicate_phash
JW_007695,data/catalogue/JW_007695.jpg,duplicate_phash
JW_007696,data/catalogue/JW_007696.jpg,duplicate_phash
JW_007697,data/catalogue/JW_007697.jpg,duplicate_phash
JW_007698,data/catalogue/JW_007698.jpg,duplicate_phash
JW_007699,data/catalogue/JW_007699.jpg,duplicate_phash
JW_007700,data/catalogue/JW_007700.jpg,duplicate_phash
JW_007701,data/catalogue/JW_007701.jpg,duplicate_phash
JW_007702,data/catalogue/JW_007702.jpg,duplicate_phash
JW_007703,data/catalogue/JW_007703.jpg,duplicate_phash
JW_007704,data/catalogue/JW_007704.jpg,duplicate_phash
JW_007705,data/catalogue/JW_007705.jpg,duplicate_phash
JW_007706,data/catalogue/JW_007706.jpg,duplicate_phash
JW_007708,data/catalogue/JW_007708.jpg,duplicate_phash
JW_007709,data/catalogue/JW_007709.jpg,duplicate_phash
JW_007710,data/catalogue/JW_007710.jpg,duplicate_phash
JW_007711,data/catalogue/JW_007711.jpg,duplicate_phash
JW_007712,data/catalogue/JW_007712.jpg,duplicate_phash
JW_007713,data/catalogue/JW_007713.jpg,duplicate_phash
JW_007714,data/catalogue/JW_007714.jpg,duplicate_phash
JW_007715,data/catalogue/JW_007715.jpg,duplicate_phash
JW_007716,data/catalogue/JW_007716.jpg,duplicate_phash
JW_007717,data/catalogue/JW_007717.jpg,duplicate_phash
JW_007719,data/catalogue/JW_007719.jpg,duplicate_phash
JW_007720,data/catalogue/JW_007720.jpg,duplicate_phash
JW_007721,data/catalogue/JW_007721.jpg,duplicate_phash
JW_007722,data/catalogue/JW_007722.jpg,duplicate_phash
JW_007723,data/catalogue/JW_007723.jpg,duplicate_phash
JW_007724,data/catalogue/JW_007724.jpg,duplicate_phash
JW_007725,data/catalogue/JW_007725.jpg,duplicate_phash
JW_007726,data/catalogue/JW_007726.jpg,duplicate_phash
JW_007727,data/catalogue/JW_007727.jpg,duplicate_phash
JW_007728,data/catalogue/JW_007728.jpg,duplicate_phash
JW_007729,data/catalogue/JW_007729.jpg,duplicate_phash
JW_007730,data/catalogue/JW_007730.jpg,duplicate_phash
JW_007731,data/catalogue/JW_007731.jpg,duplicate_phash
JW_007732,data/catalogue/JW_007732.jpg,duplicate_phash
JW_007733,data/catalogue/JW_007733.jpg,duplicate_phash
JW_007734,data/catalogue/JW_007734.jpg,duplicate_phash
JW_007735,data/catalogue/JW_007735.jpg,duplicate_phash
JW_007736,data/catalogue/JW_007736.jpg,duplicate_phash
JW_007737,data/catalogue/JW_007737.jpg,duplicate_phash
JW_007738,data/catalogue/JW_007738.jpg,duplicate_phash
JW_007739,data/catalogue/JW_007739.jpg,duplicate_phash
JW_007740,data/catalogue/JW_007740.jpg,duplicate_phash
JW_007741,data/catalogue/JW_007741.jpg,duplicate_phash
JW_007742,data/catalogue/JW_007742.jpg,duplicate_phash
JW_007743,data/catalogue/JW_007743.jpg,duplicate_phash
JW_007744,data/catalogue/JW_007744.jpg,duplicate_phash
JW_007745,data/catalogue/JW_007745.jpg,duplicate_phash
JW_007746,data/catalogue/JW_007746.jpg,duplicate_phash
JW_007748,data/catalogue/JW_007748.jpg,duplicate_phash
JW_007749,data/catalogue/JW_007749.jpg,duplicate_phash
JW_007750,data/catalogue/JW_007750.jpg,duplicate_phash
JW_007751,data/catalogue/JW_007751.jpg,duplicate_phash
JW_007752,data/catalogue/JW_007752.jpg,duplicate_phash
JW_007753,data/catalogue/JW_007753.jpg,duplicate_phash
JW_007754,data/catalogue/JW_007754.jpg,duplicate_phash
JW_007755,data/catalogue/JW_007755.jpg,duplicate_phash
JW_007756,data/catalogue/JW_007756.jpg,duplicate_phash
JW_007757,data/catalogue/JW_007757.jpg,duplicate_phash
JW_007758,data/catalogue/JW_007758.jpg,duplicate_phash
JW_007759,data/catalogue/JW_007759.jpg,duplicate_phash
JW_007760,data/catalogue/JW_007760.jpg,duplicate_phash
JW_007761,data/catalogue/JW_007761.jpg,duplicate_phash
JW_007762,data/catalogue/JW_007762.jpg,duplicate_phash
JW_007763,data/catalogue/JW_007763.jpg,duplicate_phash
JW_007764,data/catalogue/JW_007764.jpg,duplicate_phash
JW_007765,data/catalogue/JW_007765.jpg,duplicate_phash
JW_007766,data/catalogue/JW_007766.jpg,duplicate_phash
JW_007767,data/catalogue/JW_007767.jpg,duplicate_phash
JW_007768,data/catalogue/JW_007768.jpg,duplicate_phash
JW_007769,data/catalogue/JW_007769.jpg,duplicate_phash
JW_007770,data/catalogue/JW_007770.jpg,duplicate_phash
JW_007771,data/catalogue/JW_007771.jpg,duplicate_phash
JW_007772,data/catalogue/JW_007772.jpg,duplicate_phash
JW_007773,data/catalogue/JW_007773.jpg,duplicate_phash
JW_007774,data/catalogue/JW_007774.jpg,duplicate_phash
JW_007775,data/catalogue/JW_007775.jpg,duplicate_phash
JW_007776,data/catalogue/JW_007776.jpg,duplicate_phash
JW_007777,data/catalogue/JW_007777.jpg,duplicate_phash
JW_007778,data/catalogue/JW_007778.jpg,duplicate_phash
JW_007779,data/catalogue/JW_007779.jpg,duplicate_phash
JW_007780,data/catalogue/JW_007780.jpg,duplicate_phash
JW_007781,data/catalogue/JW_007781.jpg,duplicate_phash
JW_007782,data/catalogue/JW_007782.jpg,duplicate_phash
JW_007783,data/catalogue/JW_007783.jpg,duplicate_phash
JW_007784,data/catalogue/JW_007784.jpg,duplicate_phash
JW_007786,data/catalogue/JW_007786.jpg,duplicate_phash
JW_007787,data/catalogue/JW_007787.jpg,duplicate_phash
JW_007788,data/catalogue/JW_007788.jpg,duplicate_phash
JW_007789,data/catalogue/JW_007789.jpg,duplicate_phash
JW_007791,data/catalogue/JW_007791.jpg,duplicate_phash
JW_007792,data/catalogue/JW_007792.jpg,duplicate_phash
JW_007793,data/catalogue/JW_007793.jpg,duplicate_phash
JW_007794,data/catalogue/JW_007794.jpg,duplicate_phash
JW_007795,data/catalogue/JW_007795.jpg,duplicate_phash
JW_007796,data/catalogue/JW_007796.jpg,duplicate_phash
JW_007797,data/catalogue/JW_007797.jpg,duplicate_phash
JW_007798,data/catalogue/JW_007798.jpg,duplicate_phash
JW_007799,data/catalogue/JW_007799.jpg,duplicate_phash
JW_007800,data/catalogue/JW_007800.jpg,duplicate_phash
JW_007801,data/catalogue/JW_007801.jpg,duplicate_phash
JW_007802,data/catalogue/JW_007802.jpg,duplicate_phash
JW_007803,data/catalogue/JW_007803.jpg,duplicate_phash
JW_007804,data/catalogue/JW_007804.jpg,duplicate_phash
JW_007805,data/catalogue/JW_007805.jpg,duplicate_phash
JW_007806,data/catalogue/JW_007806.jpg,duplicate_phash
JW_007807,data/catalogue/JW_007807.jpg,duplicate_phash
JW_007808,data/catalogue/JW_007808.jpg,duplicate_phash
JW_007809,data/catalogue/JW_007809.jpg,duplicate_phash
JW_007810,data/catalogue/JW_007810.jpg,duplicate_phash
JW_007811,data/catalogue/JW_007811.jpg,duplicate_phash
JW_007812,data/catalogue/JW_007812.jpg,duplicate_phash
JW_007813,data/catalogue/JW_007813.jpg,duplicate_phash
JW_007814,data/catalogue/JW_007814.jpg,duplicate_phash
JW_007816,data/catalogue/JW_007816.jpg,duplicate_phash
JW_007817,data/catalogue/JW_007817.jpg,duplicate_phash
JW_007818,data/catalogue/JW_007818.jpg,duplicate_phash
JW_007819,data/catalogue/JW_007819.jpg,duplicate_phash
JW_007820,data/catalogue/JW_007820.jpg,duplicate_phash
JW_007823,data/catalogue/JW_007823.jpg,duplicate_phash
JW_007824,data/catalogue/JW_007824.jpg,duplicate_phash
JW_007826,data/catalogue/JW_007826.jpg,duplicate_phash
JW_007827,data/catalogue/JW_007827.jpg,duplicate_phash
JW_007829,data/catalogue/JW_007829.jpg,duplicate_phash
JW_007830,data/catalogue/JW_007830.jpg,duplicate_phash
JW_007831,data/catalogue/JW_007831.jpg,duplicate_phash
JW_007832,data/catalogue/JW_007832.jpg,duplicate_phash
JW_007833,data/catalogue/JW_007833.jpg,duplicate_phash
JW_007834,data/catalogue/JW_007834.jpg,duplicate_phash
JW_007836,data/catalogue/JW_007836.jpg,duplicate_phash
JW_007837,data/catalogue/JW_007837.jpg,duplicate_phash
JW_007838,data/catalogue/JW_007838.jpg,duplicate_phash
JW_007839,data/catalogue/JW_007839.jpg,duplicate_phash
JW_007840,data/catalogue/JW_007840.jpg,duplicate_phash
JW_007841,data/catalogue/JW_007841.jpg,duplicate_phash
JW_007842,data/catalogue/JW_007842.jpg,duplicate_phash
JW_007843,data/catalogue/JW_007843.jpg,duplicate_phash
JW_007844,data/catalogue/JW_007844.jpg,duplicate_phash
JW_007845,data/catalogue/JW_007845.jpg,duplicate_phash
JW_007846,data/catalogue/JW_007846.jpg,duplicate_phash
JW_007847,data/catalogue/JW_007847.jpg,duplicate_phash
JW_007848,data/catalogue/JW_007848.jpg,duplicate_phash
JW_007849,data/catalogue/JW_007849.jpg,duplicate_phash
JW_007850,data/catalogue/JW_007850.jpg,duplicate_phash
JW_007851,data/catalogue/JW_007851.jpg,duplicate_phash
JW_007852,data/catalogue/JW_007852.jpg,duplicate_phash
JW_007853,data/catalogue/JW_007853.jpg,duplicate_phash
JW_007854,data/catalogue/JW_007854.jpg,duplicate_phash
JW_007856,data/catalogue/JW_007856.jpg,duplicate_phash
JW_007857,data/catalogue/JW_007857.jpg,duplicate_phash
JW_007858,data/catalogue/JW_007858.jpg,duplicate_phash
JW_007859,data/catalogue/JW_007859.jpg,duplicate_phash
JW_007860,data/catalogue/JW_007860.jpg,duplicate_phash
JW_007861,data/catalogue/JW_007861.jpg,duplicate_phash
JW_007864,data/catalogue/JW_007864.jpg,duplicate_phash
JW_007865,data/catalogue/JW_007865.jpg,duplicate_phash
JW_007866,data/catalogue/JW_007866.jpg,duplicate_phash
JW_007867,data/catalogue/JW_007867.jpg,duplicate_phash
JW_007868,data/catalogue/JW_007868.jpg,duplicate_phash
JW_007870,data/catalogue/JW_007870.jpg,duplicate_phash
JW_007871,data/catalogue/JW_007871.jpg,duplicate_phash
JW_007872,data/catalogue/JW_007872.jpg,duplicate_phash
JW_007874,data/catalogue/JW_007874.jpg,duplicate_phash
JW_007875,data/catalogue/JW_007875.jpg,duplicate_phash
JW_007877,data/catalogue/JW_007877.jpg,duplicate_phash
JW_007878,data/catalogue/JW_007878.jpg,duplicate_phash
JW_007879,data/catalogue/JW_007879.jpg,duplicate_phash
JW_007880,data/catalogue/JW_007880.jpg,duplicate_phash
JW_007881,data/catalogue/JW_007881.jpg,duplicate_phash
JW_007882,data/catalogue/JW_007882.jpg,duplicate_phash
JW_007883,data/catalogue/JW_007883.jpg,duplicate_phash
JW_007884,data/catalogue/JW_007884.jpg,duplicate_phash
JW_007885,data/catalogue/JW_007885.jpg,duplicate_phash
JW_007886,data/catalogue/JW_007886.jpg,duplicate_phash
JW_007887,data/catalogue/JW_007887.jpg,duplicate_phash
JW_007888,data/catalogue/JW_007888.jpg,duplicate_phash
JW_007889,data/catalogue/JW_007889.jpg,duplicate_phash
JW_007890,data/catalogue/JW_007890.jpg,duplicate_phash
JW_007891,data/catalogue/JW_007891.jpg,duplicate_phash
JW_007892,data/catalogue/JW_007892.jpg,duplicate_phash
JW_007893,data/catalogue/JW_007893.jpg,duplicate_phash
JW_007895,data/catalogue/JW_007895.jpg,duplicate_phash
JW_007897,data/catalogue/JW_007897.jpg,duplicate_phash
JW_007898,data/catalogue/JW_007898.jpg,blank_image
JW_007899,data/catalogue/JW_007899.jpg,duplicate_phash
JW_007900,data/catalogue/JW_007900.jpg,duplicate_phash
JW_007901,data/catalogue/JW_007901.jpg,blank_image
JW_007902,data/catalogue/JW_007902.jpg,duplicate_phash
JW_007903,data/catalogue/JW_007903.jpg,duplicate_phash
JW_007904,data/catalogue/JW_007904.jpg,duplicate_phash
JW_007905,data/catalogue/JW_007905.jpg,duplicate_phash
JW_007906,data/catalogue/JW_007906.jpg,duplicate_phash
JW_007907,data/catalogue/JW_007907.jpg,duplicate_phash
JW_007908,data/catalogue/JW_007908.jpg,duplicate_phash
JW_007909,data/catalogue/JW_007909.jpg,duplicate_phash
JW_007911,data/catalogue/JW_007911.jpg,duplicate_phash
JW_007912,data/catalogue/JW_007912.jpg,duplicate_phash
JW_007913,data/catalogue/JW_007913.jpg,duplicate_phash
JW_007914,data/catalogue/JW_007914.jpg,duplicate_phash
JW_007915,data/catalogue/JW_007915.jpg,duplicate_phash
JW_007917,data/catalogue/JW_007917.jpg,duplicate_phash
JW_007919,data/catalogue/JW_007919.jpg,duplicate_phash
JW_007920,data/catalogue/JW_007920.jpg,duplicate_phash
JW_007921,data/catalogue/JW_007921.jpg,duplicate_phash
JW_007922,data/catalogue/JW_007922.jpg,duplicate_phash
JW_007923,data/catalogue/JW_007923.jpg,duplicate_phash
JW_007924,data/catalogue/JW_007924.jpg,duplicate_phash
JW_007925,data/catalogue/JW_007925.jpg,duplicate_phash
JW_007926,data/catalogue/JW_007926.jpg,duplicate_phash
JW_007927,data/catalogue/JW_007927.jpg,duplicate_phash
JW_007928,data/catalogue/JW_007928.jpg,duplicate_phash
JW_007931,data/catalogue/JW_007931.jpg,duplicate_phash
JW_007932,data/catalogue/JW_007932.jpg,duplicate_phash
JW_007933,data/catalogue/JW_007933.jpg,duplicate_phash
JW_007934,data/catalogue/JW_007934.jpg,duplicate_phash
JW_007935,data/catalogue/JW_007935.jpg,duplicate_phash
JW_007936,data/catalogue/JW_007936.jpg,duplicate_phash
JW_007937,data/catalogue/JW_007937.jpg,duplicate_phash
JW_007938,data/catalogue/JW_007938.jpg,duplicate_phash
JW_007939,data/catalogue/JW_007939.jpg,duplicate_phash
JW_007940,data/catalogue/JW_007940.jpg,duplicate_phash
JW_007941,data/catalogue/JW_007941.jpg,duplicate_phash
JW_007942,data/catalogue/JW_007942.jpg,duplicate_phash
JW_007943,data/catalogue/JW_007943.jpg,duplicate_phash
JW_007944,data/catalogue/JW_007944.jpg,duplicate_phash
JW_007945,data/catalogue/JW_007945.jpg,duplicate_phash
JW_007946,data/catalogue/JW_007946.jpg,duplicate_phash
JW_007947,data/catalogue/JW_007947.jpg,duplicate_phash
JW_007948,data/catalogue/JW_007948.jpg,duplicate_phash
JW_007949,data/catalogue/JW_007949.jpg,duplicate_phash
JW_007950,data/catalogue/JW_007950.jpg,duplicate_phash
JW_007951,data/catalogue/JW_007951.jpg,duplicate_phash
JW_007953,data/catalogue/JW_007953.jpg,duplicate_phash
JW_007954,data/catalogue/JW_007954.jpg,duplicate_phash
JW_007955,data/catalogue/JW_007955.jpg,duplicate_phash
JW_007956,data/catalogue/JW_007956.jpg,duplicate_phash
JW_007957,data/catalogue/JW_007957.jpg,duplicate_phash
JW_007958,data/catalogue/JW_007958.jpg,duplicate_phash
JW_007959,data/catalogue/JW_007959.jpg,duplicate_phash
JW_007960,data/catalogue/JW_007960.jpg,duplicate_phash
JW_007961,data/catalogue/JW_007961.jpg,duplicate_phash
JW_007962,data/catalogue/JW_007962.jpg,duplicate_phash
JW_007963,data/catalogue/JW_007963.jpg,duplicate_phash
JW_007965,data/catalogue/JW_007965.jpg,duplicate_phash
JW_007966,data/catalogue/JW_007966.jpg,duplicate_phash
JW_007967,data/catalogue/JW_007967.jpg,duplicate_phash
JW_007969,data/catalogue/JW_007969.jpg,duplicate_phash
JW_007970,data/catalogue/JW_007970.jpg,duplicate_phash
JW_007971,data/catalogue/JW_007971.jpg,duplicate_phash
JW_007972,data/catalogue/JW_007972.jpg,duplicate_phash
JW_007974,data/catalogue/JW_007974.jpg,duplicate_phash
JW_007976,data/catalogue/JW_007976.jpg,duplicate_phash
JW_007979,data/catalogue/JW_007979.jpg,duplicate_phash
JW_007980,data/catalogue/JW_007980.jpg,duplicate_phash
JW_007981,data/catalogue/JW_007981.jpg,duplicate_phash
JW_007982,data/catalogue/JW_007982.jpg,duplicate_phash
JW_007983,data/catalogue/JW_007983.jpg,duplicate_phash
JW_007985,data/catalogue/JW_007985.jpg,duplicate_phash
JW_007986,data/catalogue/JW_007986.jpg,duplicate_phash
JW_007990,data/catalogue/JW_007990.jpg,duplicate_phash
JW_007991,data/catalogue/JW_007991.jpg,duplicate_phash
JW_007992,data/catalogue/JW_007992.jpg,duplicate_phash
JW_007993,data/catalogue/JW_007993.jpg,duplicate_phash
JW_007994,data/catalogue/JW_007994.jpg,duplicate_phash
JW_007995,data/catalogue/JW_007995.jpg,duplicate_phash
JW_007996,data/catalogue/JW_007996.jpg,duplicate_phash
JW_007998,data/catalogue/JW_007998.jpg,duplicate_phash
JW_007999,data/catalogue/JW_007999.jpg,duplicate_phash
JW_008002,data/catalogue/JW_008002.jpg,duplicate_phash
JW_008003,data/catalogue/JW_008003.jpg,duplicate_phash
JW_008004,data/catalogue/JW_008004.jpg,duplicate_phash
JW_008005,data/catalogue/JW_008005.jpg,duplicate_phash
JW_008006,data/catalogue/JW_008006.jpg,duplicate_phash
JW_008007,data/catalogue/JW_008007.jpg,duplicate_phash
JW_008008,data/catalogue/JW_008008.jpg,duplicate_phash
JW_008009,data/catalogue/JW_008009.jpg,duplicate_phash
JW_008010,data/catalogue/JW_008010.jpg,duplicate_phash
JW_008011,data/catalogue/JW_008011.jpg,duplicate_phash
JW_008013,data/catalogue/JW_008013.jpg,duplicate_phash
JW_008014,data/catalogue/JW_008014.jpg,duplicate_phash
JW_008015,data/catalogue/JW_008015.jpg,duplicate_phash
JW_008017,data/catalogue/JW_008017.jpg,duplicate_phash
JW_008018,data/catalogue/JW_008018.jpg,duplicate_phash
JW_008019,data/catalogue/JW_008019.jpg,duplicate_phash
JW_008020,data/catalogue/JW_008020.jpg,duplicate_phash
JW_008021,data/catalogue/JW_008021.jpg,duplicate_phash
JW_008022,data/catalogue/JW_008022.jpg,duplicate_phash
JW_008023,data/catalogue/JW_008023.jpg,duplicate_phash
JW_008025,data/catalogue/JW_008025.jpg,duplicate_phash
JW_008026,data/catalogue/JW_008026.jpg,duplicate_phash
JW_008027,data/catalogue/JW_008027.jpg,duplicate_phash
JW_008028,data/catalogue/JW_008028.jpg,duplicate_phash
JW_008029,data/catalogue/JW_008029.jpg,duplicate_phash
JW_008030,data/catalogue/JW_008030.jpg,duplicate_phash
JW_008031,data/catalogue/JW_008031.jpg,duplicate_phash
JW_008032,data/catalogue/JW_008032.jpg,duplicate_phash
JW_008033,data/catalogue/JW_008033.jpg,duplicate_phash
JW_008034,data/catalogue/JW_008034.jpg,duplicate_phash
JW_008035,data/catalogue/JW_008035.jpg,duplicate_phash
JW_008037,data/catalogue/JW_008037.jpg,duplicate_phash
JW_008039,data/catalogue/JW_008039.jpg,duplicate_phash
JW_008040,data/catalogue/JW_008040.jpg,duplicate_phash
JW_008042,data/catalogue/JW_008042.jpg,duplicate_phash
JW_008044,data/catalogue/JW_008044.jpg,duplicate_phash
JW_008045,data/catalogue/JW_008045.jpg,duplicate_phash
JW_008046,data/catalogue/JW_008046.jpg,duplicate_phash
JW_008047,data/catalogue/JW_008047.jpg,duplicate_phash
JW_008048,data/catalogue/JW_008048.jpg,duplicate_phash
JW_008049,data/catalogue/JW_008049.jpg,duplicate_phash
JW_008051,data/catalogue/JW_008051.jpg,duplicate_phash
JW_008053,data/catalogue/JW_008053.jpg,duplicate_phash
JW_008054,data/catalogue/JW_008054.jpg,duplicate_phash
JW_008055,data/catalogue/JW_008055.jpg,duplicate_phash
JW_008056,data/catalogue/JW_008056.jpg,duplicate_phash
JW_008058,data/catalogue/JW_008058.jpg,duplicate_phash
JW_008059,data/catalogue/JW_008059.jpg,duplicate_phash
JW_008060,data/catalogue/JW_008060.jpg,duplicate_phash
JW_008061,data/catalogue/JW_008061.jpg,duplicate_phash
JW_008063,data/catalogue/JW_008063.jpg,duplicate_phash
JW_008064,data/catalogue/JW_008064.jpg,duplicate_phash
JW_008065,data/catalogue/JW_008065.jpg,duplicate_phash
JW_008066,data/catalogue/JW_008066.jpg,duplicate_phash
JW_008068,data/catalogue/JW_008068.jpg,duplicate_phash
JW_008069,data/catalogue/JW_008069.jpg,duplicate_phash
JW_008070,data/catalogue/JW_008070.jpg,duplicate_phash
JW_008071,data/catalogue/JW_008071.jpg,duplicate_phash
JW_008074,data/catalogue/JW_008074.jpg,duplicate_phash
JW_008076,data/catalogue/JW_008076.jpg,duplicate_phash
JW_008077,data/catalogue/JW_008077.jpg,duplicate_phash
JW_008079,data/catalogue/JW_008079.jpg,duplicate_phash
JW_008080,data/catalogue/JW_008080.jpg,duplicate_phash
JW_008081,data/catalogue/JW_008081.jpg,duplicate_phash
JW_008082,data/catalogue/JW_008082.jpg,duplicate_phash
JW_008083,data/catalogue/JW_008083.jpg,duplicate_phash
JW_008084,data/catalogue/JW_008084.jpg,duplicate_phash
JW_008085,data/catalogue/JW_008085.jpg,duplicate_phash
JW_008086,data/catalogue/JW_008086.jpg,duplicate_phash
JW_008087,data/catalogue/JW_008087.jpg,duplicate_phash
JW_008088,data/catalogue/JW_008088.jpg,duplicate_phash
JW_008089,data/catalogue/JW_008089.jpg,duplicate_phash
JW_008090,data/catalogue/JW_008090.jpg,duplicate_phash
JW_008091,data/catalogue/JW_008091.jpg,duplicate_phash
JW_008092,data/catalogue/JW_008092.jpg,duplicate_phash
JW_008093,data/catalogue/JW_008093.jpg,duplicate_phash
JW_008094,data/catalogue/JW_008094.jpg,duplicate_phash
JW_008096,data/catalogue/JW_008096.jpg,duplicate_phash
JW_008097,data/catalogue/JW_008097.jpg,duplicate_phash
JW_008098,data/catalogue/JW_008098.jpg,duplicate_phash
JW_008099,data/catalogue/JW_008099.jpg,duplicate_phash
JW_008100,data/catalogue/JW_008100.jpg,duplicate_phash
JW_008101,data/catalogue/JW_008101.jpg,duplicate_phash
JW_008102,data/catalogue/JW_008102.jpg,duplicate_phash
JW_008103,data/catalogue/JW_008103.jpg,duplicate_phash
JW_008104,data/catalogue/JW_008104.jpg,blank_image
JW_008105,data/catalogue/JW_008105.jpg,duplicate_phash
JW_008106,data/catalogue/JW_008106.jpg,duplicate_phash
JW_008107,data/catalogue/JW_008107.jpg,duplicate_phash
JW_008108,data/catalogue/JW_008108.jpg,duplicate_phash
JW_008109,data/catalogue/JW_008109.jpg,duplicate_phash
JW_008110,data/catalogue/JW_008110.jpg,duplicate_phash
JW_008111,data/catalogue/JW_008111.jpg,duplicate_phash
JW_008112,data/catalogue/JW_008112.jpg,blank_image
JW_008113,data/catalogue/JW_008113.jpg,blank_image
JW_008114,data/catalogue/JW_008114.jpg,duplicate_phash
JW_008115,data/catalogue/JW_008115.jpg,duplicate_phash
JW_008116,data/catalogue/JW_008116.jpg,duplicate_phash
JW_008117,data/catalogue/JW_008117.jpg,blank_image
JW_008119,data/catalogue/JW_008119.jpg,duplicate_phash
JW_008121,data/catalogue/JW_008121.jpg,duplicate_phash
JW_008122,data/catalogue/JW_008122.jpg,duplicate_phash
JW_008123,data/catalogue/JW_008123.jpg,blank_image
JW_008124,data/catalogue/JW_008124.jpg,blank_image
JW_008125,data/catalogue/JW_008125.jpg,blank_image
JW_008126,data/catalogue/JW_008126.jpg,blank_image
JW_008127,data/catalogue/JW_008127.jpg,blank_image
JW_008128,data/catalogue/JW_008128.jpg,blank_image
JW_008129,data/catalogue/JW_008129.jpg,duplicate_phash
JW_008130,data/catalogue/JW_008130.jpg,duplicate_phash
JW_008131,data/catalogue/JW_008131.jpg,blank_image
JW_008132,data/catalogue/JW_008132.jpg,blank_image
JW_008133,data/catalogue/JW_008133.jpg,blank_image
JW_008134,data/catalogue/JW_008134.jpg,duplicate_phash
JW_008135,data/catalogue/JW_008135.jpg,duplicate_phash
JW_008136,data/catalogue/JW_008136.jpg,duplicate_phash
JW_008137,data/catalogue/JW_008137.jpg,duplicate_phash
JW_008138,data/catalogue/JW_008138.jpg,duplicate_phash
JW_008139,data/catalogue/JW_008139.jpg,duplicate_phash
JW_008140,data/catalogue/JW_008140.jpg,duplicate_phash
JW_008141,data/catalogue/JW_008141.jpg,duplicate_phash
JW_008142,data/catalogue/JW_008142.jpg,duplicate_phash
JW_008143,data/catalogue/JW_008143.jpg,duplicate_phash
JW_008144,data/catalogue/JW_008144.jpg,duplicate_phash
JW_008146,data/catalogue/JW_008146.jpg,blank_image
JW_008147,data/catalogue/JW_008147.jpg,duplicate_phash
JW_008148,data/catalogue/JW_008148.jpg,duplicate_phash
JW_008149,data/catalogue/JW_008149.jpg,duplicate_phash
JW_008150,data/catalogue/JW_008150.jpg,duplicate_phash
JW_008151,data/catalogue/JW_008151.jpg,blank_image
JW_008152,data/catalogue/JW_008152.jpg,duplicate_phash
JW_008153,data/catalogue/JW_008153.jpg,blank_image
JW_008154,data/catalogue/JW_008154.jpg,duplicate_phash
JW_008155,data/catalogue/JW_008155.jpg,duplicate_phash
JW_008156,data/catalogue/JW_008156.jpg,duplicate_phash
JW_008157,data/catalogue/JW_008157.jpg,duplicate_phash
JW_008159,data/catalogue/JW_008159.jpg,blank_image
JW_008160,data/catalogue/JW_008160.jpg,duplicate_phash
JW_008161,data/catalogue/JW_008161.jpg,duplicate_phash
JW_008162,data/catalogue/JW_008162.jpg,duplicate_phash
JW_008163,data/catalogue/JW_008163.jpg,blank_image
JW_008164,data/catalogue/JW_008164.jpg,duplicate_phash
JW_008165,data/catalogue/JW_008165.jpg,blank_image
JW_008166,data/catalogue/JW_008166.jpg,duplicate_phash
JW_008167,data/catalogue/JW_008167.jpg,duplicate_phash
JW_008168,data/catalogue/JW_008168.jpg,duplicate_phash
JW_008169,data/catalogue/JW_008169.jpg,duplicate_phash
JW_008170,data/catalogue/JW_008170.jpg,duplicate_phash
JW_008172,data/catalogue/JW_008172.jpg,duplicate_phash
JW_008173,data/catalogue/JW_008173.jpg,duplicate_phash
JW_008174,data/catalogue/JW_008174.jpg,duplicate_phash
JW_008175,data/catalogue/JW_008175.jpg,duplicate_phash
JW_008176,data/catalogue/JW_008176.jpg,duplicate_phash
JW_008177,data/catalogue/JW_008177.jpg,blank_image
JW_008178,data/catalogue/JW_008178.jpg,duplicate_phash
JW_008179,data/catalogue/JW_008179.jpg,duplicate_phash
JW_008180,data/catalogue/JW_008180.jpg,duplicate_phash
JW_008181,data/catalogue/JW_008181.jpg,duplicate_phash
JW_008183,data/catalogue/JW_008183.jpg,duplicate_phash
JW_008184,data/catalogue/JW_008184.jpg,duplicate_phash
JW_008185,data/catalogue/JW_008185.jpg,duplicate_phash
JW_008186,data/catalogue/JW_008186.jpg,blank_image
JW_008187,data/catalogue/JW_008187.jpg,duplicate_phash
JW_008188,data/catalogue/JW_008188.jpg,blank_image
JW_008189,data/catalogue/JW_008189.jpg,blank_image
JW_008190,data/catalogue/JW_008190.jpg,duplicate_phash
JW_008191,data/catalogue/JW_008191.jpg,duplicate_phash
JW_008192,data/catalogue/JW_008192.jpg,duplicate_phash
JW_008193,data/catalogue/JW_008193.jpg,duplicate_phash
JW_008194,data/catalogue/JW_008194.jpg,duplicate_phash
JW_008195,data/catalogue/JW_008195.jpg,duplicate_phash
JW_008196,data/catalogue/JW_008196.jpg,duplicate_phash
JW_008197,data/catalogue/JW_008197.jpg,duplicate_phash
JW_008199,data/catalogue/JW_008199.jpg,duplicate_phash
JW_008201,data/catalogue/JW_008201.jpg,duplicate_phash
JW_008202,data/catalogue/JW_008202.jpg,duplicate_phash
JW_008203,data/catalogue/JW_008203.jpg,blank_image
JW_008205,data/catalogue/JW_008205.jpg,duplicate_phash
JW_008206,data/catalogue/JW_008206.jpg,duplicate_phash
JW_008207,data/catalogue/JW_008207.jpg,duplicate_phash
JW_008208,data/catalogue/JW_008208.jpg,duplicate_phash
JW_008209,data/catalogue/JW_008209.jpg,duplicate_phash
JW_008210,data/catalogue/JW_008210.jpg,duplicate_phash
JW_008212,data/catalogue/JW_008212.jpg,duplicate_phash
JW_008213,data/catalogue/JW_008213.jpg,blank_image
JW_008214,data/catalogue/JW_008214.jpg,duplicate_phash
JW_008215,data/catalogue/JW_008215.jpg,duplicate_phash
JW_008216,data/catalogue/JW_008216.jpg,blank_image
JW_008217,data/catalogue/JW_008217.jpg,duplicate_phash
JW_008218,data/catalogue/JW_008218.jpg,blank_image
JW_008219,data/catalogue/JW_008219.jpg,blank_image
JW_008220,data/catalogue/JW_008220.jpg,blank_image
JW_008221,data/catalogue/JW_008221.jpg,blank_image
JW_008222,data/catalogue/JW_008222.jpg,blank_image
JW_008223,data/catalogue/JW_008223.jpg,blank_image
JW_008224,data/catalogue/JW_008224.jpg,blank_image
JW_008225,data/catalogue/JW_008225.jpg,duplicate_phash
JW_008226,data/catalogue/JW_008226.jpg,blank_image
JW_008228,data/catalogue/JW_008228.jpg,blank_image
JW_008229,data/catalogue/JW_008229.jpg,duplicate_phash
JW_008230,data/catalogue/JW_008230.jpg,blank_image
JW_008231,data/catalogue/JW_008231.jpg,duplicate_phash
JW_008232,data/catalogue/JW_008232.jpg,duplicate_phash
JW_008233,data/catalogue/JW_008233.jpg,duplicate_phash
JW_008234,data/catalogue/JW_008234.jpg,blank_image
JW_008235,data/catalogue/JW_008235.jpg,duplicate_phash
JW_008236,data/catalogue/JW_008236.jpg,duplicate_phash
JW_008237,data/catalogue/JW_008237.jpg,duplicate_phash
JW_008239,data/catalogue/JW_008239.jpg,duplicate_phash
JW_008241,data/catalogue/JW_008241.jpg,duplicate_phash
JW_008243,data/catalogue/JW_008243.jpg,duplicate_phash
JW_008244,data/catalogue/JW_008244.jpg,duplicate_phash
JW_008245,data/catalogue/JW_008245.jpg,duplicate_phash
JW_008246,data/catalogue/JW_008246.jpg,duplicate_phash
JW_008247,data/catalogue/JW_008247.jpg,duplicate_phash
JW_008248,data/catalogue/JW_008248.jpg,blank_image
JW_008249,data/catalogue/JW_008249.jpg,blank_image
JW_008250,data/catalogue/JW_008250.jpg,duplicate_phash
JW_008251,data/catalogue/JW_008251.jpg,duplicate_phash
JW_008252,data/catalogue/JW_008252.jpg,duplicate_phash
JW_008254,data/catalogue/JW_008254.jpg,duplicate_phash
JW_008255,data/catalogue/JW_008255.jpg,duplicate_phash
JW_008256,data/catalogue/JW_008256.jpg,duplicate_phash
JW_008257,data/catalogue/JW_008257.jpg,duplicate_phash
JW_008258,data/catalogue/JW_008258.jpg,duplicate_phash
JW_008259,data/catalogue/JW_008259.jpg,blank_image
JW_008260,data/catalogue/JW_008260.jpg,duplicate_phash
JW_008263,data/catalogue/JW_008263.jpg,duplicate_phash
JW_008264,data/catalogue/JW_008264.jpg,blank_image
JW_008265,data/catalogue/JW_008265.jpg,blank_image
JW_008266,data/catalogue/JW_008266.jpg,blank_image
JW_008267,data/catalogue/JW_008267.jpg,blank_image
JW_008268,data/catalogue/JW_008268.jpg,blank_image
JW_008269,data/catalogue/JW_008269.jpg,duplicate_phash
JW_008270,data/catalogue/JW_008270.jpg,duplicate_phash
JW_008271,data/catalogue/JW_008271.jpg,duplicate_phash
JW_008272,data/catalogue/JW_008272.jpg,duplicate_phash
JW_008273,data/catalogue/JW_008273.jpg,duplicate_phash
JW_008274,data/catalogue/JW_008274.jpg,duplicate_phash
JW_008275,data/catalogue/JW_008275.jpg,duplicate_phash
JW_008278,data/catalogue/JW_008278.jpg,blank_image
JW_008279,data/catalogue/JW_008279.jpg,duplicate_phash
JW_008280,data/catalogue/JW_008280.jpg,duplicate_phash
JW_008281,data/catalogue/JW_008281.jpg,duplicate_phash
JW_008282,data/catalogue/JW_008282.jpg,duplicate_phash
JW_008283,data/catalogue/JW_008283.jpg,duplicate_phash
JW_008285,data/catalogue/JW_008285.jpg,duplicate_phash
JW_008286,data/catalogue/JW_008286.jpg,duplicate_phash
JW_008288,data/catalogue/JW_008288.jpg,duplicate_phash
JW_008290,data/catalogue/JW_008290.jpg,blank_image
JW_008291,data/catalogue/JW_008291.jpg,duplicate_phash
JW_008292,data/catalogue/JW_008292.jpg,duplicate_phash
JW_008293,data/catalogue/JW_008293.jpg,duplicate_phash
JW_008294,data/catalogue/JW_008294.jpg,blank_image
JW_008295,data/catalogue/JW_008295.jpg,blank_image
JW_008296,data/catalogue/JW_008296.jpg,blank_image
JW_008297,data/catalogue/JW_008297.jpg,blank_image
JW_008298,data/catalogue/JW_008298.jpg,blank_image
JW_008299,data/catalogue/JW_008299.jpg,blank_image
JW_008300,data/catalogue/JW_008300.jpg,blank_image
JW_008301,data/catalogue/JW_008301.jpg,blank_image
JW_008302,data/catalogue/JW_008302.jpg,duplicate_phash
JW_008303,data/catalogue/JW_008303.jpg,duplicate_phash
JW_008304,data/catalogue/JW_008304.jpg,duplicate_phash
JW_008305,data/catalogue/JW_008305.jpg,duplicate_phash
JW_008306,data/catalogue/JW_008306.jpg,duplicate_phash
JW_008307,data/catalogue/JW_008307.jpg,blank_image
JW_008308,data/catalogue/JW_008308.jpg,blank_image
JW_008309,data/catalogue/JW_008309.jpg,duplicate_phash
JW_008310,data/catalogue/JW_008310.jpg,duplicate_phash
JW_008311,data/catalogue/JW_008311.jpg,duplicate_phash
JW_008312,data/catalogue/JW_008312.jpg,duplicate_phash
JW_008313,data/catalogue/JW_008313.jpg,blank_image
JW_008314,data/catalogue/JW_008314.jpg,duplicate_phash
JW_008316,data/catalogue/JW_008316.jpg,blank_image
JW_008317,data/catalogue/JW_008317.jpg,duplicate_phash
JW_008318,data/catalogue/JW_008318.jpg,duplicate_phash
JW_008319,data/catalogue/JW_008319.jpg,duplicate_phash
JW_008320,data/catalogue/JW_008320.jpg,duplicate_phash
JW_008321,data/catalogue/JW_008321.jpg,duplicate_phash
JW_008322,data/catalogue/JW_008322.jpg,duplicate_phash
JW_008323,data/catalogue/JW_008323.jpg,duplicate_phash
JW_008324,data/catalogue/JW_008324.jpg,duplicate_phash
JW_008325,data/catalogue/JW_008325.jpg,duplicate_phash
JW_008328,data/catalogue/JW_008328.jpg,duplicate_phash
JW_008329,data/catalogue/JW_008329.jpg,duplicate_phash
JW_008330,data/catalogue/JW_008330.jpg,duplicate_phash
JW_008331,data/catalogue/JW_008331.jpg,duplicate_phash
JW_008332,data/catalogue/JW_008332.jpg,duplicate_phash
JW_008333,data/catalogue/JW_008333.jpg,duplicate_phash
JW_008334,data/catalogue/JW_008334.jpg,duplicate_phash
JW_008335,data/catalogue/JW_008335.jpg,duplicate_phash
JW_008336,data/catalogue/JW_008336.jpg,duplicate_phash
JW_008337,data/catalogue/JW_008337.jpg,duplicate_phash
JW_008339,data/catalogue/JW_008339.jpg,duplicate_phash
JW_008341,data/catalogue/JW_008341.jpg,duplicate_phash
JW_008342,data/catalogue/JW_008342.jpg,duplicate_phash
JW_008343,data/catalogue/JW_008343.jpg,duplicate_phash
JW_008345,data/catalogue/JW_008345.jpg,duplicate_phash
JW_008346,data/catalogue/JW_008346.jpg,duplicate_phash
JW_008347,data/catalogue/JW_008347.jpg,duplicate_phash
JW_008348,data/catalogue/JW_008348.jpg,duplicate_phash
JW_008349,data/catalogue/JW_008349.jpg,duplicate_phash
JW_008350,data/catalogue/JW_008350.jpg,duplicate_phash
JW_008351,data/catalogue/JW_008351.jpg,duplicate_phash
JW_008352,data/catalogue/JW_008352.jpg,duplicate_phash
JW_008353,data/catalogue/JW_008353.jpg,duplicate_phash
JW_008354,data/catalogue/JW_008354.jpg,duplicate_phash
JW_008355,data/catalogue/JW_008355.jpg,duplicate_phash
JW_008357,data/catalogue/JW_008357.jpg,duplicate_phash
JW_008358,data/catalogue/JW_008358.jpg,duplicate_phash
JW_008359,data/catalogue/JW_008359.jpg,duplicate_phash
JW_008361,data/catalogue/JW_008361.jpg,duplicate_phash
JW_008362,data/catalogue/JW_008362.jpg,duplicate_phash
JW_008363,data/catalogue/JW_008363.jpg,duplicate_phash
JW_008365,data/catalogue/JW_008365.jpg,duplicate_phash
JW_008366,data/catalogue/JW_008366.jpg,duplicate_phash
JW_008367,data/catalogue/JW_008367.jpg,duplicate_phash
JW_008368,data/catalogue/JW_008368.jpg,duplicate_phash
JW_008369,data/catalogue/JW_008369.jpg,duplicate_phash
JW_008370,data/catalogue/JW_008370.jpg,duplicate_phash
JW_008371,data/catalogue/JW_008371.jpg,duplicate_phash
JW_008372,data/catalogue/JW_008372.jpg,duplicate_phash
JW_008373,data/catalogue/JW_008373.jpg,duplicate_phash
JW_008374,data/catalogue/JW_008374.jpg,duplicate_phash
JW_008375,data/catalogue/JW_008375.jpg,duplicate_phash
JW_008376,data/catalogue/JW_008376.jpg,duplicate_phash
JW_008377,data/catalogue/JW_008377.jpg,duplicate_phash
JW_008378,data/catalogue/JW_008378.jpg,duplicate_phash
JW_008379,data/catalogue/JW_008379.jpg,duplicate_phash
JW_008380,data/catalogue/JW_008380.jpg,duplicate_phash
JW_008381,data/catalogue/JW_008381.jpg,duplicate_phash
JW_008382,data/catalogue/JW_008382.jpg,duplicate_phash
JW_008383,data/catalogue/JW_008383.jpg,duplicate_phash
JW_008385,data/catalogue/JW_008385.jpg,duplicate_phash
JW_008386,data/catalogue/JW_008386.jpg,duplicate_phash
JW_008388,data/catalogue/JW_008388.jpg,duplicate_phash
JW_008389,data/catalogue/JW_008389.jpg,duplicate_phash
JW_008390,data/catalogue/JW_008390.jpg,duplicate_phash
JW_008391,data/catalogue/JW_008391.jpg,duplicate_phash
JW_008392,data/catalogue/JW_008392.jpg,duplicate_phash
JW_008393,data/catalogue/JW_008393.jpg,duplicate_phash
JW_008394,data/catalogue/JW_008394.jpg,duplicate_phash
JW_008395,data/catalogue/JW_008395.jpg,duplicate_phash
JW_008396,data/catalogue/JW_008396.jpg,duplicate_phash
JW_008397,data/catalogue/JW_008397.jpg,duplicate_phash
JW_008398,data/catalogue/JW_008398.jpg,duplicate_phash
JW_008399,data/catalogue/JW_008399.jpg,duplicate_phash
JW_008401,data/catalogue/JW_008401.jpg,duplicate_phash
JW_008402,data/catalogue/JW_008402.jpg,duplicate_phash
JW_008403,data/catalogue/JW_008403.jpg,duplicate_phash
JW_008404,data/catalogue/JW_008404.jpg,duplicate_phash
JW_008405,data/catalogue/JW_008405.jpg,duplicate_phash
JW_008406,data/catalogue/JW_008406.jpg,duplicate_phash
JW_008407,data/catalogue/JW_008407.jpg,duplicate_phash
JW_008408,data/catalogue/JW_008408.jpg,duplicate_phash
JW_008409,data/catalogue/JW_008409.jpg,duplicate_phash
JW_008410,data/catalogue/JW_008410.jpg,duplicate_phash
JW_008411,data/catalogue/JW_008411.jpg,duplicate_phash
JW_008412,data/catalogue/JW_008412.jpg,duplicate_phash
JW_008415,data/catalogue/JW_008415.jpg,duplicate_phash
JW_008416,data/catalogue/JW_008416.jpg,duplicate_phash
JW_008417,data/catalogue/JW_008417.jpg,duplicate_phash
JW_008420,data/catalogue/JW_008420.jpg,duplicate_phash
JW_008421,data/catalogue/JW_008421.jpg,duplicate_phash
JW_008422,data/catalogue/JW_008422.jpg,duplicate_phash
JW_008423,data/catalogue/JW_008423.jpg,duplicate_phash
JW_008425,data/catalogue/JW_008425.jpg,duplicate_phash
JW_008428,data/catalogue/JW_008428.jpg,duplicate_phash
JW_008429,data/catalogue/JW_008429.jpg,duplicate_phash
JW_008430,data/catalogue/JW_008430.jpg,duplicate_phash
JW_008431,data/catalogue/JW_008431.jpg,duplicate_phash
JW_008432,data/catalogue/JW_008432.jpg,duplicate_phash
JW_008433,data/catalogue/JW_008433.jpg,duplicate_phash
JW_008434,data/catalogue/JW_008434.jpg,duplicate_phash
JW_008435,data/catalogue/JW_008435.jpg,duplicate_phash
JW_008436,data/catalogue/JW_008436.jpg,duplicate_phash
JW_008437,data/catalogue/JW_008437.jpg,duplicate_phash
JW_008438,data/catalogue/JW_008438.jpg,duplicate_phash
JW_008441,data/catalogue/JW_008441.jpg,duplicate_phash
JW_008443,data/catalogue/JW_008443.jpg,duplicate_phash
JW_008444,data/catalogue/JW_008444.jpg,duplicate_phash
JW_008445,data/catalogue/JW_008445.jpg,duplicate_phash
JW_008447,data/catalogue/JW_008447.jpg,duplicate_phash
JW_008448,data/catalogue/JW_008448.jpg,duplicate_phash
JW_008449,data/catalogue/JW_008449.jpg,duplicate_phash
JW_008450,data/catalogue/JW_008450.jpg,duplicate_phash
JW_008451,data/catalogue/JW_008451.jpg,duplicate_phash
JW_008452,data/catalogue/JW_008452.jpg,duplicate_phash
JW_008454,data/catalogue/JW_008454.jpg,duplicate_phash
JW_008455,data/catalogue/JW_008455.jpg,duplicate_phash
JW_008456,data/catalogue/JW_008456.jpg,duplicate_phash
JW_008457,data/catalogue/JW_008457.jpg,duplicate_phash
JW_008458,data/catalogue/JW_008458.jpg,duplicate_phash
JW_008459,data/catalogue/JW_008459.jpg,duplicate_phash
JW_008460,data/catalogue/JW_008460.jpg,duplicate_phash
JW_008461,data/catalogue/JW_008461.jpg,duplicate_phash
JW_008462,data/catalogue/JW_008462.jpg,duplicate_phash
JW_008463,data/catalogue/JW_008463.jpg,duplicate_phash
JW_008464,data/catalogue/JW_008464.jpg,duplicate_phash
JW_008465,data/catalogue/JW_008465.jpg,duplicate_phash
JW_008466,data/catalogue/JW_008466.jpg,duplicate_phash
JW_008467,data/catalogue/JW_008467.jpg,duplicate_phash
JW_008468,data/catalogue/JW_008468.jpg,duplicate_phash
JW_008469,data/catalogue/JW_008469.jpg,duplicate_phash
JW_008470,data/catalogue/JW_008470.jpg,duplicate_phash
JW_008471,data/catalogue/JW_008471.jpg,duplicate_phash
JW_008472,data/catalogue/JW_008472.jpg,duplicate_phash
JW_008473,data/catalogue/JW_008473.jpg,duplicate_phash
JW_008474,data/catalogue/JW_008474.jpg,duplicate_phash
JW_008475,data/catalogue/JW_008475.jpg,duplicate_phash
JW_008476,data/catalogue/JW_008476.jpg,duplicate_phash
JW_008477,data/catalogue/JW_008477.jpg,duplicate_phash
JW_008479,data/catalogue/JW_008479.jpg,duplicate_phash
JW_008481,data/catalogue/JW_008481.jpg,duplicate_phash
JW_008482,data/catalogue/JW_008482.jpg,duplicate_phash
JW_008483,data/catalogue/JW_008483.jpg,duplicate_phash
JW_008484,data/catalogue/JW_008484.jpg,duplicate_phash
JW_008485,data/catalogue/JW_008485.jpg,duplicate_phash
JW_008486,data/catalogue/JW_008486.jpg,duplicate_phash
JW_008487,data/catalogue/JW_008487.jpg,duplicate_phash
JW_008488,data/catalogue/JW_008488.jpg,duplicate_phash
JW_008489,data/catalogue/JW_008489.jpg,duplicate_phash
JW_008490,data/catalogue/JW_008490.jpg,duplicate_phash
JW_008491,data/catalogue/JW_008491.jpg,duplicate_phash
JW_008492,data/catalogue/JW_008492.jpg,duplicate_phash
JW_008493,data/catalogue/JW_008493.jpg,duplicate_phash
JW_008494,data/catalogue/JW_008494.jpg,duplicate_phash
JW_008495,data/catalogue/JW_008495.jpg,duplicate_phash
JW_008496,data/catalogue/JW_008496.jpg,duplicate_phash
JW_008497,data/catalogue/JW_008497.jpg,duplicate_phash
JW_008499,data/catalogue/JW_008499.jpg,duplicate_phash
JW_008500,data/catalogue/JW_008500.jpg,duplicate_phash
JW_008501,data/catalogue/JW_008501.jpg,duplicate_phash
JW_008502,data/catalogue/JW_008502.jpg,duplicate_phash
JW_008503,data/catalogue/JW_008503.jpg,duplicate_phash
JW_008504,data/catalogue/JW_008504.jpg,duplicate_phash
JW_008505,data/catalogue/JW_008505.jpg,duplicate_phash
JW_008506,data/catalogue/JW_008506.jpg,duplicate_phash
JW_008510,data/catalogue/JW_008510.jpg,duplicate_phash
JW_008513,data/catalogue/JW_008513.jpg,duplicate_phash
JW_008514,data/catalogue/JW_008514.jpg,duplicate_phash
JW_008515,data/catalogue/JW_008515.jpg,duplicate_phash
JW_008516,data/catalogue/JW_008516.jpg,duplicate_phash
JW_008517,data/catalogue/JW_008517.jpg,duplicate_phash
JW_008518,data/catalogue/JW_008518.jpg,duplicate_phash
JW_008519,data/catalogue/JW_008519.jpg,duplicate_phash
JW_008520,data/catalogue/JW_008520.jpg,duplicate_phash
JW_008521,data/catalogue/JW_008521.jpg,duplicate_phash
JW_008522,data/catalogue/JW_008522.jpg,duplicate_phash
JW_008523,data/catalogue/JW_008523.jpg,duplicate_phash
JW_008524,data/catalogue/JW_008524.jpg,duplicate_phash
JW_008525,data/catalogue/JW_008525.jpg,duplicate_phash
JW_008527,data/catalogue/JW_008527.jpg,duplicate_phash
JW_008529,data/catalogue/JW_008529.jpg,duplicate_phash
JW_008530,data/catalogue/JW_008530.jpg,duplicate_phash
JW_008531,data/catalogue/JW_008531.jpg,blank_image
JW_008532,data/catalogue/JW_008532.jpg,duplicate_phash
JW_008534,data/catalogue/JW_008534.jpg,duplicate_phash
JW_008535,data/catalogue/JW_008535.jpg,duplicate_phash
JW_008536,data/catalogue/JW_008536.jpg,duplicate_phash
JW_008537,data/catalogue/JW_008537.jpg,duplicate_phash
JW_008538,data/catalogue/JW_008538.jpg,blank_image
JW_008540,data/catalogue/JW_008540.jpg,duplicate_phash
JW_008541,data/catalogue/JW_008541.jpg,duplicate_phash
JW_008542,data/catalogue/JW_008542.jpg,duplicate_phash
JW_008543,data/catalogue/JW_008543.jpg,duplicate_phash
JW_008544,data/catalogue/JW_008544.jpg,duplicate_phash
JW_008545,data/catalogue/JW_008545.jpg,duplicate_phash
JW_008547,data/catalogue/JW_008547.jpg,duplicate_phash
JW_008548,data/catalogue/JW_008548.jpg,duplicate_phash
JW_008549,data/catalogue/JW_008549.jpg,duplicate_phash
JW_008551,data/catalogue/JW_008551.jpg,duplicate_phash
JW_008552,data/catalogue/JW_008552.jpg,duplicate_phash
JW_008553,data/catalogue/JW_008553.jpg,duplicate_phash
JW_008554,data/catalogue/JW_008554.jpg,duplicate_phash
JW_008556,data/catalogue/JW_008556.jpg,duplicate_phash
JW_008558,data/catalogue/JW_008558.jpg,duplicate_phash
JW_008559,data/catalogue/JW_008559.jpg,duplicate_phash
JW_008561,data/catalogue/JW_008561.jpg,duplicate_phash
JW_008562,data/catalogue/JW_008562.jpg,duplicate_phash
JW_008563,data/catalogue/JW_008563.jpg,duplicate_phash
JW_008564,data/catalogue/JW_008564.jpg,duplicate_phash
JW_008565,data/catalogue/JW_008565.jpg,duplicate_phash
